dataset_id,reporting_year,source_system,reporting_entity,number_of_facilities,number_of_states,facilities_in_ACT,facilities_in_NSW,facilities_in_NT,facilities_in_QLD,facilities_in_SA,facilities_in_TAS,facilities_in_VIC,facilities_in_WA,electricity_production_gj,electricity_production_mwh,scope1_emissions_tco2e,scope2_emissions_tco2e,total_emissions_tco2e,emission_intensity_tco2e_per_mwh,scope1_imputed,scope2_imputed,total_imputed,intensity_imputed
ID0075,2014,NGER,ACCIONA ENERGY OCEANIA PTY LTD,3,3,1,1,0,0,0,0,1,0,3242637.0,900733.0,96.0,1452.0,1548,0.0017186002955370792,False,False,False,False
ID0075,2014,NGER,AGL ENERGY LIMITED,37,6,0,10,0,2,8,2,14,1,153528941.0,42646928.0,38308564.0,358510.0,38667074,0.9066789992470267,False,False,False,False
ID0075,2014,NGER,ALCOA AUSTRALIAN HOLDINGS PTY LTD,3,2,0,0,0,0,0,0,1,2,11074720.0,3076311.0,2787510.0,6886.0,2794396,0.9083593953927285,False,False,False,False
ID0075,2014,NGER,ALINTA ENERGY FINANCE PTY LTD,5,4,0,0,0,1,1,0,1,2,20568281.0,5713411.0,4585560.0,9831.0,4595391,0.8043165457552415,False,False,False,False
ID0075,2014,NGER,APT PIPELINES LIMITED,1,1,0,0,0,0,0,0,0,1,913852.0,253848.0,91.0,343.0,434,0.0017096845356276197,False,False,False,False
ID0075,2014,NGER,ARROW ENERGY HOLDINGS PTY LTD,1,1,0,0,0,1,0,0,0,0,9370735.0,2602982.0,1530289.0,854.0,1531143,0.588226503295067,False,False,False,False
ID0075,2014,NGER,ATCO AUSTRALIA PTY. LTD.,3,3,0,0,0,1,1,0,0,1,1706994.0,474165.0,1005995.0,45521.0,1051516,2.2176162306370144,False,False,False,False
ID0075,2014,NGER,AUSTRALIAN CAPITAL EQUITY PTY LIMITED,4,1,0,0,0,0,0,0,0,4,209046.0,58068.0,2920.0,31.0,2951,0.050819728594062134,False,False,False,False
ID0075,2014,NGER,AXIA ENERGY AUSTRALIA PTY LTD,1,1,0,1,0,0,0,0,0,0,3486738.0,968538.0,460102.0,0.0,460102,0.4750479588823567,False,False,False,False
ID0075,2014,NGER,BG INTERNATIONAL (AUS) INVESTMENTS PTY LIMITED,1,1,0,0,0,1,0,0,0,0,2754361.0,765100.0,333565.0,526.0,334091,0.43666318128349235,False,False,False,False
ID0075,2014,NGER,BHP BILLITON IRON ORE PTY. LTD.,1,1,0,0,0,0,0,0,0,1,1652126.0,458924.0,307351.0,0.0,307351,0.6697209123950807,False,False,False,False
ID0075,2014,NGER,BLUEWATERS POWER 1 PTY LTD,1,1,0,0,0,0,0,0,0,1,6025829.0,1673841.0,1482015.0,2327.0,1484342,0.8867879326650501,False,False,False,False
ID0075,2014,NGER,BLUEWATERS POWER 2 PTY LTD,1,1,0,0,0,0,0,0,0,1,6078158.0,1688377.0,1377635.0,1775.0,1379410,0.817003548378117,False,False,False,False
ID0075,2014,NGER,BPIH PTY LIMITED,1,1,0,1,0,0,0,0,0,0,78204.0,21723.0,11861.0,22049.0,33910,1.5610182755604658,False,False,False,False
ID0075,2014,NGER,CANUNDA POWER PTY LTD,1,1,0,0,0,0,1,0,0,0,445274.0,123687.0,17.0,156.0,173,0.001398691859289982,False,False,False,False
ID0075,2014,NGER,CAPE BYRON MANAGEMENT PTY LTD,2,1,0,2,0,0,0,0,0,0,1019633.0,283231.0,9039.0,3110.0,12149,0.04289431594705382,False,False,False,False
ID0075,2014,NGER,CLARKE ENERGY (AUSTRALIA) PTY. LTD.,1,1,0,0,0,1,0,0,0,0,,,125058.0,0.0,125058,,False,False,False,False
ID0075,2014,NGER,CONTRACT POWER AUSTRALIA PTY LTD,2,1,0,0,0,0,0,0,0,2,694380.0,192883.0,120768.0,0.0,120768,0.6261204979184273,False,False,False,False
ID0075,2014,NGER,CS ENERGY LIMITED,5,1,0,0,0,5,0,0,0,0,53764246.0,14934513.0,13131335.0,152244.0,13283579,0.8894551164808655,False,False,False,False
ID0075,2014,NGER,CWF HOLDINGS PTY LTD,1,1,0,0,0,0,0,0,0,1,2566405.0,712890.0,227.0,611.0,838,0.001175496920983602,False,False,False,False
ID0075,2014,NGER,CWP RENEWABLES PTY LTD,2,1,0,2,0,0,0,0,0,0,1017166.0,282546.0,75.0,848.0,923,0.003266724710312657,False,False,False,False
ID0075,2014,NGER,DELTA ELECTRICITY,3,1,0,3,0,0,0,0,0,0,25279573.0,7022104.0,6061800.0,51624.0,6113424,0.8705971885349463,False,False,False,False
ID0075,2014,NGER,DIAMANTINA HOLDING COMPANY PTY LIMITED,1,1,0,0,0,1,0,0,0,0,5410680.0,1502967.0,613667.0,95.0,613762,0.4083669169050285,False,False,False,False
ID0075,2014,NGER,ECOGEN HOLDINGS PTY LTD,2,1,0,0,0,0,0,0,2,0,422687.0,117413.0,68281.0,31479.0,99760,0.8496503794298758,False,False,False,False
ID0075,2014,NGER,ELECTRICITY GENERATION AND RETAIL CORPORATION,17,1,0,0,0,0,0,0,0,17,33838865.0,9399685.0,7721769.0,5665.0,7727434,0.8220949957365593,False,False,False,False
ID0075,2014,NGER,ELECTRICITY NETWORKS CORPORATION,1,1,0,0,0,0,0,0,0,1,701.0,195.0,138.0,0.0,138,0.7076923076923077,False,False,False,False
ID0075,2014,NGER,ENERGEX LIMITED,2,1,0,0,0,2,0,0,0,0,10870.0,3019.0,2201.0,427.0,2628,0.8704869161974164,False,False,False,False
ID0075,2014,NGER,ENERGY DEVELOPMENTS LIMITED,52,7,2,10,2,7,5,0,6,20,9195095.0,2554193.0,1256809.0,1457.0,1258266,0.49262761271368294,False,False,False,False
ID0075,2014,NGER,ENERGY WORLD CORPORATION LTD,1,1,0,0,1,0,0,0,0,0,169861.0,47184.0,30511.0,14.0,30525,0.6469354018311292,False,False,False,False
ID0075,2014,NGER,ENERGYAUSTRALIA HOLDINGS LIMITED,6,3,0,2,0,0,3,0,1,0,72391229.0,20108675.0,20533957.0,342392.0,20876349,1.038176259748591,False,False,False,False
ID0075,2014,NGER,ERM POWER LIMITED,2,2,0,0,0,1,0,0,0,1,2246230.0,623953.0,387164.0,4989.0,392153,0.6284976592788238,False,False,False,False
ID0075,2014,NGER,ESPERANCE POWER STATION PTY LTD,1,1,0,0,0,0,0,0,0,1,271834.0,75509.0,58134.0,0.0,58134,0.7698949794064284,False,False,False,False
ID0075,2014,NGER,ESSENTIAL ENERGY,1,1,0,1,0,0,0,0,0,0,1795.0,499.0,692.0,183.0,875,1.7535070140280562,False,False,False,False
ID0075,2014,NGER,FPC 30 LIMITED,1,1,0,0,0,1,0,0,0,0,355463.0,98740.0,3769.0,1645.0,5414,0.0548308689487543,False,False,False,False
ID0075,2014,NGER,GOLDFIELDS POWER PTY LTD,1,1,0,0,0,0,0,0,0,1,814460.0,226239.0,134782.0,0.0,134782,0.5957505116270846,False,False,False,False
ID0075,2014,NGER,GSP ENERGY PTY LTD,5,1,0,5,0,0,0,0,0,0,1171213.0,325337.0,0.0,485.0,485,0.0014907618869049633,False,False,False,False
ID0075,2014,NGER,HRL LIMITED,1,1,0,0,0,0,0,0,1,0,150097.0,41694.0,100703.0,18935.0,119638,2.8694296541468796,False,False,False,False
ID0075,2014,NGER,HYDRO POWER PTY. LIMITED,1,1,0,1,0,0,0,0,0,0,138482.0,38467.0,0.0,0.0,0,0.0,False,False,False,False
ID0075,2014,NGER,HYDRO-ELECTRIC CORPORATION,32,1,0,0,0,0,0,32,0,0,29981896.0,8328304.0,16770.0,9599.0,26369,0.00316619085950753,False,False,False,False
ID0075,2014,NGER,IFM RENEWABLE ENERGY PTY LTD,10,4,0,1,0,0,1,0,7,1,3930674.0,1091854.0,289.0,0.0,289,0.00026468740326087553,False,False,False,False
ID0075,2014,NGER,INFIGEN ENERGY LIMITED,5,3,0,3,0,0,1,0,0,1,5315557.0,1476544.0,273.0,2577.0,2850,0.0019301829136144943,False,False,False,False
ID0075,2014,NGER,IPM (KWINANA) PTY LTD,1,1,0,0,0,0,0,0,0,1,3212159.0,892266.0,462837.0,96.0,462933,0.5188284659507366,False,False,False,False
ID0075,2014,NGER,IPM AUSTRALIA LIMITED,1,1,0,0,0,0,0,0,1,0,31039276.0,8622021.0,9755875.0,1932.0,9757807,1.1317308320172266,False,False,False,False
ID0075,2014,NGER,LMS ENERGY PTY LTD,23,6,0,6,1,6,0,1,7,2,1386942.0,385262.0,21062.0,0.0,21062,0.05466928998966937,False,False,False,False
ID0075,2014,NGER,MACQUARIE GENERATION,3,1,0,3,0,0,0,0,0,0,15433351.0,4287042.0,3712222.0,4617.0,3716839,0.866993838642122,False,False,False,False
ID0075,2014,NGER,MERIDIAN ENERGY AUSTRALIA PTY LIMITED,2,2,0,0,0,0,1,0,1,0,1931882.0,536634.0,107.0,647.0,754,0.0014050544691540231,False,False,False,False
ID0075,2014,NGER,MITSUI & CO (AUSTRALIA) LTD,1,1,0,0,0,0,0,0,1,0,237597.0,65999.0,45.0,431.0,476,0.0072122304883407325,False,False,False,False
ID0075,2014,NGER,MOMENTUM ENERGY PTY LIMITED,5,1,0,0,0,0,0,0,5,0,337288.0,93691.0,76621.0,3167.0,79788,0.851607945266888,False,False,False,False
ID0075,2014,NGER,MORTONS LANE WIND FARM (HOLDING) PTY LTD,1,1,0,0,0,0,0,0,1,0,224297.0,62305.0,0.0,0.0,0,0.0,False,False,False,False
ID0075,2014,NGER,NATIONAL POWER AUSTRALIA INVESTMENTS LIMITED,1,1,0,0,0,0,0,0,1,0,39489921.0,10969423.0,15354936.0,192118.0,15547054,1.4173082759229907,False,False,False,False
ID0075,2014,NGER,NEW GULLEN RANGE WIND FARM  (HOLDING) PTY LTD,1,1,0,1,0,0,0,0,0,0,1295661.0,359906.0,0.0,397.0,397,0.0011030658005145787,False,False,False,False
ID0075,2014,NGER,NEWGEN KWINANA HOLDINGS PTY LTD,1,1,0,0,0,0,0,0,0,1,7750392.0,2152887.0,851682.0,3081.0,854763,0.39703105643723985,False,False,False,False
ID0075,2014,NGER,NRG VICTORIA I PTY LTD,1,1,0,0,0,1,0,0,0,0,23336871.0,6482464.0,6301561.0,55547.0,6357108,0.9806622913756251,False,False,False,False
ID0075,2014,NGER,ORIGIN ENERGY LIMITED,25,4,0,13,0,3,2,0,7,0,75877314.0,21077032.0,15325508.0,109336.0,15434844,0.7323063323147206,False,False,False,False
ID0075,2014,NGER,OZGEN HOLDINGS AUSTRALIA PTY LTD,2,1,0,0,0,2,0,0,0,0,43854077.0,12181688.0,10345521.0,25081.0,10370602,0.8513271723918722,False,False,False,False
ID0075,2014,NGER,PELICAN POINT POWER LIMITED,1,1,0,0,0,0,1,0,0,0,3708417.0,1030116.0,411975.0,6659.0,418634,0.40639500794085326,False,False,False,False
ID0075,2014,NGER,POWER AND WATER CORPORATION,4,1,0,0,4,0,0,0,0,0,439207.0,122002.0,86207.0,0.0,86207,0.7066031704398289,False,False,False,False
ID0075,2014,NGER,POWER GENERATION CORPORATION,8,1,0,0,8,0,0,0,0,0,5977128.0,1660313.0,1034560.0,0.0,1034560,0.6231114253758177,False,False,False,False
ID0075,2014,NGER,PRATT CONSOLIDATED HOLDINGS PTY. LTD.,1,1,0,0,0,0,0,0,1,0,57190.0,15886.0,20066.0,11653.0,31719,1.996663729069621,False,False,False,False
ID0075,2014,NGER,RATCH - AUSTRALIA CORPORATION LIMITED,5,4,0,0,0,2,1,0,1,1,1218494.0,338471.0,94788.0,5635.0,100423,0.29669602417932406,False,False,False,False
ID0075,2014,NGER,REGIONAL POWER CORPORATION,3,1,0,0,0,0,0,0,0,3,423971.0,117770.0,77638.0,0.0,77638,0.6592341003651184,False,False,False,False
ID0075,2014,NGER,RIO TINTO LIMITED,3,1,0,0,0,0,0,0,0,3,5571967.0,1547769.0,854271.0,0.0,854271,0.5519370138567189,False,False,False,False
ID0075,2014,NGER,ROYALLA HOLDINGS ASSET PTY LTD,1,1,1,0,0,0,0,0,0,0,49475.0,13743.0,0.0,85.0,85,0.006184966892236047,False,False,False,False
ID0075,2014,NGER,SANTOS LTD,1,1,0,1,0,0,0,0,0,0,194465.0,54018.0,30404.0,175.0,30579,0.5660890814173053,False,False,False,False
ID0075,2014,NGER,SENVION HOLDINGS PTY LTD,1,1,0,0,0,0,0,0,1,0,102127.0,28369.0,5.0,0.0,5,0.00017624872219676409,False,False,False,False
ID0075,2014,NGER,SHENHUA CLEAN ENERGY HOLDINGS PTY LTD,3,1,0,0,0,0,0,3,0,0,3781417.0,1050394.0,310.0,13123.0,13433,0.012788534587973655,False,False,False,False
ID0075,2014,NGER,SNOWTOWN SOUTH WIND FARM PTY. LTD.,1,1,0,0,0,0,1,0,0,0,1538563.0,427379.0,47.0,148.0,195,0.00045626949382164306,False,False,False,False
ID0075,2014,NGER,SNOWTOWN WIND FARM PTY LTD,1,1,0,0,0,0,1,0,0,0,1229676.0,341577.0,0.0,202.0,202,0.0005913747119975877,False,False,False,False
ID0075,2014,NGER,SNOWTOWN WIND FARM STAGE 2 PTY. LTD.,1,1,0,0,0,0,1,0,0,0,1493388.0,414830.0,54.0,203.0,257,0.0006195308921726972,False,False,False,False
ID0075,2014,NGER,SNOWY HYDRO LIMITED,7,3,0,3,0,0,2,0,2,0,9372842.0,2603567.0,15253.0,124248.0,139501,0.05358072214004864,False,False,False,False
ID0075,2014,NGER,STANWELL CORPORATION LIMITED,7,1,0,0,0,7,0,0,0,0,66925915.0,18590532.0,14736983.0,49387.0,14786370,0.7953709985276376,False,False,False,False
ID0075,2014,NGER,SYNERGEN POWER PTY LIMITED,4,1,0,0,0,0,4,0,0,0,46008.0,12780.0,12961.0,1633.0,14594,1.1419405320813771,False,False,False,False
ID0075,2014,NGER,TRANSALTA ENERGY (AUSTRALIA) PTY LTD,5,1,0,0,0,0,0,0,0,5,4215446.0,1170957.0,769823.0,0.0,769823,0.657430631526179,False,False,False,False
ID0075,2014,NGER,WATER CORPORATION,1,1,0,0,0,0,0,0,0,1,20311.0,5642.0,3886.0,0.0,3886,0.6887628500531726,False,False,False,False
ID0075,2014,NGER,WORLEYPARSONS LIMITED,1,1,0,0,0,0,0,0,0,1,81850.0,22736.0,15883.0,0.0,15883,0.6985837438423645,False,False,False,False
ID0076,2015,NGER,ACCIONA ENERGY OCEANIA PTY. LTD.,2,2,0,1,0,0,0,0,1,0,2947373.0,818715.0,115.0,1233.0,1348,0.0016464825977293685,False,False,False,False
ID0076,2015,NGER,AGL ENERGY LIMITED,38,6,0,12,0,1,8,2,14,1,174602226.0,48500618.0,43212374.0,362932.0,43575306,0.8984484692545567,False,False,False,False
ID0076,2015,NGER,ALCOA AUSTRALIAN HOLDINGS PTY LTD,3,2,0,0,0,0,0,0,1,2,8816384.0,2448996.0,1728706.0,23642.0,1752348,0.7155373059000505,False,False,False,False
ID0076,2015,NGER,ALINTA ENERGY FINANCE PTY LTD,5,4,0,0,0,1,1,0,1,2,16844324.0,4678979.0,3957317.0,11384.0,3968701,0.8481980791108488,False,False,False,False
ID0076,2015,NGER,APT PIPELINES LIMITED,1,1,0,0,0,0,0,0,0,1,815306.0,226474.0,90.0,454.0,544,0.002402041735475154,False,False,False,False
ID0076,2015,NGER,ARROW ENERGY HOLDINGS PTY LTD,1,1,0,0,0,1,0,0,0,0,4180327.0,1161202.0,695330.0,2911.0,698241,0.6013088162094106,False,False,False,False
ID0076,2015,NGER,ATCO AUSTRALIA PTY LTD,2,2,0,0,0,0,1,0,0,1,5889940.0,1636094.0,731823.0,784.0,732607,0.4477780616517144,False,False,False,False
ID0076,2015,NGER,AXIA ENERGY AUSTRALIA PTY LTD,1,1,0,1,0,0,0,0,0,0,3495583.0,970995.0,458892.0,0.0,458892,0.4725997559204733,False,False,False,False
ID0076,2015,NGER,BG INTERNATIONAL (AUS) INVESTMENTS PTY LIMITED,1,1,0,0,0,1,0,0,0,0,2604882.0,723578.0,312379.0,1658.0,314037,0.4340057326231588,False,False,False,False
ID0076,2015,NGER,BHP BILLITON IRON ORE PTY. LTD.,1,1,0,0,0,0,0,0,0,1,2440531.0,677925.0,337537.0,0.0,337537,0.4978972600213888,False,False,False,False
ID0076,2015,NGER,BLUEWATERS POWER 1 PTY LTD,1,1,0,0,0,0,0,0,0,1,5660342.0,1572317.0,1391851.0,3653.0,1395504,0.8875462136452128,False,False,False,False
ID0076,2015,NGER,BLUEWATERS POWER 2 PTY LTD,1,1,0,0,0,0,0,0,0,1,5908732.0,1641314.0,1413709.0,1559.0,1415268,0.8622774191897468,False,False,False,False
ID0076,2015,NGER,BP AUSTRALIA INVESTMENTS PTY LTD,1,1,0,0,0,1,0,0,0,0,9285.0,2579.0,7127.0,462.0,7589,2.9426134160527337,False,False,False,False
ID0076,2015,NGER,BPIH PTY LIMITED,1,1,0,1,0,0,0,0,0,0,84813.0,23559.0,13306.0,2029.0,15335,0.6509189693959846,False,False,False,False
ID0076,2015,NGER,C S ENERGY LIMITED,4,1,0,0,0,4,0,0,0,0,53627672.0,14896576.0,13177924.0,187472.0,13365396,0.8972126212090618,False,False,False,False
ID0076,2015,NGER,CANUNDA POWER PTY LTD,1,1,0,0,0,0,1,0,0,0,426416.0,118449.0,15.0,117.0,132,0.00111440366740116,False,False,False,False
ID0076,2015,NGER,CAPE BYRON MANAGEMENT PTY LTD,2,1,0,2,0,0,0,0,0,0,1261881.0,350522.0,11748.0,2561.0,14309,0.0408219740843656,False,False,False,False
ID0076,2015,NGER,CBWF HOLDINGS PTY LIMITED,1,1,0,0,0,0,0,0,1,0,73901.0,20528.0,0.0,40.0,40,0.0019485580670303975,False,False,False,False
ID0076,2015,NGER,CLARKE ENERGY (AUSTRALIA) PTY LTD,1,1,0,0,0,1,0,0,0,0,933429.0,259286.0,132099.0,0.0,132099,0.5094721658708916,False,False,False,False
ID0076,2015,NGER,CONTRACT POWER AUSTRALIA PTY LTD,8,1,0,0,0,0,0,0,0,8,743862.0,206628.0,140021.0,0.0,140021,0.6776477534506457,False,False,False,False
ID0076,2015,NGER,CWF HOLDINGS PTY LTD,1,1,0,0,0,0,0,0,0,1,2414544.0,670707.0,238.0,752.0,990,0.0014760543724756116,False,False,False,False
ID0076,2015,NGER,CWP RENEWABLES PTY LTD,2,1,0,2,0,0,0,0,0,0,2214430.0,615119.0,153.0,1205.0,1358,0.0022077028997641106,False,False,False,False
ID0076,2015,NGER,DELTA ELECTRICITY,2,1,0,2,0,0,0,0,0,0,13662283.0,3795079.0,3087626.0,43062.0,3130688,0.8249335521078744,False,False,False,False
ID0076,2015,NGER,DIAMANTINA HOLDING COMPANY PTY LIMITED,1,1,0,0,0,1,0,0,0,0,6180779.0,1716883.0,681541.0,68.0,681609,0.39700375622567174,False,False,False,False
ID0076,2015,NGER,DIF INFRA 4 HOLDINGS AUSTRALIA PTY LTD,1,1,1,0,0,0,0,0,0,0,138848.0,38569.0,0.0,190.0,190,0.004926236096346807,False,False,False,False
ID0076,2015,NGER,ECOGEN HOLDINGS PTY LTD,2,1,0,0,0,0,0,0,2,0,1444331.0,401203.0,238009.0,28467.0,266476,0.6641924412329918,False,False,False,False
ID0076,2015,NGER,ELECTRICITY GENERATION AND RETAIL CORPORATION,15,1,0,0,0,0,0,0,0,15,34252829.0,9514675.0,7921134.0,10584.0,7931718,0.8336299453213063,False,False,False,False
ID0076,2015,NGER,ELECTRICITY NETWORKS CORPORATION,1,1,0,0,0,0,0,0,0,1,387.0,108.0,76.0,0.0,76,0.7037037037037037,False,False,False,False
ID0076,2015,NGER,ENERGEX LTD,2,1,0,0,0,2,0,0,0,0,7898.0,2194.0,1566.0,422.0,1988,0.9061075660893345,False,False,False,False
ID0076,2015,NGER,DUET COMPANY LIMITED,50,7,2,10,2,7,6,0,6,17,9201809.0,2556058.0,1254244.0,1261.0,1255505,0.49118799338669156,False,False,False,False
ID0076,2015,NGER,ENERGY WORLD CORPORATION LTD,1,1,0,0,1,0,0,0,0,0,109710.0,30475.0,20492.0,15.0,20507,0.6729122231337161,False,False,False,False
ID0076,2015,NGER,ENERGYAUSTRALIA HOLDINGS LIMITED,6,3,0,2,0,0,3,0,1,0,76408451.0,21224570.0,22353575.0,209739.0,22563314,1.0630752001100612,False,False,False,False
ID0076,2015,NGER,ERM POWER LIMITED,2,2,0,0,0,1,0,0,0,1,2279069.0,633075.0,400759.0,5030.0,405789,0.6409809264305177,False,False,False,False
ID0076,2015,NGER,ESPERANCE POWER STATION PTY LTD,1,1,0,0,0,0,0,0,0,1,276530.0,76814.0,58694.0,0.0,58694,0.7641055016012706,False,False,False,False
ID0076,2015,NGER,ESSENTIAL ENERGY,1,1,0,1,0,0,0,0,0,0,3290.0,914.0,1239.0,406.0,1645,1.799781181619256,False,False,False,False
ID0076,2015,NGER,FENGATE EXMOUTH ENERGY SPV PTY LTD,1,1,0,0,0,0,0,0,0,1,85721.0,23811.0,17304.0,0.0,17304,0.726722943177523,False,False,False,False
ID0076,2015,NGER,FPC 30 LIMITED,1,1,0,0,0,1,0,0,0,0,284724.0,79090.0,3854.0,1960.0,5814,0.07351118978379062,False,False,False,False
ID0076,2015,NGER,GOLDFIELDS POWER PTY LTD,1,1,0,0,0,0,0,0,0,1,879767.0,244380.0,130402.0,0.0,130402,0.5336034045339226,False,False,False,False
ID0076,2015,NGER,GSP ENERGY PTY LTD,5,1,0,5,0,0,0,0,0,0,1056865.0,293574.0,0.0,305.0,305,0.001038920340357116,False,False,False,False
ID0076,2015,NGER,HYDRO POWER PTY LIMITED,1,1,0,1,0,0,0,0,0,0,144408.0,40113.0,0.0,0.0,0,0.0,False,False,False,False
ID0076,2015,NGER,HYDRO-ELECTRIC CORPORATION,36,1,0,0,0,0,0,36,0,0,32487196.0,9024221.0,405715.0,4929.0,410644,0.04550464799122273,False,False,False,False
ID0076,2015,NGER,IFM RENEWABLE ENERGY PTY LTD,10,4,0,1,0,0,1,0,7,1,4105736.0,1140482.0,98.0,658.0,756,0.0006628776254250396,False,False,False,False
ID0076,2015,NGER,INFIGEN ENERGY LIMITED,5,3,0,3,0,0,1,0,0,1,5377285.0,1493690.0,231.0,2682.0,2913,0.0019502038575608057,False,False,False,False
ID0076,2015,NGER,IPM (KWINANA) PTY LTD,1,1,0,0,0,0,0,0,0,1,3161087.0,878080.0,472509.0,38.0,472547,0.5381593932215744,False,False,False,False
ID0076,2015,NGER,IPM AUSTRALIA LIMITED,1,1,0,0,0,0,0,0,1,0,30425411.0,8451503.0,9647046.0,3059.0,9650105,1.141821164827132,False,False,False,False
ID0076,2015,NGER,LMS ENERGY PTY LTD,23,6,0,6,1,6,0,1,7,2,1414705.0,392974.0,21297.0,0.0,21297,0.05419442507646816,False,False,False,False
ID0076,2015,NGER,MERIDIAN ENERGY AUSTRALIA PTY LTD,2,2,0,0,0,0,1,0,1,0,1930173.0,536159.0,120.0,1.0,121,0.00022567932273821759,False,False,False,False
ID0076,2015,NGER,MITSUI & CO. (AUSTRALIA) LTD.,1,1,0,0,0,0,0,0,1,0,1165374.0,323715.0,45.0,844.0,889,0.002746242837063466,False,False,False,False
ID0076,2015,NGER,MOMENTUM ENERGY PTY LIMITED,5,1,0,0,0,0,0,0,5,0,309722.0,86034.0,77897.0,2121.0,80018,0.9300741567287352,False,False,False,False
ID0076,2015,NGER,MORTONS LANE WIND FARM (HOLDING) PTY LTD,1,1,0,0,0,0,0,0,1,0,220200.0,61167.0,0.0,41.0,41,0.000670296074680792,False,False,False,False
ID0076,2015,NGER,MUMBIDA WIND FARM HOLDINGS PTY LTD,1,1,0,0,0,0,0,0,0,1,547031.0,151953.0,2.0,328.0,330,0.00217172415154686,False,False,False,False
ID0076,2015,NGER,NATIONAL POWER AUSTRALIA INVESTMENTS LIMITED,1,1,0,0,0,0,0,0,1,0,37172802.0,10325778.0,14442736.0,186505.0,14629241,1.4167688865671912,False,False,False,False
ID0076,2015,NGER,NEW GULLEN RANGE WIND FARM  (HOLDING) PTY LTD,1,1,0,1,0,0,0,0,0,0,1679312.0,466476.0,0.0,437.0,437,0.0009368113257702433,False,False,False,False
ID0076,2015,NGER,NEWGEN KWINANA HOLDINGS PTY LTD,1,1,0,0,0,0,0,0,0,1,6955328.0,1932036.0,766556.0,4059.0,770615,0.3988616154150337,False,False,False,False
ID0076,2015,NGER,NRG VICTORIA 1 PTY LTD,1,1,0,0,0,1,0,0,0,0,24841222.0,6900339.0,6583245.0,52076.0,6635321,0.961593481131869,False,False,False,False
ID0076,2015,NGER,ONSLOW ELECTRIC POWER PTY LTD,1,1,0,0,0,0,0,0,0,1,53587.0,14885.0,9371.0,0.0,9371,0.629559959690964,False,False,False,False
ID0076,2015,NGER,ORIGIN ENERGY LIMITED,25,4,0,13,0,3,2,0,7,0,73319305.0,20366474.0,15544903.0,229003.0,15773906,0.7745035296733249,False,False,False,False
ID0076,2015,NGER,OZGEN HOLDINGS AUSTRALIA PTY LTD,1,1,0,0,0,1,0,0,0,0,23953296.0,6653693.0,5461349.0,3927.0,5465276,0.8213898657482394,False,False,False,False
ID0076,2015,NGER,PELICAN POINT POWER LIMITED,1,1,0,0,0,0,1,0,0,0,1095846.0,304402.0,123223.0,2713.0,125936,0.4137160728247515,False,False,False,False
ID0076,2015,NGER,PERTH ENERGY PTY LTD,1,1,0,0,0,0,0,0,0,1,49953.0,13876.0,8444.0,687.0,9131,0.6580426635918132,False,False,False,False
ID0076,2015,NGER,POWER AND WATER CORPORATION,56,1,0,0,56,0,0,0,0,0,470679.0,130744.0,87503.0,0.0,847503,6.482155968916356,False,False,False,False
ID0076,2015,NGER,POWER GENERATION CORPORATION,8,1,0,0,8,0,0,0,0,0,6285285.0,1745912.0,980391.0,0.0,980391,0.5615351747396203,False,False,False,False
ID0076,2015,NGER,PRATT CONSOLIDATED HOLDINGS PTY. LTD.,1,1,0,0,0,0,0,0,1,0,55901.0,15528.0,22729.0,11949.0,34678,2.2332560535806287,False,False,False,False
ID0076,2015,NGER,RATCH - AUSTRALIA CORPORATION LIMITED,5,4,0,0,0,2,1,0,1,1,1671783.0,464384.0,153060.0,5286.0,158346,0.3409807400771775,False,False,False,False
ID0076,2015,NGER,REGIONAL POWER CORPORATION,3,1,0,0,0,0,0,0,0,3,495957.0,137766.0,93950.0,0.0,93950,0.6819534573116734,False,False,False,False
ID0076,2015,NGER,RIO TINTO LIMITED,3,1,0,0,0,0,0,0,0,3,6112060.0,1697794.0,930527.0,0.0,930527,0.5480800379786948,False,False,False,False
ID0076,2015,NGER,SANTOS LIMITED,1,1,0,1,0,0,0,0,0,0,319619.0,88783.0,47689.0,73.0,47762,0.5379633488393049,False,False,False,False
ID0076,2015,NGER,SHENHUA CLEAN ENERGY HOLDINGS PTY LIMITED,3,1,0,0,0,0,0,3,0,0,3780169.0,1050047.0,328.0,5117.0,5445,0.005185482173655084,False,False,False,False
ID0076,2015,NGER,SNOWTOWN SOUTH WIND FARM PTY. LTD.,1,1,0,0,0,0,1,0,0,0,1595739.0,443261.0,104.0,505.0,609,0.0013739083745242645,False,False,False,False
ID0076,2015,NGER,SNOWTOWN WIND FARM PTY LTD,1,1,0,0,0,0,1,0,0,0,1254374.0,348437.0,0.0,238.0,238,0.0006830503075161363,False,False,False,False
ID0076,2015,NGER,SNOWTOWN WIND FARM STAGE 2 PTY. LTD.,1,1,0,0,0,0,1,0,0,0,1608296.0,446749.0,119.0,600.0,719,0.0016094048335866448,False,False,False,False
ID0076,2015,NGER,SNOWY HYDRO LIMITED,6,3,0,2,0,0,2,0,2,0,16949257.0,4708127.0,56987.0,83168.0,140155,0.02976873818399546,False,False,False,False
ID0076,2015,NGER,SOLAR FARM INVESTMENTS PTY LTD,1,1,0,1,0,0,0,0,0,0,122650.0,34069.0,363.0,301.0,664,0.019489858815932373,False,False,False,False
ID0076,2015,NGER,STANWELL CORPORATION LIMITED,6,1,0,0,0,6,0,0,0,0,72312368.0,20086769.0,16848424.0,45827.0,16894251,0.8410636374620527,False,False,False,False
ID0076,2015,NGER,SUNSET POWER INTERNATIONAL PTY LTD,1,1,0,1,0,0,0,0,0,0,14153978.0,3931661.0,3402450.0,36823.0,3439273,0.8747633633723763,False,False,False,False
ID0076,2015,NGER,SYNERGEN POWER PTY LIMITED,4,1,0,0,0,0,4,0,0,0,74619.0,20727.0,20359.0,1418.0,21777,1.050658561296859,False,False,False,False
ID0076,2015,NGER,TASMANIAN IRRIGATION PTY LTD,1,1,0,0,0,0,0,1,0,0,125687.0,34913.0,0.0,0.0,0,0.0,False,False,False,False
ID0076,2015,NGER,TRANSALTA ENERGY (AUSTRALIA) PTY LTD,5,1,0,0,0,0,0,0,0,5,4852074.0,1347798.0,817731.0,0.0,817731,0.6067162883458798,False,False,False,False
ID0076,2015,NGER,WATER CORPORATION,2,1,0,0,0,0,0,0,0,2,14014.0,3893.0,2858.0,0.0,2858,0.7341381967634215,False,False,False,False
ID0077,2016,NGER,ACCIONA ENERGY OCEANIA PTY. LTD.,2,2,0,1,0,0,0,0,1,0,2767186.0,768663.0,175.0,1363.0,1538,0.002000876847200919,False,False,False,False
ID0077,2016,NGER,AGL ENERGY LIMITED,39,6,0,13,0,1,8,2,14,1,172793725.0,47998257.0,43400011.0,338440.0,43738451,0.9112508189620302,False,False,False,False
ID0077,2016,NGER,ALCOA AUSTRALIAN HOLDINGS PTY LTD,2,1,0,0,0,0,0,0,0,2,8680864.0,2411351.0,1600141.0,4727.0,1604868,0.6655472388714874,False,False,False,False
ID0077,2016,NGER,APT PIPELINES LIMITED,3,2,0,0,0,2,0,0,0,1,7766562.0,2157378.0,790568.0,343.0,790911,0.36660752079607745,False,False,False,False
ID0077,2016,NGER,ARROW ENERGY HOLDINGS PTY LTD,1,1,0,0,0,1,0,0,0,0,1657736.0,460482.0,274255.0,3987.0,278242,0.60424077379789,False,False,False,False
ID0077,2016,NGER,ATCO AUSTRALIA PTY LTD,2,2,0,0,0,0,1,0,0,1,4724654.0,1312404.0,584987.0,1266.0,586253,0.4467016254141255,False,False,False,False
ID0077,2016,NGER,AWF AUS HOLD OP CO PTY LTD,1,1,0,0,0,0,0,0,1,0,923558.0,256544.0,0.0,1098.0,1098,0.004279967568916053,True,False,False,False
ID0077,2016,NGER,AXIA ENERGY AUSTRALIA PTY LTD,1,1,0,1,0,0,0,0,0,0,3525820.0,979394.0,462385.0,19.0,462404,0.47213276781356633,False,False,False,False
ID0077,2016,NGER,BHP BILLITON IRON ORE PTY. LTD.,1,1,0,0,0,0,0,0,0,1,2546182.0,707273.0,302918.0,0.0,302918,0.42829006621205673,False,True,False,False
ID0077,2016,NGER,BLUEWATERS POWER 1 PTY LTD,1,1,0,0,0,0,0,0,0,1,6584417.0,1829005.0,1632484.0,1297.0,1633781,0.8932621835369504,False,False,False,False
ID0077,2016,NGER,BLUEWATERS POWER 2 PTY LTD,1,1,0,0,0,0,0,0,0,1,3001090.0,833636.0,722562.0,5659.0,728221,0.873547927392771,False,False,False,False
ID0077,2016,NGER,BPIH PTY LIMITED,2,1,0,2,0,0,0,0,0,0,102440.0,28456.0,17833.0,1448.0,19281,0.6775723924655609,False,False,False,False
ID0077,2016,NGER,C S ENERGY LIMITED,4,1,0,0,0,4,0,0,0,0,58363810.0,16212169.0,14140429.0,148375.0,14288804,0.8813628824125878,False,False,False,False
ID0077,2016,NGER,CANUNDA POWER PTY LTD,1,1,0,0,0,0,1,0,0,0,424757.0,117988.0,8.0,112.0,120,0.0010170525816184696,False,False,False,False
ID0077,2016,NGER,CAPE BYRON MANAGEMENT PTY LTD,2,1,0,2,0,0,0,0,0,0,1414455.0,392904.0,14602.0,2396.0,16998,0.0432624763300959,False,False,False,False
ID0077,2016,NGER,CBWF HOLDINGS PTY LIMITED,1,1,0,0,0,0,0,0,1,0,272882.0,75801.0,0.0,108.0,108,0.001424783314204298,True,False,False,False
ID0077,2016,NGER,CK WILLIAM AUSTRALIA HOLDINGS PTY LTD,49,7,2,11,2,7,3,0,7,17,9836177.0,2732271.0,1242457.0,1814.0,1244271,0.4553980919169438,False,False,False,False
ID0077,2016,NGER,CLARKE ENERGY (AUSTRALIA) PTY LTD,1,1,0,0,0,1,0,0,0,0,897317.0,249255.0,123363.0,0.0,123363,0.49492688210868385,False,True,False,False
ID0077,2016,NGER,CONTRACT POWER AUSTRALIA PTY LTD,7,1,0,0,0,0,0,0,0,7,95781.0,26606.0,18458.0,0.0,18458,0.693753288731865,False,True,False,False
ID0077,2016,NGER,CWF HOLDINGS PTY LTD,1,1,0,0,0,0,0,0,0,1,2506701.0,696306.0,270.0,556.0,826,0.0011862600638225147,False,False,False,False
ID0077,2016,NGER,CWP RENEWABLES PTY LTD,1,1,0,1,0,0,0,0,0,0,1257486.0,349302.0,116.0,929.0,1045,0.0029916805514998484,False,False,False,False
ID0077,2016,NGER,DIF INFRA 4 HOLDINGS AUSTRALIA PTY LTD,1,1,1,0,0,0,0,0,0,0,133915.0,37199.0,0.0,188.0,188,0.005053899298368236,True,False,False,False
ID0077,2016,NGER,ECOGEN HOLDINGS PTY LTD,2,1,0,0,0,0,0,0,2,0,1374195.0,381721.0,218267.0,26313.0,244580,0.640729747642912,False,False,False,False
ID0077,2016,NGER,EIT BALD HILLS PTY LTD,1,1,0,0,0,0,0,0,1,0,1269684.0,352690.0,120.0,812.0,932,0.0026425472794805636,False,False,False,False
ID0077,2016,NGER,EIT MUMBIDA WIND FARM PTY LTD,1,1,0,0,0,0,0,0,0,1,736620.0,204617.0,45.0,247.0,292,0.0014270564029381723,False,False,False,False
ID0077,2016,NGER,ELECTRICITY GENERATION AND RETAIL CORPORATION,14,1,0,0,0,0,0,0,0,14,32575015.0,9048615.0,7675989.0,7403.0,7683392,0.8491235399008578,False,False,False,False
ID0077,2016,NGER,ELECTRICITY NETWORKS CORPORATION,1,1,0,0,0,0,0,0,0,1,500.0,139.0,95.0,0.0,95,0.6834532374100719,False,True,False,False
ID0077,2016,NGER,ENERGY QUEENSLAND LIMITED,3,1,0,0,0,3,0,0,0,0,25930.0,7203.0,8919.0,416.0,9335,1.2959877828682493,False,False,False,False
ID0077,2016,NGER,ENERGYAUSTRALIA HOLDINGS LIMITED,6,3,0,2,0,0,3,0,1,0,73235194.0,20343109.0,21747395.0,199880.0,21947275,1.0788554984392995,False,False,False,False
ID0077,2016,NGER,ERM POWER LIMITED,2,2,0,0,0,1,0,0,0,1,1078004.0,299446.0,190951.0,5087.0,196038,0.6546689553375233,False,False,False,False
ID0077,2016,NGER,ESPERANCE POWER STATION PTY LTD,1,1,0,0,0,0,0,0,0,1,277401.0,77056.0,61447.0,0.0,61447,0.7974330357142857,False,True,False,False
ID0077,2016,NGER,ESSENTIAL ENERGY,1,1,0,1,0,0,0,0,0,0,75.0,21.0,0.0,123.0,123,5.857142857142857,True,False,False,False
ID0077,2016,NGER,FENGATE EXMOUTH ENERGY SPV PTY LTD,1,1,0,0,0,0,0,0,0,1,85648.0,23791.0,16793.0,0.0,16793,0.7058551553108319,False,True,False,False
ID0077,2016,NGER,GOLDFIELDS POWER PTY LTD,1,1,0,0,0,0,0,0,0,1,705838.0,196066.0,114018.0,0.0,114018,0.5815286689176093,False,True,False,False
ID0077,2016,NGER,GSP ENERGY PTY LTD,3,1,0,3,0,0,0,0,0,0,1327025.0,368618.0,42.0,207.0,249,0.000675496041972991,False,False,False,False
ID0077,2016,NGER,HWF HOLDCO 1 PTY LTD,1,1,0,0,0,0,1,0,0,0,1101682.0,306023.0,0.0,169.0,169,0.0005522460730075844,True,False,False,False
ID0077,2016,NGER,HWF HOLDCO 2 PTY LTD,1,1,0,0,0,0,1,0,0,0,290242.0,80623.0,0.0,193.0,193,0.00239385783213227,True,False,False,False
ID0077,2016,NGER,HYDRO POWER PTY LIMITED,2,1,0,2,0,0,0,0,0,0,295958.0,82211.0,0.0,5.0,5,6.0819111797691305e-05,True,False,False,False
ID0077,2016,NGER,HYDRO-ELECTRIC CORPORATION,32,1,0,0,0,0,0,32,0,0,33282829.0,9245230.0,336481.0,4670.0,341151,0.036900217733901695,False,False,False,False
ID0077,2016,NGER,INFIGEN ENERGY LIMITED,5,3,0,3,0,0,1,0,0,1,5450387.0,1513996.0,390.0,2576.0,2966,0.001959054052982967,False,False,False,False
ID0077,2016,NGER,IPM (KWINANA) PTY LTD,1,1,0,0,0,0,0,0,0,1,3076434.0,854565.0,471033.0,0.0,471033,0.5511962226395886,False,False,False,False
ID0077,2016,NGER,IPM AUSTRALIA LIMITED,1,1,0,0,0,0,0,0,1,0,30860120.0,8572256.0,9631697.0,2440.0,9634137,1.1238741586812153,False,False,False,False
ID0077,2016,NGER,KIAMCO FORESIGHT HANWHA BARCALDINE 1 PTY LTD,1,1,0,0,0,1,0,0,0,0,19343.0,5373.0,0.0,0.0,0,0.0,False,False,False,False
ID0077,2016,NGER,LMS ENERGY PTY LTD,21,6,0,5,1,5,0,1,7,2,1393417.0,387060.0,21003.0,0.0,21003,0.05426290497597272,False,False,False,False
ID0077,2016,NGER,MERIDIAN ENERGY AUSTRALIA PTY LTD,2,2,0,0,0,0,1,0,1,0,1881420.0,522617.0,128.0,0.0,128,0.00024492123294879426,False,True,False,False
ID0077,2016,NGER,MOMENTUM ENERGY PTY LIMITED,5,1,0,0,0,0,0,0,5,0,302774.0,84104.0,76385.0,2460.0,78845,0.9374702748977457,False,False,False,False
ID0077,2016,NGER,MORTONS LANE WIND FARM (HOLDING) PTY LTD,1,1,0,0,0,0,0,0,1,0,219403.0,60945.0,0.0,49.0,49,0.0008040036098121257,True,False,False,False
ID0077,2016,NGER,NATIONAL POWER AUSTRALIA INVESTMENTS LIMITED,1,1,0,0,0,0,0,0,1,0,27720747.0,7700208.0,10820998.0,148389.0,10969387,1.424557232739687,False,False,False,False
ID0077,2016,NGER,NEW GULLEN RANGE WIND FARM  (HOLDING) PTY LTD,1,1,0,1,0,0,0,0,0,0,1704291.0,473414.0,0.0,453.0,453,0.0009568791797454236,True,False,False,False
ID0077,2016,NGER,NEWGEN KWINANA HOLDINGS PTY LTD,1,1,0,0,0,0,0,0,0,1,7774909.0,2159697.0,845847.0,260.0,846107,0.39177116049149485,False,False,False,False
ID0077,2016,NGER,NRG VICTORIA 1 PTY LTD,1,1,0,0,0,1,0,0,0,0,23985396.0,6662610.0,6393361.0,49533.0,6442894,0.9670225332114591,False,False,False,False
ID0077,2016,NGER,ONSLOW ELECTRIC POWER PTY LTD,1,1,0,0,0,0,0,0,0,1,47816.0,13282.0,7615.0,0.0,7615,0.5733323294684536,False,True,False,False
ID0077,2016,NGER,ORIGIN ENERGY LIMITED,25,4,0,13,0,3,2,0,7,0,74927495.0,20813193.0,15676711.0,174582.0,15851293,0.7615983285217218,False,False,False,False
ID0077,2016,NGER,OZGEN HOLDINGS AUSTRALIA PTY LTD,2,1,0,0,0,2,0,0,0,0,43387725.0,12052146.0,10304985.0,27206.0,10332191,0.8572905605358581,False,False,False,False
ID0077,2016,NGER,PELICAN POINT POWER LIMITED,1,1,0,0,0,0,1,0,0,0,4354648.0,1209624.0,492834.0,4777.0,497611,0.41137659305701607,False,False,False,False
ID0077,2016,NGER,PERTH ENERGY PTY LTD,2,1,0,0,0,0,0,0,0,2,209267.0,58130.0,34070.0,1175.0,35245,0.6063134354034062,False,False,False,False
ID0077,2016,NGER,PILBARA IRON PTY LTD,3,1,0,0,0,0,0,0,0,3,6055080.0,1681967.0,909141.0,0.0,909141,0.5405224953878406,False,True,False,False
ID0077,2016,NGER,PIONEER SAIL HOLDINGS PTY LIMITED,5,3,0,0,0,1,0,0,1,3,5532884.0,1536912.0,1038912.0,3470.0,1042382,0.6782314146808666,False,False,False,False
ID0077,2016,NGER,POWER AND WATER CORPORATION,56,1,0,0,56,0,0,0,0,0,458194.0,127276.0,90208.0,0.0,90208,0.7087589176278324,False,True,False,False
ID0077,2016,NGER,POWER GENERATION CORPORATION,8,1,0,0,8,0,0,0,0,0,6095161.0,1693100.0,1018876.0,0.0,1018876,0.601781347823519,False,True,False,False
ID0077,2016,NGER,PRATT CONSOLIDATED HOLDINGS PTY. LTD.,1,1,0,0,0,0,0,0,1,0,65844.0,18290.0,27834.0,12443.0,40277,2.202132312739202,False,False,False,False
ID0077,2016,NGER,QGC UPSTREAM INVESTMENTS PTY LTD,1,1,0,0,0,1,0,0,0,0,3458848.0,960791.0,387939.0,803.0,388742,0.4046062046792695,False,False,False,False
ID0077,2016,NGER,RATCH - AUSTRALIA CORPORATION LIMITED,5,4,0,0,0,2,1,0,1,1,2784568.0,773491.0,298519.0,5757.0,304276,0.3933801427553779,False,False,False,False
ID0077,2016,NGER,REGIONAL POWER CORPORATION,11,1,0,0,0,0,0,0,0,11,430074.0,119465.0,77725.0,549.0,78274,0.655204453187126,False,False,False,False
ID0077,2016,NGER,RENEWABLE POWER AUSTRALIA LIMITED,1,1,0,0,0,1,0,0,0,0,150137.0,41705.0,1632.0,1929.0,3561,0.08538544539024098,False,False,False,False
ID0077,2016,NGER,SANTOS LIMITED,1,1,0,1,0,0,0,0,0,0,322671.0,89631.0,49655.0,24.0,49679,0.5542613604668027,False,False,False,False
ID0077,2016,NGER,SHENHUA CLEAN ENERGY HOLDINGS PTY LIMITED,3,1,0,0,0,0,0,3,0,0,3954442.0,1098456.0,314.0,202.0,516,0.0004697502676484083,False,False,False,False
ID0077,2016,NGER,SNOWTOWN SOUTH WIND FARM PTY. LTD.,1,1,0,0,0,0,1,0,0,0,1500088.0,416691.0,92.0,191.0,283,0.0006791603370363171,False,False,False,False
ID0077,2016,NGER,SNOWTOWN WIND FARM PTY LTD,1,1,0,0,0,0,1,0,0,0,1117532.0,310426.0,121.0,347.0,468,0.0015076056773594996,False,False,False,False
ID0077,2016,NGER,SNOWTOWN WIND FARM STAGE 2 PTY. LTD.,1,1,0,0,0,0,1,0,0,0,1463729.0,406591.0,104.0,286.0,390,0.000959194866585832,False,False,False,False
ID0077,2016,NGER,SNOWY HYDRO LIMITED,6,3,0,2,0,0,2,0,2,0,20098537.0,5582927.0,77756.0,280427.0,358183,0.06415684819092207,False,False,False,False
ID0077,2016,NGER,SOLAR FARM INVESTMENTS PTY LTD,1,1,0,1,0,0,0,0,0,0,515610.0,143225.0,0.0,615.0,615,0.0042939430965264445,True,False,False,False
ID0077,2016,NGER,SPIC PACIFIC ENERGY PTY LTD,11,4,0,2,0,0,1,0,7,1,5092672.0,1414631.0,347.0,47.0,394,0.0002785178608414491,False,False,False,False
ID0077,2016,NGER,STANWELL CORPORATION LIMITED,6,1,0,0,0,6,0,0,0,0,79917360.0,22199267.0,18642925.0,51739.0,18694664,0.8421297874384771,False,False,False,False
ID0077,2016,NGER,SUNSET POWER INTERNATIONAL PTY LTD,1,1,0,1,0,0,0,0,0,0,29270573.0,8130715.0,6903384.0,37724.0,6941108,0.85368974315297,False,False,False,False
ID0077,2016,NGER,SYNERGEN POWER PTY LIMITED,4,1,0,0,0,0,4,0,0,0,161036.0,44732.0,42253.0,1406.0,43659,0.9760126978449433,False,False,False,False
ID0077,2016,NGER,TRANSALTA ENERGY (AUSTRALIA) PTY LTD,6,1,0,0,0,0,0,0,0,6,5581532.0,1550426.0,890245.0,0.0,890245,0.574193802219519,False,True,False,False
ID0077,2016,NGER,WATER CORPORATION,2,1,0,0,0,0,0,0,0,2,18121.0,5034.0,3653.0,0.0,3653,0.7256654747715534,False,True,False,False
ID0077,2016,NGER,YARA PILBARA FERTILISERS PTY LTD,1,1,0,0,0,0,0,0,0,1,119118.0,33088.0,41695.0,0.0,41695,1.2601245164410058,False,True,False,False
ID0078,2017,NGER,ACCIONA ENERGY OCEANIA PTY. LTD.,4,3,0,1,0,0,1,0,2,0,3474683.0,965190.0,224.0,1329.0,1553,0.001609009625047918,False,False,False,False
ID0078,2017,NGER,AGL ENERGY LIMITED,39,6,0,13,0,1,8,2,14,1,172831659.0,48008794.0,43055899.0,339215.0,43395114,0.9038992731206703,False,False,False,False
ID0078,2017,NGER,ALCOA AUSTRALIAN HOLDINGS PTY LTD,1,1,0,0,0,0,0,0,0,1,7760182.0,2155606.0,1410220.0,333.0,1410553,0.6543649442430574,False,False,False,False
ID0078,2017,NGER,APT PIPELINES LIMITED,4,2,0,0,0,2,0,0,0,2,7514757.0,2087432.0,766152.0,480.0,766632,0.36726082574186847,False,False,False,False
ID0078,2017,NGER,ARROW ENERGY HOLDINGS PTY LTD,1,1,0,0,0,1,0,0,0,0,925917.0,257199.0,154004.0,4349.0,158353,0.6156827981446273,False,False,False,False
ID0078,2017,NGER,ATCO AUSTRALIA PTY LTD,2,2,0,0,0,0,1,0,0,1,5034769.0,1398547.0,605864.0,513.0,606377,0.43357641895481525,False,False,False,False
ID0078,2017,NGER,AWF AUS HOLD OP CO PTY LTD,1,1,0,0,0,0,0,0,1,0,2257531.0,627092.0,17.0,1690.0,1707,0.002722088624954552,False,False,False,False
ID0078,2017,NGER,AXIA ENERGY AUSTRALIA PTY LTD,1,1,0,1,0,0,0,0,0,0,259179.0,71994.0,35045.0,64.0,35109,0.4876656388032336,False,False,False,False
ID0078,2017,NGER,BALD HILLS WF HOLDINGS PTY LTD,1,1,0,0,0,0,0,0,1,0,1306751.0,362986.0,105.0,822.0,927,0.0025538175026034063,False,False,False,False
ID0078,2017,NGER,BEIJING JINGNENG CLEAN ENERGY (AUSTRALIA) HOLDING PTY LTD,1,1,0,1,0,0,0,0,0,0,1825008.0,506947.0,52.0,179.0,231,0.00045566893580591263,False,False,False,False
ID0078,2017,NGER,BHP BILLITON IRON ORE PTY. LTD.,1,1,0,0,0,0,0,0,0,1,2613641.0,726011.0,309875.0,0.0,309875,0.42681860192200943,False,False,False,False
ID0078,2017,NGER,BLUEWATERS POWER 1 PTY LTD,1,1,0,0,0,0,0,0,0,1,5796946.0,1610263.0,1440940.0,3278.0,1444218,0.896883304155905,False,False,False,False
ID0078,2017,NGER,BLUEWATERS POWER 2 PTY LTD,1,1,0,0,0,0,0,0,0,1,6232601.0,1731278.0,1521195.0,1138.0,1522333,0.8793116992187274,False,False,False,False
ID0078,2017,NGER,BPIH PTY LIMITED,2,1,0,2,0,0,0,0,0,0,112213.0,31170.0,18130.0,1870.0,20000,0.6416426050689766,False,False,False,False
ID0078,2017,NGER,C S ENERGY LIMITED,4,1,0,0,0,4,0,0,0,0,59887659.0,16635461.0,14659051.0,128535.0,14787586,0.8889195195732779,False,False,False,False
ID0078,2017,NGER,CANUNDA POWER PTY LTD,1,1,0,0,0,0,1,0,0,0,469585.0,130440.0,13.0,20.0,33,0.0002529898804047838,False,False,False,False
ID0078,2017,NGER,CAPE BYRON MANAGEMENT PTY LTD,2,1,0,2,0,0,0,0,0,0,1621385.0,450385.0,13438.0,1404.0,14842,0.032954028220300406,False,False,False,False
ID0078,2017,NGER,CBWF HOLDINGS PTY LIMITED,1,1,0,0,0,0,0,0,1,0,289030.0,80286.0,5.0,78.0,83,0.0010338041501631668,False,False,False,False
ID0078,2017,NGER,CECEP WIND POWER AUSTRALIA HOLDING PTY LTD,1,1,0,1,0,0,0,0,0,0,1245731.0,346036.0,64.0,775.0,839,0.00242460322047417,False,False,False,False
ID0078,2017,NGER,CLARKE ENERGY (AUSTRALIA) PTY LTD,1,1,0,0,0,1,0,0,0,0,787397.0,218721.0,109265.0,0.0,109265,0.49956337068685674,False,False,False,False
ID0078,2017,NGER,CONTRACT POWER AUSTRALIA PTY LTD,7,1,0,0,0,0,0,0,0,7,79110.0,21975.0,15017.0,0.0,15017,0.6833674630261661,False,False,False,False
ID0078,2017,NGER,CULLERIN RANGE WIND FARM PTY LTD,1,1,0,1,0,0,0,0,0,0,405688.0,112691.0,28.0,82.0,110,0.0009761205420131155,False,False,False,False
ID0078,2017,NGER,CWF HOLDINGS PTY LTD,1,1,0,0,0,0,0,0,0,1,2575799.0,715500.0,388.0,590.0,978,0.0013668763102725368,False,False,False,False
ID0078,2017,NGER,CWP RENEWABLES PTY LTD,1,1,0,1,0,0,0,0,0,0,1339270.0,372019.0,365.0,784.0,1149,0.0030885519287993353,False,False,False,False
ID0078,2017,NGER,DIF INFRA 4 HOLDINGS AUSTRALIA PTY LTD,1,1,1,0,0,0,0,0,0,0,141150.0,39208.0,0.0,181.0,181,0.004616404815343807,False,False,False,False
ID0078,2017,NGER,EDL (OCI) PTY LIMITED,3,2,0,1,0,2,0,0,0,0,1137981.0,316106.0,163700.0,113.0,163813,0.5182217357468697,False,False,False,False
ID0078,2017,NGER,EDL (TT) PTY LIMITED,1,1,0,1,0,0,0,0,0,0,118651.0,32959.0,18916.0,7.0,18923,0.5741375648533026,False,False,False,False
ID0078,2017,NGER,EDL CSM (NSW) PTY LTD,2,1,0,2,0,0,0,0,0,0,1033842.0,287178.0,216201.0,858.0,217059,0.7558343605707958,False,False,False,False
ID0078,2017,NGER,EDL CSM (QLD) PTY LTD,1,1,0,0,0,1,0,0,0,0,1091491.0,303192.0,160344.0,29.0,160373,0.5289486529987598,False,False,False,False
ID0078,2017,NGER,EDL LFG (ACT) PTY LTD,2,1,2,0,0,0,0,0,0,0,121662.0,33795.0,2159.0,15.0,2174,0.0643290427578044,False,False,False,False
ID0078,2017,NGER,EDL LFG (NSW) PTY LTD,6,1,0,6,0,0,0,0,0,0,520275.0,144521.0,9104.0,17.0,9121,0.06311193528968108,False,False,False,False
ID0078,2017,NGER,EDL LFG (QLD) PTY LTD,2,1,0,0,0,2,0,0,0,0,52896.0,14693.0,937.0,45.0,982,0.06683454706322739,False,False,False,False
ID0078,2017,NGER,EDL LFG (SA) PTY LTD,2,1,0,0,0,0,2,0,0,0,110194.0,30609.0,1939.0,2.0,1941,0.06341272174850535,False,False,False,False
ID0078,2017,NGER,EDL LFG (VIC) PTY LTD,6,1,0,0,0,0,0,0,6,0,505270.0,140353.0,8317.0,770.0,9087,0.06474389574857681,False,False,False,False
ID0078,2017,NGER,EDL NGD (NT) PTY LTD,2,1,0,0,2,0,0,0,0,0,1601739.0,444927.0,218043.0,0.0,218043,0.49006466229291545,False,False,False,False
ID0078,2017,NGER,EDL NGD (WA) PTY LTD,5,1,0,0,0,0,0,0,0,5,725468.0,201519.0,116177.0,28.0,116205,0.5766453783514209,False,False,False,False
ID0078,2017,NGER,EDL PROJECTS (AUSTRALIA) PTY LTD,3,1,0,0,0,3,0,0,0,0,2716736.0,754649.0,394355.0,41.0,394396,0.5226217751563972,False,False,False,False
ID0078,2017,NGER,ELECTRICITY GENERATION AND RETAIL CORPORATION,15,1,0,0,0,0,0,0,0,15,29046426.0,8068452.0,6764848.0,9687.0,6774535,0.8396325590088408,False,False,False,False
ID0078,2017,NGER,ELECTRICITY NETWORKS CORPORATION,1,1,0,0,0,0,0,0,0,1,772.0,214.0,146.0,0.0,146,0.6822429906542056,False,False,False,False
ID0078,2017,NGER,ENERGY GENERATION PTY LTD,10,2,0,0,0,0,1,0,0,9,152817.0,42449.0,21515.0,0.0,21515,0.5068435063252373,False,False,False,False
ID0078,2017,NGER,ENERGY QUEENSLAND LIMITED,3,1,0,0,0,3,0,0,0,0,8139.0,2261.0,5586.0,198.0,5784,2.558160106147722,False,False,False,False
ID0078,2017,NGER,ENERGYAUSTRALIA HOLDINGS LIMITED,7,3,0,2,0,0,2,0,3,0,74967043.0,20824179.0,21691715.0,236563.0,21928278,1.0530200494338817,False,False,False,False
ID0078,2017,NGER,ERM POWER LIMITED,2,2,0,0,0,1,0,0,0,1,1184878.0,329133.0,201452.0,4775.0,206227,0.6265764903549629,False,False,False,False
ID0078,2017,NGER,ESPERANCE POWER STATION PTY LTD,1,1,0,0,0,0,0,0,0,1,249660.0,69350.0,55006.0,0.0,55006,0.7931651045421774,False,False,False,False
ID0078,2017,NGER,ESSENTIAL ENERGY,1,1,0,1,0,0,0,0,0,0,378.0,105.0,433.0,182.0,615,5.857142857142857,False,False,False,False
ID0078,2017,NGER,FENGATE EXMOUTH ENERGY SPV PTY LTD,1,1,0,0,0,0,0,0,0,1,90569.0,25158.0,17343.0,0.0,17343,0.6893632244216551,False,False,False,False
ID0078,2017,NGER,FORTESCUE METALS GROUP LTD,1,1,0,0,0,0,0,0,0,1,666413.0,185115.0,115169.0,0.0,115169,0.6221483942414175,False,False,False,False
ID0078,2017,NGER,GENEX POWER LIMITED,1,1,0,0,0,1,0,0,0,0,190728.0,52980.0,0.0,0.0,0,0.0,False,False,False,False
ID0078,2017,NGER,GOLDFIELDS POWER PTY LTD,1,1,0,0,0,0,0,0,0,1,595231.0,165342.0,92650.0,0.0,92650,0.5603536911371582,False,False,False,False
ID0078,2017,NGER,HYDRO POWER PTY LIMITED,2,1,0,2,0,0,0,0,0,0,228799.0,63555.0,0.0,0.0,0,0.0,False,False,False,False
ID0078,2017,NGER,HYDRO-ELECTRIC CORPORATION,32,1,0,0,0,0,0,32,0,0,36953016.0,10264727.0,360022.0,4520.0,364542,0.03551404728055602,False,False,False,False
ID0078,2017,NGER,INFIGEN ENERGY LIMITED,5,3,0,3,0,0,1,0,0,1,5697500.0,1582639.0,348.0,2342.0,2690,0.001699692728411217,False,False,False,False
ID0078,2017,NGER,IPM (KWINANA) PTY LTD,1,1,0,0,0,0,0,0,0,1,3093310.0,859253.0,454837.0,0.0,454837,0.5293400197613508,False,False,False,False
ID0078,2017,NGER,KIAMCO FORESIGHT HANWHA BARCALDINE 1 PTY LTD,1,1,0,0,0,1,0,0,0,0,200513.0,55698.0,0.0,123.0,123,0.002208337821824841,False,False,False,False
ID0078,2017,NGER,KIATA WIND FARM HOLDINGS PTY LTD,1,1,0,0,0,0,0,0,1,0,256172.0,71159.0,5.0,129.0,134,0.0018831068452339129,False,False,False,False
ID0078,2017,NGER,LANDFILL GAS & POWER PTY LTD,3,1,0,0,0,0,0,0,0,3,255728.0,71036.0,4308.0,5.0,4313,0.060715693451207836,False,False,False,False
ID0078,2017,NGER,LMS ENERGY PTY LTD,23,7,0,5,1,5,2,1,7,2,1466060.0,407239.0,22122.0,0.0,22122,0.054321909247395266,False,False,False,False
ID0078,2017,NGER,MERIDIAN ENERGY AUSTRALIA PTY LTD,5,3,0,3,0,0,1,0,1,0,3037174.0,843659.0,239.0,142.0,381,0.0004516042619115069,False,False,False,False
ID0078,2017,NGER,MOMENTUM ENERGY PTY LIMITED,5,1,0,0,0,0,0,0,5,0,400460.0,111239.0,89061.0,2861.0,91922,0.8263468747471661,False,False,False,False
ID0078,2017,NGER,MORTONS LANE WIND FARM (HOLDING) PTY LTD,1,1,0,0,0,0,0,0,1,0,232407.0,64558.0,0.0,57.0,57,0.0008829269803897271,False,False,False,False
ID0078,2017,NGER,MUMBIDA WIND FARM NO 1 HOLDINGS PTY LTD,1,1,0,0,0,0,0,0,0,1,683865.0,189963.0,64.0,410.0,474,0.002495222753904708,False,False,False,False
ID0078,2017,NGER,NEOEN AUSTRALIA PTY LTD,8,3,0,3,0,0,4,0,0,1,3963209.0,1100891.0,0.0,14096.0,14096,0.012804174073545883,False,False,False,False
ID0078,2017,NGER,NEWGEN KWINANA HOLDINGS PTY LTD,1,1,0,0,0,0,0,0,0,1,7466829.0,2074119.0,810842.0,243.0,811085,0.3910503688554032,False,False,False,False
ID0078,2017,NGER,NRG VICTORIA 1 PTY LTD,1,1,0,0,0,1,0,0,0,0,32309449.0,8974847.0,8502292.0,44729.0,8547021,0.9523305522645679,False,False,False,False
ID0078,2017,NGER,ONSLOW ELECTRIC POWER PTY LTD,1,1,0,0,0,0,0,0,0,1,52031.0,14453.0,8704.0,0.0,8704,0.6022279111603127,False,False,False,False
ID0078,2017,NGER,ORIGIN ENERGY LIMITED,24,4,0,12,0,3,2,0,7,0,78495653.0,21804348.0,17145056.0,158285.0,17303341,0.793572960769109,False,False,False,False
ID0078,2017,NGER,OZGEN HOLDINGS AUSTRALIA PTY LTD,2,1,0,0,0,2,0,0,0,0,46444668.0,12901297.0,11031703.0,28313.0,11060016,0.8572793882661565,False,False,False,False
ID0078,2017,NGER,PALISADE WATERLOO HOLDINGS PTY LTD,1,1,0,0,0,0,1,0,0,0,1103275.0,306465.0,97.0,173.0,270,0.000881014145171553,False,False,False,False
ID0078,2017,NGER,PELICAN POINT POWER LIMITED,1,1,0,0,0,0,1,0,0,0,9836716.0,2732421.0,1085502.0,2610.0,1088112,0.3982226750562962,False,False,False,False
ID0078,2017,NGER,PERTH ENERGY PTY LTD,1,1,0,0,0,0,0,0,0,1,469390.0,130386.0,68632.0,1390.0,70022,0.5370361848664734,False,False,False,False
ID0078,2017,NGER,PILBARA IRON PTY LTD,4,1,0,0,0,0,0,0,0,4,6247069.0,1735297.0,947229.0,0.0,947229,0.545859872978516,False,False,False,False
ID0078,2017,NGER,PIONEER SAIL HOLDINGS PTY LIMITED,6,3,0,0,0,1,0,0,2,3,38341520.0,10650422.0,11297025.0,8848.0,11305873,1.0615422562598928,False,False,False,False
ID0078,2017,NGER,POWER AND WATER CORPORATION,56,1,0,0,56,0,0,0,0,0,463284.0,128690.0,88579.0,0.0,88579,0.6883130002331184,False,False,False,False
ID0078,2017,NGER,POWER GENERATION CORPORATION,8,1,0,0,8,0,0,0,0,0,6110070.0,1697242.0,1016249.0,0.0,1016249,0.5987649374691412,False,False,False,False
ID0078,2017,NGER,PRATT CONSOLIDATED HOLDINGS PTY. LTD.,2,2,0,1,0,0,0,0,1,0,83166.0,23102.0,28387.0,12766.0,41153,1.7813609211323695,False,False,False,False
ID0078,2017,NGER,QGC UPSTREAM INVESTMENTS PTY LTD,1,1,0,0,0,1,0,0,0,0,3058063.0,849462.0,376831.0,726.0,377557,0.444466026732214,False,False,False,False
ID0078,2017,NGER,RATCH - AUSTRALIA CORPORATION LIMITED,5,4,0,0,0,2,1,0,1,1,1764639.0,490177.0,162349.0,5890.0,168239,0.3432209181581347,False,False,False,False
ID0078,2017,NGER,REGIONAL POWER CORPORATION,10,1,0,0,0,0,0,0,0,10,234591.0,65164.0,36229.0,312.0,36541,0.5607544042722976,False,False,False,False
ID0078,2017,NGER,REGIONAL WIND FARMS PTY LTD,1,1,0,0,0,0,0,0,1,0,104304.0,28973.0,13.0,53.0,66,0.0022779829496427707,False,False,False,False
ID0078,2017,NGER,RENEWABLE POWER AUSTRALIA LIMITED,1,1,0,0,0,1,0,0,0,0,273499.0,75972.0,2766.0,1796.0,4562,0.06004843889854157,False,False,False,False
ID0078,2017,NGER,SANTOS LIMITED,1,1,0,1,0,0,0,0,0,0,304096.0,84471.0,49933.0,73.0,50006,0.5919901504658404,False,False,False,False
ID0078,2017,NGER,SHENHUA CLEAN ENERGY HOLDINGS PTY LIMITED,3,1,0,0,0,0,0,3,0,0,4100677.0,1139077.0,329.0,236.0,565,0.0004960156337104516,False,False,False,False
ID0078,2017,NGER,SNOWTOWN SOUTH WIND FARM PTY. LTD.,1,1,0,0,0,0,1,0,0,0,1657221.0,460339.0,69.0,120.0,189,0.00041056699519267324,False,False,False,False
ID0078,2017,NGER,SNOWTOWN WIND FARM PTY LTD,1,1,0,0,0,0,1,0,0,0,1277877.0,354966.0,198.0,253.0,451,0.0012705442211366723,False,False,False,False
ID0078,2017,NGER,SNOWTOWN WIND FARM STAGE 2 PTY. LTD.,1,1,0,0,0,0,1,0,0,0,1684213.0,467837.0,79.0,173.0,252,0.0005386491448944825,False,False,False,False
ID0078,2017,NGER,SNOWY HYDRO LIMITED,6,3,0,2,0,0,2,0,2,0,16468692.0,4574637.0,140855.0,228758.0,369613,0.0807961374858814,False,False,False,False
ID0078,2017,NGER,SOLAR FARM INVESTMENTS PTY LTD,1,1,0,1,0,0,0,0,0,0,557766.0,154935.0,0.0,636.0,636,0.004104947235937652,False,False,False,False
ID0078,2017,NGER,SPIC PACIFIC ENERGY PTY LTD,13,4,0,2,0,0,1,0,9,1,5406156.0,1501710.0,1684.0,0.0,1684,0.0011213882840228806,False,False,False,False
ID0078,2017,NGER,STANWELL CORPORATION LIMITED,7,1,0,0,0,7,0,0,0,0,80281391.0,22300386.0,18416635.0,51843.0,18468478,0.8281685348406077,False,False,False,False
ID0078,2017,NGER,SUNSET POWER INTERNATIONAL PTY LTD,1,1,0,1,0,0,0,0,0,0,29025803.0,8062723.0,6966897.0,48729.0,7015626,0.8701310959089131,False,False,False,False
ID0078,2017,NGER,SWF1 OPERATIONS HOLDINGS PTY LTD,1,1,0,1,0,0,0,0,0,0,266253.0,73959.0,3078.0,477.0,3555,0.04806717235224922,False,False,False,False
ID0078,2017,NGER,SYNERGEN POWER PTY LIMITED,4,1,0,0,0,0,4,0,0,0,199533.0,55426.0,46530.0,1209.0,47739,0.8613105762638473,False,False,False,False
ID0078,2017,NGER,TASMANIAN IRRIGATION PTY LTD,1,1,0,0,0,0,0,1,0,0,103308.0,28697.0,0.0,0.0,0,0.0,False,False,False,False
ID0078,2017,NGER,TRANSALTA ENERGY (AUSTRALIA) PTY LTD,6,1,0,0,0,0,0,0,0,6,6222167.0,1728380.0,954882.0,0.0,954882,0.5524722572582418,False,False,False,False
ID0078,2017,NGER,WATER CORPORATION,2,1,0,0,0,0,0,0,0,2,17861.0,4961.0,3716.0,0.0,3716,0.7490425317476316,False,False,False,False
ID0078,2017,NGER,WEIPA SOLAR FARM PTY LTD,1,1,0,0,0,1,0,0,0,0,3115.0,865.0,0.0,4.0,4,0.004624277456647399,False,False,False,False
ID0078,2017,NGER,YARA AUSTRALIA PTY LTD,1,1,0,0,0,0,0,0,0,1,96155.0,26710.0,28078.0,0.0,28078,1.0512167727442905,False,False,False,False
ID0079,2018,NGER,Acciona Energy Oceania Pty. Ltd.,4,3,0,1,0,0,1,0,2,0,4330919.0,1203033.0,211.0,2173.0,2384,0.001981658026005937,False,False,False,False
ID0079,2018,NGER,AGL Energy Limited,39,6,0,13,0,1,8,2,14,1,174482621.0,48467394.0,42687488.0,372780.0,43060268,0.8884378640205001,False,False,False,False
ID0079,2018,NGER,Alcoa Australian Holdings Pty Ltd,1,1,0,0,0,0,0,0,0,1,7645593.0,2123776.0,1416332.0,214.0,1416546,0.6669940709378014,False,False,False,False
ID0079,2018,NGER,APT Pipelines Limited,6,2,0,0,0,3,0,0,0,3,9038692.0,2510747.0,782468.0,1070.0,783538,0.3120736577600212,False,False,False,False
ID0079,2018,NGER,Arrow Energy Holdings Pty Ltd,1,1,0,0,0,1,0,0,0,0,1629858.0,452738.0,275487.0,4277.0,279764,0.6179379685380949,False,False,False,False
ID0079,2018,NGER,ATCO AUSTRALIA PTY LTD,2,2,0,0,0,0,1,0,0,1,3086854.0,857459.0,379623.0,2000.0,381623,0.4450626793817547,False,False,False,False
ID0079,2018,NGER,AWF AUS HOLD OP CO PTY LTD,1,1,0,0,0,0,0,0,1,0,2118642.0,588512.0,18.0,1148.0,1166,0.0019812680115273776,False,False,False,False
ID0079,2018,NGER,Bald Hills WF Holdings Pty Ltd,1,1,0,0,0,0,0,0,1,0,1194048.0,331680.0,84.0,746.0,830,0.0025024119633381575,False,False,False,False
ID0079,2018,NGER,BEIJING JINGNENG CLEAN ENERGY (AUSTRALIA) HOLDING PTY LTD,2,1,0,2,0,0,0,0,0,0,1756549.0,487930.0,94.0,329.0,423,0.0008669276330621195,False,False,False,False
ID0079,2018,NGER,BHP Billiton Limited,1,1,0,0,0,0,0,0,0,1,2614535.0,726260.0,307802.0,0.0,307802,0.42381791644865474,False,False,False,False
ID0079,2018,NGER,Bluewaters Power 1 Pty Ltd,1,1,0,0,0,0,0,0,0,1,5991996.0,1664443.0,1507587.0,2543.0,1510130,0.907288504322467,False,False,False,False
ID0079,2018,NGER,Bluewaters Power 2 Pty Ltd,1,1,0,0,0,0,0,0,0,1,5889305.0,1635918.0,1442624.0,1317.0,1443941,0.8826487635688341,False,False,False,False
ID0079,2018,NGER,BPIH Utilities Holdings Pty Ltd,2,1,0,2,0,0,0,0,0,0,115277.0,32021.0,21011.0,1244.0,22255,0.6950126479497829,False,False,False,False
ID0079,2018,NGER,C S Energy Limited,4,1,0,0,0,4,0,0,0,0,62544539.0,17373483.0,15445042.0,234358.0,15679400,0.9024903066356931,False,False,False,False
ID0079,2018,NGER,Cape Byron Management Pty Ltd,2,1,0,2,0,0,0,0,0,0,1640898.0,455805.0,12121.0,2781.0,14902,0.032693805465056326,False,False,False,False
ID0079,2018,NGER,CBWF Holdings Pty Limited,1,1,0,0,0,0,0,0,1,0,296983.0,82495.0,6.0,91.0,97,0.0011758288381114007,False,False,False,False
ID0079,2018,NGER,CECEP WIND POWER AUSTRALIA HOLDING PTY LTD,1,1,0,1,0,0,0,0,0,0,1914008.0,531669.0,63.0,418.0,481,0.0009046982238949422,False,False,False,False
ID0079,2018,NGER,CK William Australia Holdings Pty Ltd,51,7,2,11,2,9,3,0,7,17,10656679.0,2960187.0,1363061.0,1195.0,1364256,0.4608681816385249,False,False,False,False
ID0079,2018,NGER,CLARE SOLAR FARM HOLDINGS PTY LTD,1,1,0,0,0,1,0,0,0,0,532632.0,147953.0,213.0,847.0,1060,0.007164437355106013,False,False,False,False
ID0079,2018,NGER,Clarke Energy (Australia) Pty Ltd,1,1,0,0,0,1,0,0,0,0,598740.0,166317.0,85980.0,416.0,86396,0.5194658393309163,False,False,False,False
ID0079,2018,NGER,Contract Power Australia Pty Ltd,7,1,0,0,0,0,0,0,0,7,77124.0,21423.0,14797.0,0.0,14797,0.6907062502917425,False,False,False,False
ID0079,2018,NGER,CWF Holdings Pty Ltd,1,1,0,0,0,0,0,0,0,1,2575810.0,715503.0,310.0,558.0,868,0.0012131325794580874,False,False,False,False
ID0079,2018,NGER,CWP RENEWABLES PTY LTD,1,1,0,1,0,0,0,0,0,0,1352497.0,375693.0,15.0,797.0,812,0.0021613391785314075,False,False,False,False
ID0079,2018,NGER,Delta Electricity Pty Ltd,1,1,0,1,0,0,0,0,0,0,28253057.0,7848071.0,6747979.0,54325.0,6802304,0.8667485296705394,False,False,False,False
ID0079,2018,NGER,DIF INFRA 4 HOLDINGS AUSTRALIA PTY LTD,1,1,1,0,0,0,0,0,0,0,136968.0,38047.0,0.0,181.0,181,0.004757273898073435,False,False,False,False
ID0079,2018,NGER,Edify Energy Pty Ltd,5,2,0,0,0,4,0,0,1,0,1228619.0,341283.0,146.0,1181.0,1327,0.0038882686802448408,False,False,False,False
ID0079,2018,NGER,Electricity Generation and Retail Corporation,14,1,0,0,0,0,0,0,0,14,25205457.0,7001516.0,5904681.0,9745.0,5914426,0.8447350545224777,False,False,False,False
ID0079,2018,NGER,Electricity Networks Corporation,1,1,0,0,0,0,0,0,0,1,1006.0,279.0,187.0,0.0,187,0.6702508960573477,False,False,False,False
ID0079,2018,NGER,ENERGY QUEENSLAND LIMITED,36,1,0,0,0,36,0,0,0,0,431743.0,119929.0,87115.0,703.0,87818,0.7322499145327652,False,False,False,False
ID0079,2018,NGER,EnergyAustralia Holdings Limited,6,3,0,2,0,0,1,0,3,0,67944140.0,18873372.0,20086306.0,234445.0,20320751,1.0766889456743607,False,False,False,False
ID0079,2018,NGER,ERM Power Limited,2,2,0,0,0,1,0,0,0,1,734477.0,204022.0,124650.0,5024.0,129674,0.6355883189067846,False,False,False,False
ID0079,2018,NGER,Esperance Power Station Pty Ltd,1,1,0,0,0,0,0,0,0,1,233659.0,64905.0,51930.0,0.0,51930,0.8000924428010169,False,False,False,False
ID0079,2018,NGER,Essential Energy,1,1,0,1,0,0,0,0,0,0,140.0,39.0,0.0,261.0,261,6.6923076923076925,False,False,False,False
ID0079,2018,NGER,Fengate Exmouth Energy SPV PTY LTD,1,1,0,0,0,0,0,0,0,1,90341.0,25095.0,17269.0,0.0,17269,0.6881450488145049,False,False,False,False
ID0079,2018,NGER,Fortescue Metals Group Ltd,1,1,0,0,0,0,0,0,0,1,1043858.0,289961.0,182117.0,0.0,182117,0.6280741203127317,False,False,False,False
ID0079,2018,NGER,GLOBAL POWER GENERATION AUSTRALIA PTY LTD,1,1,0,1,0,0,0,0,0,0,647812.0,179948.0,308.0,189.0,497,0.0027619089959321583,False,False,False,False
ID0079,2018,NGER,Goldfields Power Pty Ltd,1,1,0,0,0,0,0,0,0,1,603059.0,167516.0,99889.0,0.0,99889,0.5962952792569068,False,False,False,False
ID0079,2018,NGER,Hydro Power Pty Limited,1,1,0,1,0,0,0,0,0,0,152255.0,42293.0,0.0,0.0,0,0.0,False,False,False,False
ID0079,2018,NGER,HYDRO-ELECTRIC CORPORATION,31,1,0,0,0,0,0,31,0,0,37160451.0,10322349.0,223413.0,6105.0,229518,0.022235055218536012,False,False,False,False
ID0079,2018,NGER,Impact Investment Group Pty Ltd ATF Regenerative Capital Unit Trust,5,4,2,0,0,1,0,0,1,1,285484.0,79301.0,13.0,220.0,233,0.0029381722802991135,False,False,False,False
ID0079,2018,NGER,Infigen Energy Limited,6,3,0,4,0,0,1,0,0,1,5947350.0,1652041.0,2259.0,2546.0,4805,0.0029085234567422964,False,False,False,False
ID0079,2018,NGER,International Power (Australia) Holdings Pty Limited,6,1,0,0,0,0,6,0,0,0,11657026.0,3238063.0,1244471.0,4793.0,1249264,0.38580595868579454,False,False,False,False
ID0079,2018,NGER,KARADOC SOLAR FARM HOLDCO PTY LTD,1,1,0,0,0,0,0,0,1,0,459184.0,127551.0,0.0,326.0,326,0.0025558404089344655,False,False,False,False
ID0079,2018,NGER,KIAMCO Foresight Hanwha Barcaldine 1 Pty Ltd,1,1,0,0,0,1,0,0,0,0,197268.0,54797.0,0.0,122.0,122,0.0022263992554336916,False,False,False,False
ID0079,2018,NGER,Kiata Wind Farm Holdings Pty Ltd,1,1,0,0,0,0,0,0,1,0,474210.0,131725.0,7.0,165.0,172,0.001305750616815335,False,False,False,False
ID0079,2018,NGER,LGI LIMITED,6,1,0,0,0,6,0,0,0,0,156240.0,43400.0,2932.0,0.0,2932,0.06755760368663595,False,False,False,False
ID0079,2018,NGER,Lighthouse Infrastructure Management Limited,1,1,0,0,0,1,0,0,0,0,416285.0,115635.0,0.0,1.0,1,8.64790072209971e-06,False,False,False,False
ID0079,2018,NGER,LILYVALE HOLDINGS CO PTY. LTD.,1,1,0,0,0,1,0,0,0,0,142610.0,39614.0,15.0,211.0,226,0.005705053768869592,False,False,False,False
ID0079,2018,NGER,LMS Energy Pty Ltd,24,7,0,5,1,5,2,2,8,1,1513354.0,420376.0,22965.0,0.0,22965,0.054629664871448415,False,False,False,False
ID0079,2018,NGER,Longreach Asset Company Pty Ltd,1,1,0,0,0,1,0,0,0,0,117285.0,32579.0,0.0,0.0,0,0.0,False,False,False,False
ID0079,2018,NGER,Loy Yang Holdings Pty Ltd,1,1,0,0,0,0,0,0,0,1,2986632.0,829620.0,444053.0,0.0,444053,0.5352486680648972,False,False,False,False
ID0079,2018,NGER,Meridian Energy Australia Pty Ltd,4,3,0,2,0,0,1,0,1,0,2679357.0,744266.0,306.0,167.0,473,0.0006355254707322382,False,False,False,False
ID0079,2018,NGER,Momentum Energy Pty Limited,5,1,0,0,0,0,0,0,5,0,357587.0,99329.0,86481.0,1966.0,88447,0.8904448851795548,False,False,False,False
ID0079,2018,NGER,Mortons Lane Wind Farm (Holding) Pty Ltd,1,1,0,0,0,0,0,0,1,0,236581.0,65717.0,0.0,0.0,0,0.0,False,False,False,False
ID0079,2018,NGER,Mumbida Wind Farm No 1 Holdings Pty Ltd,1,1,0,0,0,0,0,0,0,1,722672.0,200742.0,72.0,328.0,400,0.0019926074264478783,False,False,False,False
ID0079,2018,NGER,NEOEN AUSTRALIA PTY LTD,10,4,0,4,0,0,4,0,1,1,6096948.0,1693596.0,242.0,6624.0,6866,0.004054095545809036,False,False,False,False
ID0079,2018,NGER,NewGen Kwinana Holdings Pty Ltd,1,1,0,0,0,0,0,0,0,1,7260773.0,2016881.0,793003.0,156.0,793159,0.39326018738834867,False,False,False,False
ID0079,2018,NGER,NRG Victoria 1 Pty Ltd,1,1,0,0,0,1,0,0,0,0,30329899.0,8424972.0,7868001.0,49198.0,7917199,0.9397300074113006,False,False,False,False
ID0079,2018,NGER,Origin Energy Limited,23,4,0,12,0,3,2,0,6,0,76147672.0,21152131.0,17018257.0,287010.0,17305267,0.8181335015370319,False,False,False,False
ID0079,2018,NGER,OzGen Holdings Australia Pty Ltd,2,1,0,0,0,2,0,0,0,0,44446345.0,12346207.0,10828779.0,32878.0,10861657,0.8797565924498107,False,False,False,False
ID0079,2018,NGER,Palisade Solar 1 Pty Ltd,1,1,0,0,0,1,0,0,0,0,438929.0,121925.0,24.0,556.0,580,0.004757022759893377,False,False,False,False
ID0079,2018,NGER,PALISADE WATERLOO HOLDINGS PTY LTD,1,1,0,0,0,0,1,0,0,0,1437310.0,399253.0,82.0,195.0,277,0.0006937956634014022,False,False,False,False
ID0079,2018,NGER,PERTH ENERGY PTY LTD,1,1,0,0,0,0,0,0,0,1,376833.0,104676.0,61160.0,1390.0,62550,0.5975581795253926,False,False,False,False
ID0079,2018,NGER,Pioneer Sail Holdings Pty Limited,6,3,0,0,0,1,0,0,2,3,37284833.0,10356898.0,10774471.0,11197.0,10785668,1.0413994614989932,False,False,False,False
ID0079,2018,NGER,Power and Water Corporation,56,1,0,0,56,0,0,0,0,0,603430.0,167619.0,87637.0,0.0,87637,0.5228345235325351,False,False,False,False
ID0079,2018,NGER,Power Generation Corporation,8,1,0,0,8,0,0,0,0,0,6038429.0,1677341.0,973719.0,0.0,973719,0.580513443599125,False,False,False,False
ID0079,2018,NGER,Pratt Consolidated Holdings Pty. Ltd.,2,2,0,1,0,0,0,0,1,0,126029.0,35008.0,35692.0,12987.0,48679,1.3905107404021937,False,False,False,False
ID0079,2018,NGER,QGC UPSTREAM INVESTMENTS PTY LTD,1,1,0,0,0,1,0,0,0,0,2581747.0,717152.0,318941.0,812.0,319753,0.4458650327963946,False,False,False,False
ID0079,2018,NGER,RATCH - Australia Corporation Pty Ltd,7,4,0,0,0,4,1,0,1,1,3159327.0,877591.0,157814.0,6642.0,164456,0.18739481147823986,False,False,False,False
ID0079,2018,NGER,Regional Power Corporation,10,1,0,0,0,0,0,0,0,10,272248.0,75625.0,43207.0,348.0,43555,0.5759338842975207,False,False,False,False
ID0079,2018,NGER,RENEWABLE POWER AUSTRALIA LIMITED,1,1,0,0,0,1,0,0,0,0,327118.0,90866.0,3226.0,1609.0,4835,0.05321022164505976,False,False,False,False
ID0079,2018,NGER,Rio Tinto Limited,4,1,0,0,0,0,0,0,0,4,6208919.0,1724700.0,933632.0,0.0,933632,0.5413300863918362,False,False,False,False
ID0079,2018,NGER,SALT CREEK WIND FARM PTY LTD,1,1,0,0,0,0,0,0,1,0,622227.0,172841.0,33.0,285.0,318,0.001839841241372128,False,False,False,False
ID0079,2018,NGER,SANTOS LIMITED,1,1,0,1,0,0,0,0,0,0,344941.0,95817.0,52505.0,1.0,52506,0.5479820908607033,False,False,False,False
ID0079,2018,NGER,SHENHUA CLEAN ENERGY HOLDINGS PTY LIMITED,3,1,0,0,0,0,0,3,0,0,4100177.0,1138938.0,326.0,241.0,567,0.0004978321910411278,False,False,False,False
ID0079,2018,NGER,Snowtown South Wind Farm Pty. Ltd.,1,1,0,0,0,0,1,0,0,0,1622122.0,450589.0,97.0,124.0,221,0.000490469141501457,False,False,False,False
ID0079,2018,NGER,Snowtown Wind Farm Pty Ltd,1,1,0,0,0,0,1,0,0,0,1281722.0,356034.0,159.0,243.0,402,0.0011291056472134684,False,False,False,False
ID0079,2018,NGER,Snowtown Wind Farm Stage 2 Pty. Ltd.,1,1,0,0,0,0,1,0,0,0,1617575.0,449326.0,110.0,170.0,280,0.0006231555707882473,False,False,False,False
ID0079,2018,NGER,Snowy Hydro Limited,6,3,0,2,0,0,2,0,2,0,12008740.0,3335761.0,102724.0,295696.0,398420,0.11943901256714734,False,False,False,False
ID0079,2018,NGER,SOLAR FARM INVESTMENTS PTY LTD,1,1,0,1,0,0,0,0,0,0,542132.0,150592.0,6.0,657.0,663,0.004402624309392265,False,False,False,False
ID0079,2018,NGER,SPIC Pacific Energy Pty Ltd,14,5,0,2,0,1,1,0,9,1,5893409.0,1637058.0,2505.0,39.0,2544,0.001554007249590424,False,False,False,False
ID0079,2018,NGER,SRV AGWF Pty Ltd as trustee for the AGWF Trust,1,1,0,0,0,0,0,0,0,1,234416.0,65116.0,12.0,10.0,22,0.0003378585908225321,False,False,False,False
ID0079,2018,NGER,Stanwell Corporation Limited,7,1,0,0,0,7,0,0,0,0,79551509.0,22097642.0,18090469.0,55084.0,18145553,0.8211533610690227,False,False,False,False
ID0079,2018,NGER,Sustainable Energy Infrastructure Holdings Pty Ltd,9,6,0,3,0,1,1,2,1,1,519548.0,144320.0,38173.0,0.0,38173,0.26450249445676277,False,False,False,False
ID0079,2018,NGER,SWF1 Operations Holdings Pty Ltd,1,1,0,1,0,0,0,0,0,0,2683470.0,745408.0,415.0,1825.0,2240,0.00300506568214991,False,False,False,False
ID0079,2018,NGER,TransAlta Energy (Australia) Pty Ltd,5,1,0,0,0,0,0,0,0,5,6167430.0,1713175.0,937068.0,0.0,937068,0.54697739577101,False,False,False,False
ID0079,2018,NGER,Vena Energy Services (Australia) Pty Ltd,1,1,0,0,0,0,1,0,0,0,151716.0,42143.0,21.0,271.0,292,0.006928790071898061,False,False,False,False
ID0079,2018,NGER,Water Corporation,2,1,0,0,0,0,0,0,0,2,18069.0,5019.0,3788.0,0.0,3788,0.7547320183303446,False,False,False,False
ID0079,2018,NGER,YARA AUSTRALIA PTY LTD,1,1,0,0,0,0,0,0,0,1,63634.0,17676.0,19753.0,0.0,19753,1.1175039601719847,False,False,False,False
ID0080,2019,NGER,ACCIONA ENERGY OCEANIA PTY LTD,4,3,0,1,0,0,1,0,2,0,4691617.0,1303227.0,283.0,998.0,1281,0.0009829446443328752,False,False,False,False
ID0080,2019,NGER,ADANI RENEWABLE ASSET HOLDINGS PTY LTD,1,1,0,0,0,1,0,0,0,0,589185.0,163662.0,0.0,0.0,0,0.0,False,False,False,False
ID0080,2019,NGER,AGL ENERGY LIMITED,29,4,0,8,0,0,7,0,13,1,172261031.0,47850286.0,42194318.0,338419.0,42532737,0.8888711135394258,False,False,False,False
ID0080,2019,NGER,ALCOA AUSTRALIAN HOLDINGS PTY LTD,1,1,0,0,0,0,0,0,0,1,6851412.0,1903170.0,1340502.0,302.0,1340804,0.7045108949804799,False,False,False,False
ID0080,2019,NGER,APT PIPELINES LIMITED,7,2,0,0,0,3,0,0,0,4,10764689.0,2990191.0,811407.0,1695.0,813102,0.2719230978890646,False,False,False,False
ID0080,2019,NGER,ARROW ENERGY HOLDINGS PTY LTD,1,1,0,0,0,1,0,0,0,0,1242201.0,345056.0,206961.0,4612.0,211573,0.6131555457664842,False,False,False,False
ID0080,2019,NGER,ATCO AUSTRALIA PTY LTD,2,2,0,0,0,0,1,0,0,1,2965614.0,823782.0,370027.0,2862.0,372889,0.4526549499746292,False,False,False,False
ID0080,2019,NGER,AWF AUS HOLD OP CO PTY LTD,1,1,0,0,0,0,0,0,1,0,2231783.0,619940.0,19.0,1397.0,1416,0.0022840920089040877,False,False,False,False
ID0080,2019,NGER,BALD HILLS WF HOLDINGS PTY LTD,1,1,0,0,0,0,0,0,1,0,1183663.0,328795.0,92.0,648.0,740,0.0022506424976048906,False,False,False,False
ID0080,2019,NGER,BEIJING JINGNENG CLEAN ENERGY (AUSTRALIA) HOLDING PTY LTD,2,1,0,2,0,0,0,0,0,0,2035292.0,565359.0,87.0,327.0,414,0.0007322780746393,False,False,False,False
ID0080,2019,NGER,BHP GROUP LIMITED,1,1,0,0,0,0,0,0,0,1,2630286.0,730635.0,315226.0,0.0,315226,0.43144114366270436,False,False,False,False
ID0080,2019,NGER,BLUEWATERS POWER 1 PTY LTD,1,1,0,0,0,0,0,0,0,1,6277068.0,1743630.0,1469272.0,2534.0,1471806,0.8441045405275202,False,False,False,False
ID0080,2019,NGER,BLUEWATERS POWER 2 PTY LTD,1,1,0,0,0,0,0,0,0,1,6378372.0,1771770.0,1434244.0,1300.0,1435544,0.8102315763332713,False,False,False,False
ID0080,2019,NGER,C S ENERGY LIMITED,4,1,0,0,0,4,0,0,0,0,52769815.0,14658282.0,13199922.0,127219.0,13327141,0.9091884710636622,False,False,False,False
ID0080,2019,NGER,CAPE BYRON MANAGEMENT PTY LTD,2,1,0,2,0,0,0,0,0,0,1488981.0,413606.0,11394.0,2679.0,14073,0.03402513503189025,False,False,False,False
ID0080,2019,NGER,CBWF HOLDINGS PTY LIMITED,1,1,0,0,0,0,0,0,1,0,294999.0,81944.0,6.0,90.0,96,0.0011715317777994728,False,False,False,False
ID0080,2019,NGER,CECEP WIND POWER AUSTRALIA HOLDING PTY LTD,1,1,0,1,0,0,0,0,0,0,1505668.0,418241.0,89.0,241.0,330,0.0007890187714738631,False,False,False,False
ID0080,2019,NGER,CK WILLIAM AUSTRALIA HOLDINGS PTY LTD,49,7,1,11,2,8,3,0,7,17,10665634.0,2962676.0,1336784.0,1160.0,1337944,0.45159983744425647,False,False,False,False
ID0080,2019,NGER,CLARE SOLAR FARM HOLDINGS PTY LTD,1,1,0,0,0,1,0,0,0,0,631256.0,175349.0,187.0,772.0,959,0.005469093065828719,False,False,False,False
ID0080,2019,NGER,CLARKE ENERGY (AUSTRALIA) PTY. LTD.,1,1,0,0,0,1,0,0,0,0,764306.0,212307.0,109246.0,80.0,109326,0.5149429835097289,False,False,False,False
ID0080,2019,NGER,CLEANCO QUEENSLAND LIMITED,4,1,0,0,0,4,0,0,0,0,4549421.0,1263728.0,350388.0,125335.0,475723,0.37644413987820163,False,False,False,False
ID0080,2019,NGER,CONTRACT POWER AUSTRALIA PTY LTD,7,1,0,0,0,0,0,0,0,7,67378.0,18716.0,12839.0,0.0,12839,0.6859905962812567,False,False,False,False
ID0080,2019,NGER,CWF HOLDINGS PTY LTD,1,1,0,0,0,0,0,0,0,1,2465782.0,684939.0,214.0,778.0,992,0.0014483041555525382,False,False,False,False
ID0080,2019,NGER,CWP RENEWABLES PTY LTD,2,1,0,2,0,0,0,0,0,0,1364170.0,378936.0,1406.0,0.0,1406,0.0037103890894504615,False,False,False,False
ID0080,2019,NGER,DELTA ELECTRICITY PTY LTD,1,1,0,1,0,0,0,0,0,0,26561860.0,7378295.0,6471988.0,99519.0,6571507,0.8906538705757902,False,False,False,False
ID0080,2019,NGER,DIF INFRA 4 HOLDINGS AUSTRALIA PTY LTD,1,1,1,0,0,0,0,0,0,0,138519.0,38478.0,0.0,176.0,176,0.004574042309891366,False,False,False,False
ID0080,2019,NGER,DUNDONNELL WIND FARM PTY LTD,1,1,0,0,0,0,0,0,1,0,296736.0,82427.0,5122.0,504.0,5626,0.06825433413808582,False,False,False,False
ID0080,2019,NGER,EDIFY ENERGY PTY. LTD.,6,2,0,0,0,4,0,0,2,0,2787706.0,774363.0,229.0,2967.0,3196,0.004127263311909273,False,False,False,False
ID0080,2019,NGER,ELECTRICITY GENERATION AND RETAIL CORPORATION,13,1,0,0,0,0,0,0,0,13,23056522.0,6404590.0,5440716.0,6164.0,5446880,0.8504650570918669,False,False,False,False
ID0080,2019,NGER,ELECTRICITY NETWORKS CORPORATION,1,1,0,0,0,0,0,0,0,1,480.0,133.0,100.0,0.0,100,0.7518796992481203,False,False,False,False
ID0080,2019,NGER,ELLIOTT GREEN CHILDERS PTY LTD,1,1,0,0,0,1,0,0,0,0,376268.0,104519.0,0.0,284.0,284,0.00271720931122571,False,False,False,False
ID0080,2019,NGER,ELLIOTT GREEN NEVERTIRE PTY LTD,1,1,0,1,0,0,0,0,0,0,194563.0,54045.0,0.0,266.0,266,0.004921824405587936,False,False,False,False
ID0080,2019,NGER,ELLIOTT GREEN SUSAN RIVER PTY LTD,1,1,0,0,0,1,0,0,0,0,483932.0,134426.0,0.0,348.0,348,0.0025887849076815495,False,False,False,False
ID0080,2019,NGER,ENEL GREEN POWER AUSTRALIA PTY LTD,2,1,0,0,0,0,2,0,0,0,1113509.0,309308.0,0.0,0.0,0,0.0,False,False,False,False
ID0080,2019,NGER,ENERGY QUEENSLAND LIMITED,36,1,0,0,0,36,0,0,0,0,444779.0,123550.0,87616.0,843.0,88459,0.7159773371104816,False,False,False,False
ID0080,2019,NGER,ENERGYAUSTRALIA HOLDINGS LIMITED,6,3,0,2,0,0,1,0,3,0,62714927.0,17420813.0,17935921.0,225598.0,18161519,1.0425184519229957,False,False,False,False
ID0080,2019,NGER,ESPERANCE POWER STATION PTY LTD,1,1,0,0,0,0,0,0,0,1,238961.0,66378.0,53217.0,0.0,53217,0.8017264756395192,False,False,False,False
ID0080,2019,NGER,ESSENTIAL ENERGY,1,1,0,1,0,0,0,0,0,0,1526.0,424.0,864.0,258.0,1122,2.6462264150943398,False,False,False,False
ID0080,2019,NGER,FENGATE EXMOUTH ENERGY SPV PTY LTD,1,1,0,0,0,0,0,0,0,1,90058.0,25016.0,17371.0,0.0,17371,0.6943955868244324,False,False,False,False
ID0080,2019,NGER,FINLEY SOLAR HOLDINGS PTY LTD,1,1,0,1,0,0,0,0,0,0,767590.0,213219.0,0.0,860.0,860,0.0040334116565596875,False,False,False,False
ID0080,2019,NGER,FORTESCUE METALS GROUP LTD,1,1,0,0,0,0,0,0,0,1,1085798.0,301611.0,185244.0,0.0,185244,0.6141818435004028,False,False,False,False
ID0080,2019,NGER,FS OAKEY 2 PTY LTD,1,1,0,0,0,1,0,0,0,0,116549.0,32375.0,0.0,0.0,0,0.0,False,False,False,False
ID0080,2019,NGER,GENEX POWER LIMITED,1,1,0,0,0,1,0,0,0,0,430774.0,119659.0,0.0,1272.0,1272,0.010630207506330489,False,False,False,False
ID0080,2019,NGER,GLOBAL POWER GENERATION AUSTRALIA PTY LTD,1,1,0,1,0,0,0,0,0,0,1129250.0,313681.0,87.0,179.0,266,0.0008479952563272879,False,False,False,False
ID0080,2019,NGER,GOLDFIELDS POWER PTY LTD,1,1,0,0,0,0,0,0,0,1,983883.0,273301.0,160536.0,0.0,160536,0.5873963139542117,False,False,False,False
ID0080,2019,NGER,HUGHENDEN SOLAR FARM HOLDCO PTY LTD,1,1,0,0,0,1,0,0,0,0,104073.0,28909.0,0.0,467.0,467,0.016154138849493238,False,False,False,False
ID0080,2019,NGER,HYDRO-ELECTRIC CORPORATION,31,1,0,0,0,0,0,31,0,0,35859377.0,9960938.0,57595.0,6086.0,63681,0.006393072620269296,False,False,False,False
ID0080,2019,NGER,IMPACT INVESTMENT GROUP PTY LTD,6,4,2,0,0,2,0,0,1,1,390188.0,108385.0,22.0,263.0,285,0.002629515154311021,False,False,False,False
ID0080,2019,NGER,INFIGEN ENERGY LIMITED,6,3,0,4,0,0,1,0,0,1,6986867.0,1940796.0,19237.0,4102.0,23339,0.012025478205849559,False,False,False,False
ID0080,2019,NGER,INTERNATIONAL POWER (AUSTRALIA) HOLDINGS PTY LIMITED,8,2,0,0,0,0,7,0,0,1,14736172.0,4093381.0,1601223.0,4861.0,1606084,0.3923612290182614,False,False,False,False
ID0080,2019,NGER,KARADOC SOLAR FARM HOLDCO PTY LTD,1,1,0,0,0,0,0,0,1,0,460149.0,127819.0,0.0,454.0,454,0.0035518976052073634,False,False,False,False
ID0080,2019,NGER,KIAMCO FORESIGHT HANWHA BARCALDINE 1 PTY LTD,1,1,0,0,0,1,0,0,0,0,186432.0,51787.0,0.0,125.0,125,0.002413733176279761,False,False,False,False
ID0080,2019,NGER,KIAMCO HANWHA FORESIGHT BANNERTON PTY LTD,1,1,0,0,0,0,0,0,1,0,442556.0,122932.0,0.0,0.0,0,0.0,False,False,False,False
ID0080,2019,NGER,KIATA WIND FARM HOLDINGS PTY LTD,1,1,0,0,0,0,0,0,1,0,466389.0,129552.0,6.0,197.0,203,0.0015669383722366308,False,False,False,False
ID0080,2019,NGER,LAL LAL WIND FARMS NOM CO PTY LIMITED,1,1,0,0,0,0,0,0,1,0,977734.0,271593.0,668.0,1190.0,1858,0.006841118880088957,False,False,False,False
ID0080,2019,NGER,LGI LIMITED,7,2,1,0,0,6,0,0,0,0,171688.0,47691.0,3150.0,0.0,3150,0.06605019815059446,False,False,False,False
ID0080,2019,NGER,LIGHTHOUSE INFRASTRUCTURE MANAGEMENT LIMITED,1,1,0,0,0,1,0,0,0,0,596696.0,165749.0,15.0,1766.0,1781,0.010745162866744293,False,False,False,False
ID0080,2019,NGER,LILYVALE HOLDINGS CO PTY. LTD.,1,1,0,0,0,1,0,0,0,0,816428.0,226786.0,97.0,625.0,722,0.0031836180363867257,False,False,False,False
ID0080,2019,NGER,LINCOLN GAP OPERATIONS PTY LTD,1,1,0,0,0,0,1,0,0,0,825645.0,229346.0,0.0,275.0,275,0.0011990616797328054,False,False,False,False
ID0080,2019,NGER,LMS ENERGY PTY LTD,28,7,0,6,1,6,4,2,8,1,1666640.0,462955.0,25014.0,0.0,25014,0.05403116933611258,False,False,False,False
ID0080,2019,NGER,LONGREACH NEW HOLDCO PTY LTD,1,1,0,0,0,1,0,0,0,0,123757.0,34377.0,0.0,0.0,0,0.0,False,False,False,False
ID0080,2019,NGER,MERIDIAN ENERGY AUSTRALIA PTY LIMITED,4,3,0,2,0,0,1,0,1,0,2444175.0,678938.0,251.0,323.0,574,0.0008454380223230987,False,False,False,False
ID0080,2019,NGER,MOMENTUM ENERGY PTY LIMITED,5,1,0,0,0,0,0,0,5,0,315985.0,87774.0,85282.0,1712.0,86994,0.9911135415954611,False,False,False,False
ID0080,2019,NGER,MORTONS LANE WIND FARM (HOLDING) PTY LTD,1,1,0,0,0,0,0,0,1,0,243287.0,67580.0,0.0,0.0,0,0.0,False,False,False,False
ID0080,2019,NGER,MUMBIDA WIND FARM NO 1 HOLDINGS PTY LTD,1,1,0,0,0,0,0,0,0,1,690201.0,191722.0,63.0,409.0,472,0.0024618979564160607,False,False,False,False
ID0080,2019,NGER,MURRA WARRA PROJECT CO PTY LTD,1,1,0,0,0,0,0,0,1,0,529224.0,147007.0,6.0,184.0,190,0.0012924554613045636,False,False,False,False
ID0080,2019,NGER,NEOEN AUSTRALIA PTY. LTD.,11,4,0,4,0,0,4,0,2,1,6887810.0,1913281.0,607.0,9750.0,10357,0.005413214263874465,False,False,False,False
ID0080,2019,NGER,NEW ENERGY SOLAR LIMITED,2,1,0,2,0,0,0,0,0,0,1098781.0,305217.0,0.0,797.0,797,0.002611256909018829,False,False,False,False
ID0080,2019,NGER,NEWGEN KWINANA HOLDINGS PTY LTD,1,1,0,0,0,0,0,0,0,1,6207635.0,1724343.0,664160.0,653.0,664813,0.3855456831964406,False,False,False,False
ID0080,2019,NGER,NRG VICTORIA I PTY LTD,1,1,0,0,0,1,0,0,0,0,27368521.0,7602367.0,7241154.0,47079.0,7288233,0.9586794481245118,False,False,False,False
ID0080,2019,NGER,OAKEY 1 NEW HOLDCO PTY LTD,1,1,0,0,0,1,0,0,0,0,220922.0,61367.0,0.0,0.0,0,0.0,False,False,False,False
ID0080,2019,NGER,ORIGIN ENERGY LIMITED,23,4,0,12,0,3,2,0,6,0,68646216.0,19068393.0,15212704.0,274740.0,15487444,0.8122049928381484,False,False,False,False
ID0080,2019,NGER,OZGEN HOLDINGS AUSTRALIA PTY LTD,2,1,0,0,0,2,0,0,0,0,44977119.0,12493644.0,10818784.0,35727.0,10854511,0.868802648770847,False,False,False,False
ID0080,2019,NGER,PALISADE GRANVILLE HARBOUR INVESTMENTS PTY LTD,1,1,0,0,0,0,0,1,0,0,247463.0,68740.0,5303.0,32.0,5335,0.07761128891475123,False,False,False,False
ID0080,2019,NGER,PALISADE SOLAR 1 PTY LTD,1,1,0,0,0,1,0,0,0,0,1069287.0,297024.0,38.0,1192.0,1230,0.004141079508726568,False,False,False,False
ID0080,2019,NGER,PALISADE WATERLOO HOLDINGS PTY LTD,1,1,0,0,0,0,1,0,0,0,1336674.0,371298.0,136.0,232.0,368,0.00099111764674197,False,False,False,False
ID0080,2019,NGER,PIONEER SAIL HOLDINGS PTY LIMITED,6,3,0,0,0,1,0,0,2,3,41119317.0,11422033.0,11704115.0,8116.0,11712231,1.025406860582525,False,False,False,False
ID0080,2019,NGER,POWER AND WATER CORPORATION,56,1,0,0,56,0,0,0,0,0,484004.0,134445.0,86447.0,0.0,86447,0.6429915578861244,False,False,False,False
ID0080,2019,NGER,POWER GENERATION CORPORATION,8,1,0,0,8,0,0,0,0,0,5593810.0,1553836.0,926482.0,0.0,926482,0.5962546883969737,False,False,False,False
ID0080,2019,NGER,PRATT CONSOLIDATED HOLDINGS PTY. LTD.,1,1,0,0,0,0,0,0,1,0,74997.0,20833.0,25861.0,11962.0,37823,1.8155330485287764,False,False,False,False
ID0080,2019,NGER,QGC UPSTREAM INVESTMENTS PTY LTD,1,1,0,0,0,1,0,0,0,0,2442640.0,678511.0,311104.0,1856.0,312960,0.46124528563280476,False,False,False,False
ID0080,2019,NGER,RATCH - AUSTRALIA CORPORATION PTY LTD,7,4,0,0,0,4,1,0,1,1,3584939.0,995816.0,196046.0,7030.0,203076,0.20392923993990858,False,False,False,False
ID0080,2019,NGER,REGIONAL POWER CORPORATION,10,1,0,0,0,0,0,0,0,10,270034.0,75010.0,43360.0,259.0,43619,0.5815091321157179,False,False,False,False
ID0080,2019,NGER,RENEWABLE POWER AUSTRALIA LIMITED,1,1,0,0,0,1,0,0,0,0,204525.0,56812.0,1553.0,1875.0,3428,0.060339364922903614,False,False,False,False
ID0080,2019,NGER,RIO TINTO LIMITED,4,1,0,0,0,0,0,0,0,4,6288661.0,1746850.0,956545.0,0.0,956545,0.5475827918825314,False,False,False,False
ID0080,2019,NGER,RISEN ENERGY (AUSTRALIA) PTY LTD,1,1,0,0,0,1,0,0,0,0,160033.0,44454.0,1.0,0.0,1,2.2495163539838936e-05,False,False,False,False
ID0080,2019,NGER,SALT CREEK WIND FARM PTY LTD,1,1,0,0,0,0,0,0,1,0,640102.0,177806.0,27.0,282.0,309,0.001737849116452763,False,False,False,False
ID0080,2019,NGER,SANTOS LIMITED,1,1,0,1,0,0,0,0,0,0,376171.0,104492.0,56865.0,28.0,56893,0.5444723040998354,False,False,False,False
ID0080,2019,NGER,SHELL ENERGY HOLDINGS AUSTRALIA LIMITED,2,2,0,0,0,1,0,0,0,1,1622650.0,450736.0,274048.0,4813.0,278861,0.618679226864506,False,False,False,False
ID0080,2019,NGER,SHENHUA CLEAN ENERGY HOLDINGS PTY LIMITED,3,1,0,0,0,0,0,3,0,0,4329203.0,1202556.0,314.0,180.0,494,0.0004107916803874414,False,False,False,False
ID0080,2019,NGER,SNOWTOWN SOUTH WIND FARM PTY. LTD.,1,1,0,0,0,0,1,0,0,0,1526254.0,423960.0,72.0,140.0,212,0.0005000471742617228,False,False,False,False
ID0080,2019,NGER,SNOWTOWN WIND FARM PTY LTD,1,1,0,0,0,0,1,0,0,0,1132533.0,314593.0,150.0,296.0,446,0.0014177047804623752,False,False,False,False
ID0080,2019,NGER,SNOWTOWN WIND FARM STAGE 2 PTY. LTD.,1,1,0,0,0,0,1,0,0,0,1530961.0,425267.0,84.0,179.0,263,0.0006184350067134295,False,False,False,False
ID0080,2019,NGER,SNOWY HYDRO LIMITED,6,3,0,2,0,0,2,0,2,0,12168775.0,3380215.0,75886.0,308146.0,384032,0.11361170813099167,False,False,False,False
ID0080,2019,NGER,SOLAR FARM INVESTMENTS PTY LTD,1,1,0,1,0,0,0,0,0,0,520928.0,144702.0,11.0,668.0,679,0.004692402316484914,False,False,False,False
ID0080,2019,NGER,SPIC PACIFIC ENERGY PTY LTD,14,5,0,2,0,1,1,0,9,1,7112695.0,1975749.0,522.0,39.0,561,0.0002839429502431736,False,False,False,False
ID0080,2019,NGER,SRV AGWF PTY LTD,1,1,0,0,0,0,0,0,0,1,336517.0,93477.0,12.0,14.0,26,0.00027814328658386554,False,False,False,False
ID0080,2019,NGER,STANWELL CORPORATION LIMITED,6,1,0,0,0,6,0,0,0,0,72281898.0,20078305.0,17126907.0,63226.0,17190133,0.8561545907386107,False,False,False,False
ID0080,2019,NGER,SUSTAINABLE ENERGY INFRASTRUCTURE HOLDINGS PTY LIMITED,9,6,0,3,0,1,1,2,1,1,794337.0,220649.0,76896.0,0.0,76896,0.348499200087016,False,False,False,False
ID0080,2019,NGER,SWF1 OPERATIONS HOLDINGS PTY LTD,1,1,0,1,0,0,0,0,0,0,2742313.0,761754.0,46.0,0.0,46,6.038694906754674e-05,False,False,False,False
ID0080,2019,NGER,TASMANIAN IRRIGATION PTY LTD,1,1,0,0,0,0,0,1,0,0,141987.0,39441.0,0.0,0.0,0,0.0,False,False,False,False
ID0080,2019,NGER,TRANSALTA ENERGY (AUSTRALIA) PTY LTD,5,1,0,0,0,0,0,0,0,5,6139594.0,1705443.0,920770.0,0.0,920770,0.5399007765137855,False,False,False,False
ID0080,2019,NGER,VENA ENERGY SERVICES (AUSTRALIA) PTY LTD,1,1,0,0,0,0,1,0,0,0,685909.0,190530.0,27.0,565.0,592,0.0031071222379677743,False,False,False,False
ID0080,2019,NGER,WATER CORPORATION,2,1,0,0,0,0,0,0,0,2,18071.0,5020.0,3788.0,0.0,3788,0.754581673306773,False,False,False,False
ID0080,2019,NGER,WEL 1 PTY LTD,2,2,0,0,0,1,0,0,1,0,444346.0,123429.0,3.0,0.0,3,2.4305471161558467e-05,False,False,False,False
ID0080,2019,NGER,WHITE ROCK SOLAR FARM (HOLDING) PTY LTD,1,1,0,1,0,0,0,0,0,0,126868.0,35241.0,0.0,51.0,51,0.001447178002894356,False,False,False,False
ID0080,2019,NGER,WILD CATTLE HILL PTY LTD,1,1,0,0,0,0,0,1,0,0,278313.0,77039.0,113.0,63.0,176,0.002284557172341282,False,False,False,False
ID0080,2019,NGER,YARA AUSTRALIA PTY LTD,1,1,0,0,0,0,0,0,0,1,57594.0,15998.0,22904.0,0.0,22904,1.4316789598699837,False,False,False,False
ID0081,2020,NGER,ACCIONA ENERGY OCEANIA PTY LTD,4,3,0,1,0,0,1,0,2,0,4446099.0,1235027.0,313.0,2211.0,2524,0.0020436800167121854,False,False,False,False
ID0081,2020,NGER,ADANI RENEWABLE ASSET HOLDINGS PTY LTD,1,1,0,0,0,1,0,0,0,0,587856.0,163293.0,0.0,533.0,533,0.0032640713319003266,False,False,False,False
ID0081,2020,NGER,AGL ENERGY LIMITED,31,4,0,10,0,0,7,0,13,1,158993368.0,44164825.0,40170035.0,312429.0,40482464,0.9166223119869715,False,False,False,False
ID0081,2020,NGER,ALCOA AUSTRALIAN HOLDINGS PTY LTD,1,1,0,0,0,0,0,0,0,1,5739815.0,1594393.0,1086799.0,644.0,1087443,0.6820420059546172,False,False,False,False
ID0081,2020,NGER,APT PIPELINES LIMITED,7,2,0,0,0,3,0,0,0,4,10913911.0,3031642.0,871083.0,2138.0,873221,0.28803565856390695,False,False,False,False
ID0081,2020,NGER,ARROW ENERGY HOLDINGS PTY LTD,1,1,0,0,0,1,0,0,0,0,1475610.0,409892.0,246789.0,4578.0,251367,0.613251783396602,False,False,False,False
ID0081,2020,NGER,ATCO AUSTRALIA PTY LTD,2,2,0,0,0,0,1,0,0,1,1926929.0,535258.0,260677.0,3787.0,264464,0.4940869636698564,False,False,False,False
ID0081,2020,NGER,AWF AUS HOLD OP CO PTY LTD,1,1,0,0,0,0,0,0,1,0,2049563.0,569323.0,100.0,1637.0,1737,0.003050992143300025,False,False,False,False
ID0081,2020,NGER,BALD HILLS WF HOLDINGS PTY LTD,1,1,0,0,0,0,0,0,1,0,1228860.0,341350.0,97.0,673.0,770,0.0022557492309945803,False,False,False,False
ID0081,2020,NGER,BEI WWF PTY LTD,1,1,0,0,0,0,0,0,0,1,1797588.0,499330.0,994.0,547.0,1541,0.0030861354214647627,False,False,False,False
ID0081,2020,NGER,BEIJING JINGNENG CLEAN ENERGY (AUSTRALIA) HOLDING PTY LTD,3,1,0,3,0,0,0,0,0,0,2198051.0,610570.0,79.0,1016.0,1095,0.0017934061614556889,False,False,False,False
ID0081,2020,NGER,BHP GROUP LIMITED,1,1,0,0,0,0,0,0,0,1,2691050.0,747514.0,343639.0,0.0,343639,0.4597091158158911,False,False,False,False
ID0081,2020,NGER,BLUEWATERS POWER 1 PTY LTD,1,1,0,0,0,0,0,0,0,1,5808996.0,1613610.0,1216374.0,3063.0,1219437,0.7557197835908305,False,False,False,False
ID0081,2020,NGER,BLUEWATERS POWER 2 PTY LTD,1,1,0,0,0,0,0,0,0,1,6083427.0,1689841.0,1254100.0,2211.0,1256311,0.7434492357565001,False,False,False,False
ID0081,2020,NGER,C S ENERGY LIMITED,3,1,0,0,0,3,0,0,0,0,47951538.0,13319872.0,11898836.0,68609.0,11967445,0.8984654657342053,False,False,False,False
ID0081,2020,NGER,CAPE BYRON MANAGEMENT PTY LTD,2,1,0,2,0,0,0,0,0,0,1292323.0,358979.0,15357.0,2742.0,18099,0.05041799102454461,False,False,False,False
ID0081,2020,NGER,CBWF HOLDINGS PTY LIMITED,1,1,0,0,0,0,0,0,1,0,292965.0,81379.0,15.0,73.0,88,0.001081360056034112,False,False,False,False
ID0081,2020,NGER,CECEP WIND POWER AUSTRALIA HOLDING PTY LTD,1,1,0,1,0,0,0,0,0,0,1825006.0,506946.0,74.0,312.0,386,0.0007614223211150694,False,False,False,False
ID0081,2020,NGER,CK WILLIAM AUSTRALIA HOLDINGS PTY LTD,49,7,1,11,2,8,3,0,7,17,10274576.0,2854049.0,1462684.0,961.0,1463645,0.5128310691232001,False,False,False,False
ID0081,2020,NGER,CLARE SOLAR FARM HOLDINGS PTY LTD,1,1,0,0,0,1,0,0,0,0,726307.0,201752.0,80.0,840.0,920,0.0045600539275942745,False,False,False,False
ID0081,2020,NGER,CLARKE ENERGY (AUSTRALIA) PTY. LTD.,1,1,0,0,0,1,0,0,0,0,406375.0,112882.0,61562.0,660.0,62222,0.5512127708580642,False,False,False,False
ID0081,2020,NGER,CLEANCO QUEENSLAND LIMITED,4,1,0,0,0,4,0,0,0,0,7270362.0,2019545.0,440477.0,306888.0,747365,0.37006602972451713,False,False,False,False
ID0081,2020,NGER,CONTRACT POWER AUSTRALIA PTY LTD,7,1,0,0,0,0,0,0,0,7,74417.0,20671.0,14327.0,0.0,14327,0.6930966087755793,False,False,False,False
ID0081,2020,NGER,CWF HOLDINGS PTY LTD,1,1,0,0,0,0,0,0,0,1,2486495.0,690693.0,247.0,1346.0,1593,0.0023063792451928715,False,False,False,False
ID0081,2020,NGER,DELTA ELECTRICITY PTY LTD,1,1,0,1,0,0,0,0,0,0,24372427.0,6770119.0,6367344.0,98996.0,6466340,0.9551294445489067,False,False,False,False
ID0081,2020,NGER,DIF INFRA 4 HOLDINGS AUSTRALIA PTY LTD,1,1,1,0,0,0,0,0,0,0,124964.0,34712.0,0.0,170.0,170,0.004897441806867942,False,False,False,False
ID0081,2020,NGER,DUNDONNELL WIND FARM PTY LTD,1,1,0,0,0,0,0,0,1,0,2930100.0,813917.0,243.0,484.0,727,0.0008932114699656108,False,False,False,False
ID0081,2020,NGER,EDIFY ENERGY PTY. LTD.,7,3,0,1,0,4,0,0,2,0,3542107.0,983919.0,466.0,2842.0,3308,0.003362065373267515,False,False,False,False
ID0081,2020,NGER,ELECTRICITY GENERATION AND RETAIL CORPORATION,13,1,0,0,0,0,0,0,0,13,21800554.0,6055709.0,5156091.0,4436.0,5160527,0.8521755256073236,False,False,False,False
ID0081,2020,NGER,ELECTRICITY NETWORKS CORPORATION,1,1,0,0,0,0,0,0,0,1,249.0,69.0,50.0,0.0,50,0.7246376811594203,False,False,False,False
ID0081,2020,NGER,ELLIOTT GREEN CHILDERS PTY LTD,1,1,0,0,0,1,0,0,0,0,389998.0,108333.0,14.0,279.0,293,0.0027046237065344817,False,False,False,False
ID0081,2020,NGER,ELLIOTT GREEN NEVERTIRE PTY LTD,1,1,0,1,0,0,0,0,0,0,846065.0,235018.0,11.0,628.0,639,0.0027189406768843238,False,False,False,False
ID0081,2020,NGER,ELLIOTT GREEN SUSAN RIVER PTY LTD,1,1,0,0,0,1,0,0,0,0,545836.0,151621.0,17.0,379.0,396,0.002611775413695992,False,False,False,False
ID0081,2020,NGER,ENEL GREEN POWER AUSTRALIA PTY LTD,2,1,0,0,0,0,2,0,0,0,1796639.0,499066.0,0.0,0.0,0,0.0,False,False,False,False
ID0081,2020,NGER,ENERGY QUEENSLAND LIMITED,36,1,0,0,0,36,0,0,0,0,493780.0,137161.0,94935.0,831.0,95766,0.6982013837752714,False,False,False,False
ID0081,2020,NGER,ENERGYAUSTRALIA HOLDINGS LIMITED,6,3,0,2,0,0,1,0,3,0,65282248.0,18133958.0,18696747.0,190230.0,18886977,1.041525352600905,False,False,False,False
ID0081,2020,NGER,ESPERANCE POWER STATION PTY LTD,1,1,0,0,0,0,0,0,0,1,244361.0,67878.0,54077.0,0.0,54077,0.7966793364565838,False,False,False,False
ID0081,2020,NGER,ESSENTIAL ENERGY,1,1,0,1,0,0,0,0,0,0,266.0,74.0,0.0,255.0,255,3.445945945945946,False,False,False,False
ID0081,2020,NGER,FENGATE EXMOUTH ENERGY SPV PTY LTD,1,1,0,0,0,0,0,0,0,1,96975.0,26937.0,18780.0,0.0,18780,0.6971823142888963,False,False,False,False
ID0081,2020,NGER,FINLEY SOLAR HOLDINGS PTY LTD,1,1,0,1,0,0,0,0,0,0,1052225.0,292285.0,0.0,993.0,993,0.003397369006278119,False,False,False,False
ID0081,2020,NGER,FORTESCUE METALS GROUP LTD,1,1,0,0,0,0,0,0,0,1,1082415.0,300671.0,183646.0,0.0,183646,0.61078720594936,False,False,False,False
ID0081,2020,NGER,FS OAKEY 2 PTY LTD,1,1,0,0,0,1,0,0,0,0,373189.0,103664.0,0.0,0.0,0,0.0,False,False,False,False
ID0081,2020,NGER,GENEX POWER LIMITED,2,2,0,1,0,1,0,0,0,0,499518.0,138755.0,0.0,1540.0,1540,0.011098699145976722,False,False,False,False
ID0081,2020,NGER,GLENROWAN SUN FARM PTY LTD,1,1,0,0,0,0,0,0,1,0,50710.0,14086.0,5.0,93.0,98,0.006957262530171802,False,False,False,False
ID0081,2020,NGER,GLOBAL POWER GENERATION AUSTRALIA PTY LTD,2,2,0,1,0,0,0,0,1,0,1602424.0,445118.0,2306.0,821.0,3127,0.007025103455712867,False,False,False,False
ID0081,2020,NGER,GOLDFIELDS POWER PTY LTD,1,1,0,0,0,0,0,0,0,1,941977.0,261661.0,146132.0,0.0,146132,0.5584783364735287,False,False,False,False
ID0081,2020,NGER,GOONUMBLA HOLDINGS CO PTY. LTD.,1,1,0,1,0,0,0,0,0,0,475866.0,132185.0,19.0,447.0,466,0.003525362181790672,False,False,False,False
ID0081,2020,NGER,GRAND BARGAIN HOLDCO PTY LTD,4,1,0,4,0,0,0,0,0,0,4458263.0,1238406.0,5839.0,3300.0,9139,0.007379647708425185,False,False,False,False
ID0081,2020,NGER,HYDRO-ELECTRIC CORPORATION,31,1,0,0,0,0,0,31,0,0,30276820.0,8410228.0,51310.0,7854.0,59164,0.0070347676662273605,False,False,False,False
ID0081,2020,NGER,IMPACT INVESTMENT GROUP PTY LTD,6,4,2,0,0,2,0,0,1,1,543425.0,150951.0,30.0,309.0,339,0.0022457618697458116,False,False,False,False
ID0081,2020,NGER,INFIGEN ENERGY LIMITED,9,4,0,4,0,0,3,0,1,1,6939130.0,1927536.0,23931.0,6220.0,30151,0.015642250002075187,False,False,False,False
ID0081,2020,NGER,INTERNATIONAL POWER (AUSTRALIA) HOLDINGS PTY LIMITED,8,2,0,0,0,0,7,0,0,1,13739528.0,3816535.0,1439135.0,5461.0,1444596,0.3785098263215194,False,False,False,False
ID0081,2020,NGER,KARADOC SOLAR FARM HOLDCO PTY LTD,1,1,0,0,0,0,0,0,1,0,670513.0,186254.0,0.0,430.0,430,0.0023086752499275184,False,False,False,False
ID0081,2020,NGER,KIAMCO FORESIGHT HANWHA BARCALDINE 1 PTY LTD,1,1,0,0,0,1,0,0,0,0,117337.0,32594.0,0.0,0.0,0,0.0,False,False,False,False
ID0081,2020,NGER,KIAMCO HANWHA FORESIGHT BANNERTON PTY LTD,1,1,0,0,0,0,0,0,1,0,649559.0,180433.0,0.0,0.0,0,0.0,False,False,False,False
ID0081,2020,NGER,KIATA WIND FARM HOLDINGS PTY LTD,1,1,0,0,0,0,0,0,1,0,409784.0,113829.0,33.0,316.0,349,0.003066002512540741,False,False,False,False
ID0081,2020,NGER,LAL LAL WIND FARMS NOM CO PTY LIMITED,1,1,0,0,0,0,0,0,1,0,1989633.0,552676.0,37.0,1044.0,1081,0.0019559380179345583,False,False,False,False
ID0081,2020,NGER,LGI LIMITED,7,2,1,0,0,6,0,0,0,0,291206.0,80891.0,7066.0,0.0,7066,0.08735211581016429,False,False,False,False
ID0081,2020,NGER,LIGHTHOUSE INFRASTRUCTURE MANAGEMENT LIMITED,1,1,0,0,0,1,0,0,0,0,557952.0,154987.0,30.0,1449.0,1479,0.009542735842360973,False,False,False,False
ID0081,2020,NGER,LILYVALE HOLDINGS CO PTY. LTD.,1,1,0,0,0,1,0,0,0,0,697547.0,193763.0,54.0,622.0,676,0.003488798170961432,False,False,False,False
ID0081,2020,NGER,LINCOLN GAP OPERATIONS PTY LTD,1,1,0,0,0,0,1,0,0,0,1582585.0,439607.0,0.0,320.0,320,0.0007279228947673717,False,False,False,False
ID0081,2020,NGER,LMS ENERGY PTY LTD,30,7,0,6,1,7,5,2,8,1,1767316.0,490921.0,35287.0,0.0,35287,0.07187918219020983,False,False,False,False
ID0081,2020,NGER,LONGREACH ASSET COMPANY PTY LTD,1,1,0,0,0,1,0,0,0,0,116119.0,32255.0,0.0,0.0,0,0.0,False,False,False,False
ID0081,2020,NGER,LONGREACH NEW HOLDCO PTY LTD,1,1,0,0,0,1,0,0,0,0,116119.0,32255.0,0.0,0.0,0,0.0,False,False,False,False
ID0081,2020,NGER,LS AUSTRALIA HOLDCO1 PTY LTD,1,1,0,1,0,0,0,0,0,0,174242.0,48400.0,980.0,536.0,1516,0.031322314049586776,False,False,False,False
ID0081,2020,NGER,MERIDIAN ENERGY AUSTRALIA PTY LIMITED,5,3,0,3,0,0,1,0,1,0,2801322.0,778145.0,703.0,390.0,1093,0.0014046225317903476,False,False,False,False
ID0081,2020,NGER,MOMENTUM ENERGY PTY LIMITED,5,1,0,0,0,0,0,0,5,0,261945.0,72762.0,77440.0,1935.0,79375,1.0908853522443034,False,False,False,False
ID0081,2020,NGER,MOORABOOL WIND FARM (HOLDING) PTY LTD,1,1,0,0,0,0,0,0,1,0,249956.0,69432.0,64.0,68044.0,68108,0.9809309828321235,False,False,False,False
ID0081,2020,NGER,MORTONS LANE WIND FARM (HOLDING) PTY LTD,1,1,0,0,0,0,0,0,1,0,214066.0,59463.0,0.0,45.0,45,0.0007567731194187983,False,False,False,False
ID0081,2020,NGER,MUMBIDA WIND FARM NO 1 HOLDINGS PTY LTD,1,1,0,0,0,0,0,0,0,1,720925.0,200257.0,34.0,730.0,764,0.003815097599584534,False,False,False,False
ID0081,2020,NGER,MURRA WARRA PROJECT CO PTY LTD,1,1,0,0,0,0,0,0,1,0,2632275.0,731187.0,52.0,509.0,561,0.0007672455883378671,False,False,False,False
ID0081,2020,NGER,NEOEN AUSTRALIA PTY. LTD.,11,4,0,4,0,0,4,0,2,1,8038747.0,2232985.0,541.0,10103.0,10644,0.004766713614287601,False,False,False,False
ID0081,2020,NGER,NEW ENERGY SOLAR LIMITED,2,1,0,2,0,0,0,0,0,0,951980.0,264439.0,0.0,849.0,849,0.003210570301657471,False,False,False,False
ID0081,2020,NGER,NEWGEN KWINANA HOLDINGS PTY LTD,1,1,0,0,0,0,0,0,0,1,7297874.0,2027187.0,795750.0,156.0,795906,0.39261597474727294,False,False,False,False
ID0081,2020,NGER,NRG VICTORIA I PTY LTD,1,1,0,0,0,1,0,0,0,0,23114397.0,6420666.0,6269417.0,55468.0,6324885,0.9850823886494018,False,False,False,False
ID0081,2020,NGER,OAKEY 1 ASSET COMPANY PTY LTD,1,1,0,1,0,0,0,0,0,0,187381.0,52050.0,0.0,0.0,0,0.0,False,False,False,False
ID0081,2020,NGER,OAKEY 1 NEW HOLDCO PTY LTD,1,1,0,0,0,1,0,0,0,0,187381.0,52050.0,0.0,0.0,0,0.0,False,False,False,False
ID0081,2020,NGER,ORIGIN ENERGY LIMITED,20,4,0,9,0,3,2,0,6,0,62776842.0,17438011.0,14099662.0,171678.0,14271340,0.8184041173044334,False,False,False,False
ID0081,2020,NGER,OZGEN HOLDINGS AUSTRALIA PTY LTD,2,1,0,0,0,2,0,0,0,0,41035072.0,11398631.0,9807134.0,33040.0,9840174,0.8632768268399951,False,False,False,False
ID0081,2020,NGER,PALISADE GRANVILLE HARBOUR INVESTMENTS PTY LTD,1,1,0,0,0,0,0,1,0,0,1222624.0,339618.0,283.0,210.0,493,0.0014516309500674288,False,False,False,False
ID0081,2020,NGER,PALISADE SOLAR 1 PTY LTD,1,1,0,0,0,1,0,0,0,0,966896.0,268582.0,137.0,791.0,928,0.0034551831470463396,False,False,False,False
ID0081,2020,NGER,PALISADE WATERLOO HOLDINGS PTY LTD,1,1,0,0,0,0,1,0,0,0,1207301.0,335361.0,36.0,216.0,252,0.0007514290570459892,False,False,False,False
ID0081,2020,NGER,PIONEER SAIL HOLDINGS PTY LIMITED,7,3,0,0,0,1,0,0,2,4,39662140.0,11017261.0,10746160.0,12416.0,10758576,0.9765200261662131,False,False,False,False
ID0081,2020,NGER,POWER AND WATER CORPORATION,56,1,0,0,56,0,0,0,0,0,488570.0,135715.0,88023.0,0.0,88023,0.6485871126994068,False,False,False,False
ID0081,2020,NGER,POWER GENERATION CORPORATION,8,1,0,0,8,0,0,0,0,0,5289805.0,1469390.0,933234.0,0.0,933234,0.6351166130162856,False,False,False,False
ID0081,2020,NGER,PRATT CONSOLIDATED HOLDINGS PTY. LTD.,1,1,0,0,0,0,0,0,1,0,74980.0,20828.0,23483.0,11018.0,34501,1.6564720568465527,False,False,False,False
ID0081,2020,NGER,QGC UPSTREAM INVESTMENTS PTY LTD,1,1,0,0,0,1,0,0,0,0,929342.0,258150.0,122294.0,4442.0,126736,0.4909393763315902,False,False,False,False
ID0081,2020,NGER,QS MAPS HOLDINGS NO. 3 PTY LTD,3,2,0,0,0,0,1,0,2,0,235516.0,65421.0,0.0,50.0,50,0.0007642805826875163,False,False,False,False
ID0081,2020,NGER,RATCH - AUSTRALIA CORPORATION PTY LTD,8,5,0,1,0,4,1,0,1,1,3722602.0,1034056.0,218508.0,8690.0,227198,0.21971537324864418,False,False,False,False
ID0081,2020,NGER,REGIONAL POWER CORPORATION,10,1,0,0,0,0,0,0,0,10,262007.0,72780.0,44957.0,65.0,45022,0.6186040120912338,False,False,False,False
ID0081,2020,NGER,RENEWABLE POWER AUSTRALIA LIMITED,1,1,0,0,0,1,0,0,0,0,187160.0,51989.0,1811.0,1422.0,3233,0.06218623170286022,False,False,False,False
ID0081,2020,NGER,RIO TINTO LIMITED,4,1,0,0,0,0,0,0,0,4,6128721.0,1702422.0,959733.0,0.0,959733,0.5637456517831654,False,False,False,False
ID0081,2020,NGER,RISEN ENERGY AUSTRALIA HOLDINGS PTY LTD,2,2,0,0,0,1,0,0,0,1,1248356.0,346765.0,1.0,0.0,1,2.8837973843957724e-06,False,False,False,False
ID0081,2020,NGER,RWE RENEWABLES AUSTRALIA PTY LTD,1,1,0,1,0,0,0,0,0,0,756178.0,210050.0,95.0,1445.0,1540,0.0073315877172101885,False,False,False,False
ID0081,2020,NGER,SALT CREEK WIND FARM PTY LTD,1,1,0,0,0,0,0,0,1,0,563282.0,156467.0,45.0,271.0,316,0.002019595186205398,False,False,False,False
ID0081,2020,NGER,SANTOS LIMITED,1,1,0,1,0,0,0,0,0,0,414459.0,115127.0,62633.0,10.0,62643,0.5441208404631407,False,False,False,False
ID0081,2020,NGER,SHELL ENERGY HOLDINGS AUSTRALIA LIMITED,2,2,0,0,0,1,0,0,0,1,888590.0,246831.0,154288.0,5509.0,159797,0.6473943710473968,False,False,False,False
ID0081,2020,NGER,SHENHUA CLEAN ENERGY HOLDINGS PTY LIMITED,3,1,0,0,0,0,0,3,0,0,3705390.0,1029275.0,446.0,304.0,750,0.0007286682373515339,False,False,False,False
ID0081,2020,NGER,SNOWTOWN WIND FARM PTY LTD,1,1,0,0,0,0,1,0,0,0,1132533.0,314593.0,147.0,289.0,436,0.001385917677761425,False,False,False,False
ID0081,2020,NGER,SNOWY HYDRO LIMITED,6,3,0,2,0,0,2,0,2,0,17632487.0,4897913.0,86417.0,221312.0,307729,0.06282859658797532,False,False,False,False
ID0081,2020,NGER,SOLAR FARM INVESTMENTS PTY LTD,1,1,0,1,0,0,0,0,0,0,484784.0,134662.0,15.0,680.0,695,0.005161069938067161,False,False,False,False
ID0081,2020,NGER,SPARK INFRASTRUCTURE HOLDINGS NO. 1 PTY LIMITED,1,1,0,1,0,0,0,0,0,0,722837.0,200788.0,34.0,636.0,670,0.0033368527999681256,False,False,False,False
ID0081,2020,NGER,SPIC PACIFIC ENERGY PTY LTD,14,5,0,2,0,1,1,0,9,1,6713825.0,1864951.0,557.0,2669.0,3226,0.0017298041610744734,False,False,False,False
ID0081,2020,NGER,SRV AGWF PTY LTD,1,1,0,0,0,0,0,0,0,1,207656.0,57682.0,24.0,9.0,33,0.0005721022155958531,False,False,False,False
ID0081,2020,NGER,STANWELL CORPORATION LIMITED,4,1,0,0,0,4,0,0,0,0,73286488.0,20357358.0,17661239.0,56826.0,17718065,0.8703518894740663,False,False,False,False
ID0081,2020,NGER,SUNRAYSIA SOLAR FARM HOLDINGS PTY LTD,1,1,0,1,0,0,0,0,0,0,316206.0,87835.0,0.0,1969.0,1969,0.022417031934877898,False,False,False,False
ID0081,2020,NGER,SUSTAINABLE ENERGY INFRASTRUCTURE HOLDINGS PTY LIMITED,9,6,0,3,0,1,1,2,1,1,520148.0,144486.0,52417.0,0.0,52417,0.36278255332696596,False,False,False,False
ID0081,2020,NGER,THE TRUSTEE FOR GRSF TRUST,1,1,0,0,0,0,0,0,0,1,300610.0,83503.0,132.0,192.0,324,0.003880100116163491,False,False,False,False
ID0081,2020,NGER,THE UNIVERSITY OF QUEENSLAND,1,1,0,0,0,1,0,0,0,0,73434.0,20398.0,45.0,360.0,405,0.019854887734091577,False,False,False,False
ID0081,2020,NGER,TINSEL BIDCO PTY LTD,2,1,0,0,0,0,2,0,0,0,3013420.0,837061.0,141.0,243.0,384,0.0004587479287650482,False,False,False,False
ID0081,2020,NGER,TRANSALTA ENERGY (AUSTRALIA) PTY LTD,5,1,0,0,0,0,0,0,0,5,5661638.0,1572677.0,873931.0,0.0,873931,0.5556964335333956,False,False,False,False
ID0081,2020,NGER,VENA ENERGY SERVICES (AUSTRALIA) PTY LTD,1,1,0,0,0,0,1,0,0,0,621994.0,172776.0,78.0,740.0,818,0.004734453859332315,False,False,False,False
ID0081,2020,NGER,WATER CORPORATION,2,1,0,0,0,0,0,0,0,2,18394.0,5110.0,3869.0,0.0,3869,0.7571428571428571,False,False,False,False
ID0081,2020,NGER,WEL 1 PTY LTD,2,2,0,0,0,1,0,0,1,0,1305281.0,362578.0,85.0,5202.0,5287,0.014581690008770527,False,False,False,False
ID0081,2020,NGER,WHITE ROCK SOLAR FARM (HOLDING) PTY LTD,1,1,0,1,0,0,0,0,0,0,135137.0,37538.0,0.0,51.0,51,0.001358623261761415,False,False,False,False
ID0081,2020,NGER,WILD CATTLE HILL PTY LTD,1,1,0,0,0,0,0,1,0,0,1562847.0,434124.0,64.0,175.0,239,0.0005505339488256812,False,False,False,False
ID0081,2020,NGER,YARA AUSTRALIA PTY LTD,1,1,0,0,0,0,0,0,0,1,115658.0,32127.0,24350.0,0.0,24350,0.7579294674261524,False,False,False,False
ID0081,2020,NGER,YATPOOL SOLAR FARM HOLDCO PTY LTD,1,1,0,0,0,0,0,0,1,0,180910.0,50253.0,0.0,610.0,610,0.012138578791315942,False,False,False,False
ID0082,2021,NGER,ACCIONA ENERGY OCEANIA PTY LTD,4,3,0,1,0,0,1,0,2,0,4483212.0,1245337.0,363.0,1932.0,2295,0.0018428746596302848,False,False,False,False
ID0082,2021,NGER,ADANI RENEWABLE ASSET HOLDINGS PTY LTD,1,1,0,0,0,1,0,0,0,0,615760.0,171045.0,1.0,577.0,578,0.003379227688619954,False,False,False,False
ID0082,2021,NGER,AGL ENERGY LIMITED,30,4,0,9,0,0,7,0,13,1,157439215.0,43733115.0,39470353.0,346570.0,39816923,0.910452479774194,False,False,False,False
ID0082,2021,NGER,ALCOA AUSTRALIAN HOLDINGS PTY LTD,1,1,0,0,0,0,0,0,0,1,4476808.0,1243558.0,921917.0,402.0,922319,0.7416775092114722,False,False,False,False
ID0082,2021,NGER,AMP AUSTRALIA HOLDINGS PTY LTD,1,1,0,1,0,0,0,0,0,0,278539.0,77372.0,4.0,657.0,661,0.008543142221992452,False,False,False,False
ID0082,2021,NGER,AMP ENERGY AUSTRALIA 1-1 PTY LTD,1,1,0,1,0,0,0,0,0,0,134931.0,37481.0,4.0,345.0,349,0.009311384434780289,False,False,False,False
ID0082,2021,NGER,APA INFRASTRUCTURE LIMITED,7,2,0,0,0,3,0,0,0,4,11249756.0,3124932.0,875741.0,2566.0,878307,0.2810643559603857,False,False,False,False
ID0082,2021,NGER,ARET PLATFORM PTY LIMITED,1,1,0,0,0,0,1,0,0,0,1368408.0,380113.0,59.0,175.0,234,0.0006156064117775504,False,False,False,False
ID0082,2021,NGER,ARROW ENERGY HOLDINGS PTY LTD,1,1,0,0,0,1,0,0,0,0,1995952.0,554431.0,341822.0,4036.0,345858,0.6238071103527761,False,False,False,False
ID0082,2021,NGER,ATCO AUSTRALIA PTY LTD,2,2,0,0,0,0,1,0,0,1,2603380.0,723161.0,326553.0,2884.0,329437,0.45555139173710973,False,False,False,False
ID0082,2021,NGER,AWF AUS HOLD OP CO PTY LTD,1,1,0,0,0,0,0,0,1,0,1955185.0,543107.0,101.0,1159.0,1260,0.002319984828035728,False,False,False,False
ID0082,2021,NGER,BALD HILLS WF HOLDINGS PTY LTD,1,1,0,0,0,0,0,0,1,0,1309240.0,363678.0,83.0,610.0,693,0.0019055318166069984,False,False,False,False
ID0082,2021,NGER,BANPU AUSTRALIA CO. PTY LTD,2,1,0,2,0,0,0,0,0,0,789569.0,219325.0,179.0,844.0,1023,0.004664310954063605,False,False,False,False
ID0082,2021,NGER,BEI WWF PTY LTD,1,1,0,0,0,0,0,0,0,1,2402008.0,667225.0,250.0,464.0,714,0.0010701037880774852,False,False,False,False
ID0082,2021,NGER,BEIJING JINGNENG CLEAN ENERGY (AUSTRALIA) HOLDING PTY LTD,3,1,0,3,0,0,0,0,0,0,2746097.0,762805.0,85.0,1005.0,1090,0.0014289366220724825,False,False,False,False
ID0082,2021,NGER,BHP GROUP LIMITED,1,1,0,0,0,0,0,0,0,1,2864387.0,795663.0,340554.0,0.0,340554,0.42801286474298794,False,False,False,False
ID0082,2021,NGER,BLUEWATERS POWER 1 PTY LTD,1,1,0,0,0,0,0,0,0,1,5890096.0,1636138.0,1190420.0,1529.0,1191949,0.7285137317267859,False,False,False,False
ID0082,2021,NGER,BLUEWATERS POWER 2 PTY LTD,1,1,0,0,0,0,0,0,0,1,5380768.0,1494658.0,1124051.0,1859.0,1125910,0.7532893812497574,False,False,False,False
ID0082,2021,NGER,C S ENERGY LIMITED,3,1,0,0,0,3,0,0,0,0,44657554.0,12404876.0,11070449.0,45789.0,11116238,0.8961184295594732,False,False,False,False
ID0082,2021,NGER,CAPE BYRON MANAGEMENT PTY LTD,2,1,0,2,0,0,0,0,0,0,921993.0,256109.0,7664.0,5466.0,13130,0.05126723387307748,False,False,False,False
ID0082,2021,NGER,CBWF HOLDINGS PTY LIMITED,1,1,0,0,0,0,0,0,1,0,295280.0,82022.0,27.0,85.0,112,0.0013654873082831435,False,False,False,False
ID0082,2021,NGER,CECEP WIND POWER AUSTRALIA HOLDING PTY LTD,1,1,0,1,0,0,0,0,0,0,1914875.0,531910.0,64.0,352.0,416,0.0007820871952021959,False,False,False,False
ID0082,2021,NGER,CHERRY TREE HOLD CO PTY LTD,1,1,0,0,0,0,0,0,1,0,620959.0,172488.0,44.0,398.0,442,0.002562497101247623,False,False,False,False
ID0082,2021,NGER,CHILDERS HOLDCO PTY LTD,1,1,0,0,0,1,0,0,0,0,399810.0,111058.0,14.0,306.0,320,0.0028813772983486106,False,False,False,False
ID0082,2021,NGER,CK WILLIAM AUSTRALIA HOLDINGS PTY LTD,48,6,0,11,2,8,3,0,7,17,9524224.0,2645616.0,1299768.0,338.0,1300106,0.49141901167818763,False,False,False,False
ID0082,2021,NGER,CLARE SOLAR FARM HOLDINGS PTY LTD,1,1,0,0,0,1,0,0,0,0,740436.0,205677.0,133.0,814.0,947,0.004604306752821171,False,False,False,False
ID0082,2021,NGER,CLARKE ENERGY (AUSTRALIA) PTY. LTD.,1,1,0,0,0,1,0,0,0,0,75328.0,20924.0,10131.0,1192.0,11323,0.5411489199005927,False,False,False,False
ID0082,2021,NGER,CLEANCO QUEENSLAND LIMITED,4,1,0,0,0,4,0,0,0,0,4798691.0,1332970.0,89688.0,457618.0,547306,0.4105913861527266,False,False,False,False
ID0082,2021,NGER,CWF HOLDINGS PTY LTD,1,1,0,0,0,0,0,0,0,1,2510318.0,697310.0,226.0,1610.0,1836,0.002632975290760207,False,False,False,False
ID0082,2021,NGER,DELTA ELECTRICITY PTY LTD,1,1,0,1,0,0,0,0,0,0,24221493.0,6728193.0,6356146.0,79485.0,6435631,0.9565170024106027,False,False,False,False
ID0082,2021,NGER,DIF INFRA 4 HOLDINGS AUSTRALIA PTY LTD,1,1,1,0,0,0,0,0,0,0,115909.0,32197.0,0.0,191.0,191,0.005932229710842625,False,False,False,False
ID0082,2021,NGER,DUNDONNELL WIND FARM PTY LTD,1,1,0,0,0,0,0,0,1,0,3974313.0,1103976.0,198.0,1487.0,1685,0.0015263012964049944,False,False,False,False
ID0082,2021,NGER,EDIFY ENERGY PTY. LTD.,7,3,0,1,0,4,0,0,2,0,4414868.0,1226352.0,414.0,2447.0,2861,0.002332935405169152,False,False,False,False
ID0082,2021,NGER,ELECTRICITY GENERATION AND RETAIL CORPORATION,12,1,0,0,0,0,0,0,0,12,25571212.0,7103114.0,5842560.0,5296.0,5847856,0.823280606224256,False,False,False,False
ID0082,2021,NGER,ELECTRICITY NETWORKS CORPORATION,1,1,0,0,0,0,0,0,0,1,1114.0,310.0,142.0,0.0,142,0.45806451612903226,False,False,False,False
ID0082,2021,NGER,ENEL GREEN POWER AUSTRALIA PTY LTD,2,1,0,0,0,0,2,0,0,0,1704468.0,473463.0,0.0,0.0,0,0.0,False,False,False,False
ID0082,2021,NGER,ENERGY QUEENSLAND LIMITED,41,2,0,0,0,40,0,0,1,0,589774.0,163827.0,102023.0,737.0,102760,0.6272470349820237,False,False,False,False
ID0082,2021,NGER,ENERGYAUSTRALIA HOLDINGS LIMITED,7,3,0,2,0,0,1,0,4,0,58296968.0,16193602.0,16171052.0,196031.0,16367083,1.0107129346515988,False,False,False,False
ID0082,2021,NGER,ESPERANCE POWER STATION PTY LTD,1,1,0,0,0,0,0,0,0,1,151608.0,42113.0,32942.0,0.0,32942,0.7822287654643459,False,False,False,False
ID0082,2021,NGER,ESSENTIAL ENERGY,1,1,0,1,0,0,0,0,0,0,35.0,10.0,0.0,240.0,240,24.0,False,False,False,False
ID0082,2021,NGER,FENGATE EXMOUTH ENERGY SPV PTY LTD,1,1,0,0,0,0,0,0,0,1,97178.0,26994.0,18784.0,0.0,18784,0.6958583388901237,False,False,False,False
ID0082,2021,NGER,FERGUSON HOLDCO PTY LTD,1,1,0,0,0,0,0,0,1,0,169144.0,46984.0,0.0,54.0,54,0.0011493274306146773,False,False,False,False
ID0082,2021,NGER,FINLEY SOLAR HOLDINGS PTY LTD,1,1,0,1,0,0,0,0,0,0,901068.0,250296.0,0.0,1010.0,1010,0.004035222296800588,False,False,False,False
ID0082,2021,NGER,FORTESCUE METALS GROUP LTD,1,1,0,0,0,0,0,0,0,1,1029715.0,286032.0,176950.0,0.0,176950,0.618637075571964,False,False,False,False
ID0082,2021,NGER,FS OAKEY 2 PTY LTD,1,1,0,0,0,1,0,0,0,0,344561.0,95711.0,0.0,0.0,0,0.0,False,False,False,False
ID0082,2021,NGER,GENEX POWER LIMITED,2,2,0,1,0,1,0,0,0,0,821784.0,228273.0,0.0,1898.0,1898,0.008314605757141668,False,False,False,False
ID0082,2021,NGER,GLOBAL POWER GENERATION AUSTRALIA PTY LTD,3,3,1,1,0,0,0,0,1,0,3255743.0,904373.0,240.0,843.0,1083,0.0011975147422578958,False,False,False,False
ID0082,2021,NGER,GOLDFIELDS POWER PTY LTD,1,1,0,0,0,0,0,0,0,1,528493.0,146804.0,82021.0,0.0,82021,0.5587109343069672,False,False,False,False
ID0082,2021,NGER,GOONUMBLA HOLDINGS CO PTY. LTD.,1,1,0,1,0,0,0,0,0,0,494624.0,137396.0,35.0,455.0,490,0.003566333808844508,False,False,False,False
ID0082,2021,NGER,GRAND BARGAIN HOLDCO PTY LTD,4,1,0,4,0,0,0,0,0,0,6144160.0,1706711.0,468.0,3363.0,3831,0.0022446682537348153,False,False,False,False
ID0082,2021,NGER,HYDRO POWER PTY. LIMITED,2,1,0,2,0,0,0,0,0,0,371628.0,103230.0,0.0,0.0,0,0.0,False,False,False,False
ID0082,2021,NGER,HYDRO-ELECTRIC CORPORATION,32,1,0,0,0,0,0,32,0,0,35235233.0,9787564.0,41888.0,11029.0,52917,0.005406554685108572,False,False,False,False
ID0082,2021,NGER,IBERDROLA AUSTRALIA LIMITED,9,3,0,4,0,0,4,0,0,1,6824945.0,1895819.0,46982.0,6665.0,53647,0.028297532623103788,False,False,False,False
ID0082,2021,NGER,INTERNATIONAL POWER (AUSTRALIA) HOLDINGS PTY LIMITED,7,2,0,0,0,0,6,0,0,1,7825565.0,2173768.0,861906.0,5794.0,867700,0.39916863253116247,False,False,False,False
ID0082,2021,NGER,KARADOC SOLAR FARM HOLDCO PTY LTD,1,1,0,0,0,0,0,0,1,0,602970.0,167492.0,0.0,429.0,429,0.0025613163613784538,False,False,False,False
ID0082,2021,NGER,KENNEDY ENERGY PARK HOLDINGS PTY LTD,1,1,0,0,0,1,0,0,0,0,214798.0,59666.0,53.0,194.0,247,0.004139711058224114,False,False,False,False
ID0082,2021,NGER,KIAMCO FORESIGHT HANWHA BARCALDINE 1 PTY LTD,1,1,0,0,0,1,0,0,0,0,107045.0,29735.0,0.0,0.0,0,0.0,False,False,False,False
ID0082,2021,NGER,KIAMCO HANWHA FORESIGHT BANNERTON PTY LTD,1,1,0,0,0,0,0,0,1,0,506099.0,140583.0,0.0,0.0,0,0.0,False,False,False,False
ID0082,2021,NGER,KIATA WIND FARM HOLDINGS PTY LTD,1,1,0,0,0,0,0,0,1,0,458297.0,127305.0,47.0,269.0,316,0.002482227720827933,False,False,False,False
ID0082,2021,NGER,LAL LAL WIND FARMS NOM CO PTY LIMITED,1,1,0,0,0,0,0,0,1,0,1739477.0,483188.0,115.0,1346.0,1461,0.003023667806319693,False,False,False,False
ID0082,2021,NGER,LGI LIMITED,7,2,1,0,0,6,0,0,0,0,329882.0,91634.0,8821.0,0.0,8821,0.09626339568282516,False,False,False,False
ID0082,2021,NGER,LIGHTHOUSE INFRASTRUCTURE MANAGEMENT LIMITED,1,1,0,0,0,1,0,0,0,0,553269.0,153686.0,33.0,1196.0,1229,0.007996824694506981,False,False,False,False
ID0082,2021,NGER,LILYVALE HOLDINGS CO PTY. LTD.,1,1,0,0,0,1,0,0,0,0,744584.0,206829.0,54.0,638.0,692,0.0033457590569987766,False,False,False,False
ID0082,2021,NGER,LINCOLN GAP OPERATIONS PTY LTD,1,1,0,0,0,0,1,0,0,0,1949868.0,541630.0,0.0,6532.0,6532,0.012059893285083913,False,False,False,False
ID0082,2021,NGER,LMS ENERGY PTY LTD,34,7,0,7,1,7,5,4,8,2,1828809.0,508002.0,36204.0,0.0,36204,0.07126743595497656,False,False,False,False
ID0082,2021,NGER,LONGREACH NEW HOLDCO PTY LTD,1,1,0,0,0,1,0,0,0,0,117208.0,32558.0,0.0,0.0,0,0.0,False,False,False,False
ID0082,2021,NGER,LS AUSTRALIA HOLDCO1 PTY LTD,1,1,0,1,0,0,0,0,0,0,1148043.0,318901.0,45.0,1238.0,1283,0.004023192150542018,False,False,False,False
ID0082,2021,NGER,MAROONA WIND FARM PTY LTD,1,1,0,0,0,0,0,0,1,0,107647.0,29902.0,0.0,25.0,25,0.0008360644772924888,False,False,False,False
ID0082,2021,NGER,METKA EGN AUSTRALIA HOLDINGS PTY LTD,3,1,0,3,0,0,0,0,0,0,383575.0,106548.0,0.0,514.0,514,0.004824116829973345,False,False,False,False
ID0082,2021,NGER,MOMENTUM ENERGY PTY LIMITED,5,1,0,0,0,0,0,0,5,0,117581.0,32661.0,40982.0,1133.0,42115,1.2894583754324729,False,False,False,False
ID0082,2021,NGER,MOORABOOL WIND FARM (HOLDING) PTY LTD,1,1,0,0,0,0,0,0,1,0,777359.0,215933.0,38.0,701.0,739,0.0034223578610031815,False,False,False,False
ID0082,2021,NGER,MOREE HOLDINGS CO PTY LTD,1,1,0,1,0,0,0,0,0,0,16348.0,4541.0,1.0,30.0,31,0.006826690156353226,False,False,False,False
ID0082,2021,NGER,MORTONS LANE WIND FARM (HOLDING) PTY LTD,1,1,0,0,0,0,0,0,1,0,228005.0,63335.0,0.0,37.0,37,0.0005841951527591379,False,False,False,False
ID0082,2021,NGER,MUMBIDA WIND FARM NO 1 HOLDINGS PTY LTD,1,1,0,0,0,0,0,0,0,1,740004.0,205557.0,32.0,357.0,389,0.0018924191343520289,False,False,False,False
ID0082,2021,NGER,MURRA WARRA PROJECT CO PTY LTD,1,1,0,0,0,0,0,0,1,0,2134098.0,592805.0,46.0,357.0,403,0.0006798188274390398,False,False,False,False
ID0082,2021,NGER,NEOEN AUSTRALIA PTY. LTD.,13,5,0,4,0,1,4,0,3,1,8251767.0,2292158.0,1231.0,26450.0,27681,0.012076392639599889,False,False,False,False
ID0082,2021,NGER,NEVERTIRE HOLDCO PTY LTD,1,1,0,1,0,0,0,0,0,0,840823.0,233562.0,23.0,620.0,643,0.0027530163297111686,False,False,False,False
ID0082,2021,NGER,NEWGEN KWINANA HOLDINGS PTY LTD,1,1,0,0,0,0,0,0,0,1,6913710.0,1920475.0,760427.0,643.0,761070,0.39629258386597066,False,False,False,False
ID0082,2021,NGER,NRG VICTORIA I PTY LTD,1,1,0,0,0,1,0,0,0,0,21280468.0,5911241.0,5827328.0,51559.0,5878887,0.9945266992159515,False,False,False,False
ID0082,2021,NGER,OAKEY 1 NEW HOLDCO PTY LTD,1,1,0,0,0,1,0,0,0,0,164288.0,45636.0,0.0,0.0,0,0.0,False,False,False,False
ID0082,2021,NGER,ORIGIN ENERGY LIMITED,19,4,0,8,0,3,2,0,6,0,55136088.0,15315580.0,12033894.0,172792.0,12206686,0.7970110175390027,False,False,False,False
ID0082,2021,NGER,OZGEN HOLDINGS AUSTRALIA PTY LTD,2,1,0,0,0,2,0,0,0,0,32503838.0,9028844.0,7576232.0,10152.0,7586384,0.8402386839334027,False,False,False,False
ID0082,2021,NGER,PACIFIC ENERGY PTY LTD,8,1,0,0,0,0,0,0,0,8,208830.0,58008.0,36579.0,0.0,36579,0.6305854364915184,False,False,False,False
ID0082,2021,NGER,PALISADE GRANVILLE HARBOUR INVESTMENTS PTY LTD,1,1,0,0,0,0,0,1,0,0,1380448.0,383458.0,74.0,115.0,189,0.0004928831840775261,False,False,False,False
ID0082,2021,NGER,PALISADE SOLAR 1 PTY LTD,1,1,0,0,0,1,0,0,0,0,996740.0,276873.0,241.0,777.0,1018,0.0036767759947701653,False,False,False,False
ID0082,2021,NGER,PALISADE WATERLOO HOLDINGS PTY LTD,1,1,0,0,0,0,1,0,0,0,1330014.0,369448.0,32.0,174.0,206,0.0005575886186960005,False,False,False,False
ID0082,2021,NGER,PEAK RENEWABLES HOLDINGS PTY LTD,5,3,0,3,0,0,1,0,1,0,3284220.0,912283.0,225.0,157.0,382,0.00041872971435398884,False,False,False,False
ID0082,2021,NGER,PIONEER SAIL HOLDINGS PTY LIMITED,7,3,0,0,0,1,0,0,2,4,42167940.0,11713316.0,11210957.0,9478.0,11220435,0.9579213093883918,False,False,False,False
ID0082,2021,NGER,POWER AND WATER CORPORATION,56,1,0,0,56,0,0,0,0,0,513990.0,142776.0,91790.0,0.0,91790,0.6428951644534096,False,False,False,False
ID0082,2021,NGER,POWER GENERATION CORPORATION,8,1,0,0,8,0,0,0,0,0,5604022.0,1556672.0,898676.0,0.0,898676,0.5773059449903384,False,False,False,False
ID0082,2021,NGER,PRATT CONSOLIDATED HOLDINGS PTY. LTD.,1,1,0,0,0,0,0,0,1,0,81289.0,22580.0,24082.0,10143.0,34225,1.5157218777679362,False,False,False,False
ID0082,2021,NGER,QGC UPSTREAM INVESTMENTS PTY LTD,1,1,0,0,0,1,0,0,0,0,843806.0,234391.0,105190.0,4858.0,110048,0.4695060817181547,False,False,False,False
ID0082,2021,NGER,QS MAPS HOLDINGS NO. 3 PTY LTD,4,2,0,0,0,0,2,0,2,0,256398.0,71222.0,0.0,63.0,63,0.0008845581421470894,False,False,False,False
ID0082,2021,NGER,RATCH - AUSTRALIA CORPORATION PTY LTD,8,5,0,1,0,4,1,0,1,1,5484015.0,1523338.0,180917.0,7822.0,188739,0.1238983075325371,False,False,False,False
ID0082,2021,NGER,REGIONAL POWER CORPORATION,13,1,0,0,0,0,0,0,0,13,287212.0,79781.0,47229.0,19.0,47248,0.5922212055501936,False,False,False,False
ID0082,2021,NGER,RENEWABLE POWER AUSTRALIA LIMITED,1,1,0,0,0,1,0,0,0,0,119514.0,33198.0,1339.0,0.0,1339,0.04033375504548467,False,False,False,False
ID0082,2021,NGER,RIO TINTO LIMITED,4,1,0,0,0,0,0,0,0,4,6327492.0,1757637.0,982453.0,0.0,982453,0.5589624023618074,False,False,False,False
ID0082,2021,NGER,RISEN ENERGY AUSTRALIA HOLDINGS PTY LTD,2,2,0,0,0,1,0,0,0,1,1677418.0,465949.0,1.0,0.0,1,2.14615762669305e-06,False,False,False,False
ID0082,2021,NGER,RWE RENEWABLES AUSTRALIA PTY LTD,1,1,0,1,0,0,0,0,0,0,1820063.0,505573.0,105.0,1967.0,2072,0.004098320123899021,False,False,False,False
ID0082,2021,NGER,SALT CREEK WIND FARM PTY LTD,1,1,0,0,0,0,0,0,1,0,555160.0,154211.0,51.0,341.0,392,0.002541971714080059,False,False,False,False
ID0082,2021,NGER,SANTOS LIMITED,1,1,0,1,0,0,0,0,0,0,468328.0,130091.0,74304.0,5.0,74309,0.5712078468149219,False,False,False,False
ID0082,2021,NGER,SEBASTOPOL HOLDINGS CO PTY LTD,1,1,0,1,0,0,0,0,0,0,298342.0,82873.0,9.0,0.0,9,0.00010859990588008157,False,False,False,False
ID0082,2021,NGER,SENTIENT IMPACT GROUP PTY LTD,6,4,2,0,0,2,0,0,1,1,537369.0,149269.0,48.0,302.0,350,0.002344760131038595,False,False,False,False
ID0082,2021,NGER,SHELL ENERGY HOLDINGS AUSTRALIA LIMITED,2,2,0,0,0,1,0,0,0,1,1206929.0,335258.0,209922.0,5416.0,215338,0.6423053290301798,False,False,False,False
ID0082,2021,NGER,SHENHUA CLEAN ENERGY HOLDINGS PTY LIMITED,3,1,0,0,0,0,0,3,0,0,3463983.0,962217.0,1135.0,249.0,1384,0.0014383449887083683,False,False,False,False
ID0082,2021,NGER,SNOWTOWN WIND FARM PTY LTD,1,1,0,0,0,0,1,0,0,0,1143882.0,317745.0,125.0,253.0,378,0.0011896331964311004,False,False,False,False
ID0082,2021,NGER,SNOWY HYDRO LIMITED,6,3,0,2,0,0,2,0,2,0,18597047.0,5165846.0,384161.0,483115.0,867276,0.16788653784878604,False,False,False,False
ID0082,2021,NGER,SOLAR FARM INVESTMENTS PTY LTD,1,1,0,1,0,0,0,0,0,0,415490.0,115414.0,20.0,650.0,670,0.005805188278718353,False,False,False,False
ID0082,2021,NGER,SPARK INFRASTRUCTURE HOLDINGS NO. 1 PTY LIMITED,1,1,0,1,0,0,0,0,0,0,731879.0,203300.0,49.0,655.0,704,0.0034628627643876046,False,False,False,False
ID0082,2021,NGER,SPIC PACIFIC ENERGY PTY LTD,14,5,0,2,0,1,1,0,9,1,7004302.0,1945638.0,542.0,2922.0,3464,0.0017803928582809342,False,False,False,False
ID0082,2021,NGER,SRV AGWF PTY LTD,1,1,0,0,0,0,0,0,0,1,209472.0,58187.0,23.0,16.0,39,0.0006702528056095004,False,False,False,False
ID0082,2021,NGER,STANWELL CORPORATION LIMITED,3,1,0,0,0,3,0,0,0,0,70964548.0,19712375.0,17277586.0,59331.0,17336917,0.8794940741539261,False,False,False,False
ID0082,2021,NGER,STOCKYARD HILL WIND FARM (HOLDING) PTY LTD,1,1,0,0,0,0,0,0,1,0,3344044.0,928901.0,152.0,3477.0,3629,0.0039067672443026755,False,False,False,False
ID0082,2021,NGER,SUNRAYSIA SOLAR FARM HOLDINGS PTY LTD,1,1,0,1,0,0,0,0,0,0,1318995.0,366388.0,5.0,4620.0,4625,0.012623230018450386,False,False,False,False
ID0082,2021,NGER,SUSAN RIVER HOLDCO PTY LTD,1,1,0,0,0,1,0,0,0,0,539310.0,149808.0,17.0,387.0,404,0.0026967852184129016,False,False,False,False
ID0082,2021,NGER,SUSTAINABLE ENERGY INFRASTRUCTURE HOLDINGS PTY LIMITED,7,5,0,2,0,1,1,2,0,1,158844.0,44124.0,20795.0,0.0,20795,0.4712854682259088,False,False,False,False
ID0082,2021,NGER,THE TRUSTEE FOR GRSF TRUST,1,1,0,0,0,0,0,0,0,1,361270.0,100353.0,5.0,202.0,207,0.002062718603330244,False,False,False,False
ID0082,2021,NGER,TINSEL BIDCO PTY LTD,2,1,0,0,0,0,2,0,0,0,3192759.0,886877.0,97.0,206.0,303,0.0003416482781716067,False,False,False,False
ID0082,2021,NGER,TRANSALTA ENERGY (AUSTRALIA) PTY LTD,5,1,0,0,0,0,0,0,0,5,5854213.0,1626170.0,882132.0,0.0,882132,0.5424598904173611,False,False,False,False
ID0082,2021,NGER,VENA ENERGY SERVICES (AUSTRALIA) PTY LTD,1,1,0,0,0,0,1,0,0,0,635714.0,176587.0,60.0,601.0,661,0.0037431974041124204,False,False,False,False
ID0082,2021,NGER,WATER CORPORATION,2,1,0,0,0,0,0,0,0,2,18382.0,5106.0,3853.0,0.0,3853,0.754602428515472,False,False,False,False
ID0082,2021,NGER,WEL 1 PTY LTD,2,2,0,0,0,1,0,0,1,0,913822.0,253840.0,390.0,4759.0,5149,0.020284431137724553,False,False,False,False
ID0082,2021,NGER,WHITE ROCK SOLAR FARM (HOLDING) PTY LTD,1,1,0,1,0,0,0,0,0,0,119111.0,33086.0,0.0,51.0,51,0.001541437465997703,False,False,False,False
ID0082,2021,NGER,WILD CATTLE HILL PTY LTD,1,1,0,0,0,0,0,1,0,0,1559506.0,433196.0,64.0,189.0,253,0.0005840312468259172,False,False,False,False
ID0082,2021,NGER,WINTON HOLDINGS CO PTY. LTD.,1,1,0,0,0,0,0,0,1,0,563484.0,156523.0,31.0,0.0,31,0.0001980539601208768,False,False,False,False
ID0082,2021,NGER,WIRTGEN ENERGY GLENROWAN PTY. LTD,1,1,0,0,0,0,0,0,1,0,744045.0,206679.0,234.0,609.0,843,0.004078788846472065,False,False,False,False
ID0082,2021,NGER,YARA AUSTRALIA PTY LTD,1,1,0,0,0,0,0,0,0,1,95779.0,26605.0,18073.0,0.0,18073,0.6793084006765645,False,False,False,False
ID0082,2021,NGER,YATPOOL SOLAR FARM HOLDCO PTY LTD,1,1,0,0,0,0,0,0,1,0,497375.0,138160.0,0.0,392.0,392,0.0028372900984365954,False,False,False,False
ID0083,2022,NGER,ACCIONA ENERGY OCEANIA PTY LTD,5,3,0,1,0,0,1,0,3,0,4460154.0,1238932.0,438.0,2938.0,3376,0.0027249275989319833,False,False,False,False
ID0083,2022,NGER,ADANI RENEWABLE ASSET HOLDINGS PTY LTD,1,1,0,0,0,1,0,0,0,0,584026.0,162229.0,0.0,505.0,505,0.003112883639793132,False,False,False,False
ID0083,2022,NGER,AGL ENERGY LIMITED,31,5,0,9,0,1,7,0,13,1,146534883.0,40704134.0,34726466.0,264217.0,34990683,0.8596346258097519,False,False,False,False
ID0083,2022,NGER,ALCOA AUSTRALIAN HOLDINGS PTY LTD,1,1,0,0,0,0,0,0,0,1,5892286.0,1636746.0,1299678.0,268.0,1299946,0.7942258603350795,False,False,False,False
ID0083,2022,NGER,AMP AUSTRALIA HOLDINGS PTY LTD,1,1,0,1,0,0,0,0,0,0,743457.0,206516.0,22.0,962.0,984,0.004764763989230859,False,False,False,False
ID0083,2022,NGER,AMP ENERGY AUSTRALIA 1-1 PTY LTD,1,1,0,1,0,0,0,0,0,0,133087.0,36969.0,20.0,397.0,417,0.0112797208471963,False,False,False,False
ID0083,2022,NGER,APA INFRASTRUCTURE LIMITED,7,2,0,0,0,3,0,0,0,4,10311528.0,2864313.0,781028.0,1141.0,782169,0.27307385750090857,False,False,False,False
ID0083,2022,NGER,ARET PLATFORM PTY LIMITED,1,1,0,0,0,0,1,0,0,0,1268619.0,352394.0,63.0,155.0,218,0.0006186257427765512,False,False,False,False
ID0083,2022,NGER,ARROW ENERGY HOLDINGS PTY LTD,1,1,0,0,0,1,0,0,0,0,2163259.0,600905.0,348883.0,3819.0,352702,0.5869513483828559,False,False,False,False
ID0083,2022,NGER,ATCO AUSTRALIA PTY LTD,2,2,0,0,0,0,1,0,0,1,1953826.0,542730.0,259035.0,2539.0,261574,0.48195972214544985,False,False,False,False
ID0083,2022,NGER,ATMOS QUEENSLAND SOLAR PTY LTD,2,1,0,0,0,2,0,0,0,0,906709.0,251864.0,42.0,637.0,679,0.0026958993742654765,False,False,False,False
ID0083,2022,NGER,ATMOS TOPCO PTY LTD,2,2,0,1,0,0,0,0,1,0,1321480.0,367078.0,77.0,762.0,839,0.002285617770610061,False,False,False,False
ID0083,2022,NGER,AWF AUS HOLD OP CO PTY LTD,1,1,0,0,0,0,0,0,1,0,1575716.0,437699.0,101.0,859.0,960,0.0021932880815354844,False,False,False,False
ID0083,2022,NGER,BALD HILLS WF HOLDINGS PTY LTD,1,1,0,0,0,0,0,0,1,0,1241976.0,344993.0,83.0,646.0,729,0.0021130863524767168,False,False,False,False
ID0083,2022,NGER,BANPU AUSTRALIA CO. PTY LTD,2,1,0,2,0,0,0,0,0,0,809364.0,224823.0,48.0,761.0,809,0.0035983862861006214,False,False,False,False
ID0083,2022,NGER,BEI WWF PTY LTD,1,1,0,0,0,0,0,0,0,1,2097367.0,582602.0,180.0,485.0,665,0.0011414310283864456,False,False,False,False
ID0083,2022,NGER,BEIJING JINGNENG CLEAN ENERGY (AUSTRALIA) HOLDING PTY LTD,3,1,0,3,0,0,0,0,0,0,3171103.0,880862.0,83.0,1400.0,1483,0.001683578131421267,False,False,False,False
ID0083,2022,NGER,BHP GROUP LIMITED,1,1,0,0,0,0,0,0,0,1,2815536.0,782093.0,336179.0,0.0,336179,0.42984529972778174,False,False,False,False
ID0083,2022,NGER,BLUEWATERS POWER 1 PTY LTD,1,1,0,0,0,0,0,0,0,1,3608412.0,1002337.0,707580.0,6090.0,713670,0.7120060418801262,False,False,False,False
ID0083,2022,NGER,BLUEWATERS POWER 2 PTY LTD,1,1,0,0,0,0,0,0,0,1,4950249.0,1375069.0,964833.0,736.0,965569,0.7021967624897368,False,False,False,False
ID0083,2022,NGER,C S ENERGY LIMITED,3,1,0,0,0,3,0,0,0,0,35043504.0,9734307.0,8727629.0,29891.0,8757520,0.8996552091484273,False,False,False,False
ID0083,2022,NGER,CAPE BYRON MANAGEMENT PTY LTD,2,1,0,2,0,0,0,0,0,0,990858.0,275238.0,8896.0,4686.0,13582,0.04934638385688023,False,False,False,False
ID0083,2022,NGER,CBWF HOLDINGS PTY LIMITED,1,1,0,0,0,0,0,0,1,0,264034.0,73343.0,26.0,73.0,99,0.0013498220689090984,False,False,False,False
ID0083,2022,NGER,CECEP WIND POWER AUSTRALIA HOLDING PTY LTD,1,1,0,1,0,0,0,0,0,0,1781185.0,494774.0,61.0,410.0,471,0.0009519497790910598,False,False,False,False
ID0083,2022,NGER,CHERRY TREE HOLD CO PTY LTD,1,1,0,0,0,0,0,0,1,0,610489.0,169580.0,49.0,301.0,350,0.0020639226323858947,False,False,False,False
ID0083,2022,NGER,CK WILLIAM AUSTRALIA HOLDINGS PTY LTD,46,6,0,11,3,8,3,0,7,14,9281624.0,2578228.0,1305249.0,488.0,1305737,0.5064474515054526,False,False,False,False
ID0083,2022,NGER,CLARE SOLAR FARM HOLDINGS PTY LTD,1,1,0,0,0,1,0,0,0,0,654568.0,181824.0,114.0,90.0,204,0.0011219640971488912,False,False,False,False
ID0083,2022,NGER,CLEANCO QUEENSLAND LIMITED,4,1,0,0,0,4,0,0,0,0,7486072.0,2079464.0,337714.0,523192.0,860906,0.4140038009794832,False,False,False,False
ID0083,2022,NGER,CWF HOLDINGS PTY LTD,1,1,0,0,0,0,0,0,0,1,2411682.0,669912.0,163.0,1077.0,1240,0.0018509893836802446,False,False,False,False
ID0083,2022,NGER,DIF INFRA 4 HOLDINGS AUSTRALIA PTY LTD,1,1,1,0,0,0,0,0,0,0,116935.0,32482.0,0.0,159.0,159,0.004895018779631796,False,False,False,False
ID0083,2022,NGER,DUNDONNELL WIND FARM PTY LTD,1,1,0,0,0,0,0,0,1,0,3695260.0,1026461.0,227.0,1531.0,1758,0.001712680754553753,False,False,False,False
ID0083,2022,NGER,EDIFY GROUP HOLDINGS PTY LTD,6,4,0,1,1,2,0,0,2,0,4154064.0,1153907.0,388.0,2430.0,2818,0.0024421378845955522,False,False,False,False
ID0083,2022,NGER,ELECTRICITY GENERATION AND RETAIL CORPORATION,14,1,0,0,0,0,0,0,0,14,25086136.0,6968371.0,5359592.0,2847.0,5362439,0.7695398250179274,False,False,False,False
ID0083,2022,NGER,ELECTRICITY NETWORKS CORPORATION,1,1,0,0,0,0,0,0,0,1,1524.0,423.0,331.0,0.0,331,0.7825059101654847,False,False,False,False
ID0083,2022,NGER,ENEL GREEN POWER AUSTRALIA PTY LTD,3,2,0,0,0,0,2,0,1,0,1821607.0,506002.0,0.0,0.0,0,0.0,False,False,False,False
ID0083,2022,NGER,ENERGY QUEENSLAND LIMITED,41,2,0,0,0,40,0,0,1,0,567395.0,157609.0,95561.0,674.0,96235,0.6105933036818963,False,False,False,False
ID0083,2022,NGER,ENERGYAUSTRALIA HOLDINGS LIMITED,8,3,0,2,0,0,1,0,5,0,59397035.0,16499177.0,17383708.0,181652.0,17565360,1.0646203747011138,False,False,False,False
ID0083,2022,NGER,ESSENTIAL ENERGY,1,1,0,1,0,0,0,0,0,0,0.0,0.0,0.0,0.0,0,,False,False,False,False
ID0083,2022,NGER,EWP AUSTRALIA PTY LTD,1,1,0,0,0,1,0,0,0,0,769495.0,213748.0,67.0,1972.0,2039,0.009539270542882273,False,False,False,False
ID0083,2022,NGER,FENGATE EXMOUTH ENERGY SPV PTY LTD,1,1,0,0,0,0,0,0,0,1,91596.0,25443.0,17643.0,0.0,17643,0.693432378257281,False,False,False,False
ID0083,2022,NGER,FINLEY SOLAR HOLDINGS PTY LTD,1,1,0,1,0,0,0,0,0,0,1033401.0,287056.0,0.0,897.0,897,0.003124825817958865,False,False,False,False
ID0083,2022,NGER,FORTESCUE METALS GROUP LTD,2,1,0,0,0,0,0,0,0,2,1194901.0,331917.0,214364.0,0.0,214364,0.6458361578346394,False,False,False,False
ID0083,2022,NGER,FS OAKEY 2 PTY LTD,1,1,0,0,0,1,0,0,0,0,392233.0,108954.0,0.0,0.0,0,0.0,False,False,False,False
ID0083,2022,NGER,GENEX POWER LIMITED,2,2,0,1,0,1,0,0,0,0,802894.0,223026.0,0.0,1637.0,1637,0.007339951395801386,False,False,False,False
ID0083,2022,NGER,GENTARI RENEWABLES AUSTRALIA PTY LTD,2,2,0,0,0,1,0,0,1,0,1152329.0,320091.0,380.0,4942.0,5322,0.01662652183285378,False,False,False,False
ID0083,2022,NGER,GENUITY PTY LTD,2,1,0,0,0,2,0,0,0,0,25279244.0,7022012.0,5931404.0,12937.0,5944341,0.8465295986392504,False,False,False,False
ID0083,2022,NGER,GLENCORE HOLDINGS PTY LIMITED,1,1,0,0,0,1,0,0,0,0,538113.0,149476.0,49174.0,0.0,49174,0.32897588910594344,False,False,False,False
ID0083,2022,NGER,GLOBAL POWER GENERATION AUSTRALIA PTY LTD,7,4,1,2,0,0,0,0,3,1,3355860.0,932183.0,5142.0,2586.0,7728,0.008290217693307001,False,False,False,False
ID0083,2022,NGER,GOLDFIELDS POWER PTY LTD,1,1,0,0,0,0,0,0,0,1,271994.0,75554.0,43918.0,0.0,43918,0.5812796145803002,False,False,False,False
ID0083,2022,NGER,GOONUMBLA HOLDINGS CO PTY. LTD.,1,1,0,1,0,0,0,0,0,0,422450.0,117347.0,16.0,381.0,397,0.0033831286696719984,False,False,False,False
ID0083,2022,NGER,GRAND BARGAIN HOLDCO PTY LTD,5,2,0,4,0,1,0,0,0,0,7260020.0,2016673.0,7732.0,3394.0,11126,0.005517007467249277,False,False,False,False
ID0083,2022,NGER,HUGHENDEN SOLAR FARM HOLDCO PTY LTD,1,1,0,0,0,1,0,0,0,0,122821.0,34117.0,0.0,442.0,442,0.012955418119998828,False,False,False,False
ID0083,2022,NGER,HYDRO POWER PTY. LIMITED,2,1,0,2,0,0,0,0,0,0,300715.0,83532.0,0.0,0.0,0,0.0,False,False,False,False
ID0083,2022,NGER,HYDRO-ELECTRIC CORPORATION,31,1,0,0,0,0,0,31,0,0,30461099.0,8461417.0,59040.0,9746.0,68786,0.008129371238883512,False,False,False,False
ID0083,2022,NGER,IBERDROLA AUSTRALIA LIMITED,9,3,0,4,0,0,4,0,0,1,8518729.0,2366314.0,33530.0,4853.0,38383,0.016220586109873838,False,False,False,False
ID0083,2022,NGER,INTERNATIONAL POWER (AUSTRALIA) HOLDINGS PTY LIMITED,6,1,0,0,0,0,6,0,0,0,6885615.0,1912671.0,770306.0,3768.0,774074,0.4047083894721047,False,False,False,False
ID0083,2022,NGER,KARADOC SOLAR FARM HOLDCO PTY LTD,1,1,0,0,0,0,0,0,1,0,655226.0,182007.0,0.0,384.0,384,0.002109808963391518,False,False,False,False
ID0083,2022,NGER,KENNEDY ENERGY PARK HOLDINGS PTY LTD,1,1,0,0,0,1,0,0,0,0,557982.0,154995.0,54.0,84.0,138,0.0008903513016548921,False,False,False,False
ID0083,2022,NGER,KIAMCO FORESIGHT HANWHA BARCALDINE 1 PTY LTD,1,1,0,0,0,1,0,0,0,0,117558.0,32655.0,0.0,0.0,0,0.0,False,False,False,False
ID0083,2022,NGER,KIAMCO HANWHA FORESIGHT BANNERTON PTY LTD,1,1,0,0,0,0,0,0,1,0,536761.0,149100.0,0.0,0.0,0,0.0,False,False,False,False
ID0083,2022,NGER,LAL LAL WIND FARMS NOM CO PTY LIMITED,1,1,0,0,0,0,0,0,1,0,1958312.0,543976.0,136.0,1905.0,2041,0.00375200376487198,False,False,False,False
ID0083,2022,NGER,LGI LIMITED,7,2,1,0,0,6,0,0,0,0,338852.0,94126.0,9708.0,22.0,9730,0.10337207572827911,False,False,False,False
ID0083,2022,NGER,LIGHTHOUSE INFRASTRUCTURE MANAGEMENT LIMITED,1,1,0,0,0,1,0,0,0,0,484318.0,134533.0,24.0,1103.0,1127,0.008377126801602582,False,False,False,False
ID0083,2022,NGER,LILYVALE HOLDINGS CO PTY. LTD.,1,1,0,0,0,1,0,0,0,0,668245.0,185624.0,53.0,585.0,638,0.003437055553161229,False,False,False,False
ID0083,2022,NGER,LINCOLN GAP OPERATIONS PTY LTD,1,1,0,0,0,0,1,0,0,0,2634306.0,731752.0,42.0,4207.0,4249,0.005806612076222546,False,False,False,False
ID0083,2022,NGER,LMS ENERGY PTY LTD,36,7,0,8,1,7,5,4,8,3,1936982.0,538050.0,39155.0,93.0,39248,0.07294489359724933,False,False,False,False
ID0083,2022,NGER,LS AUSTRALIA HOLDCO1 PTY LTD,1,1,0,1,0,0,0,0,0,0,1278190.0,355053.0,100.0,1129.0,1229,0.003461455050372761,False,False,False,False
ID0083,2022,NGER,METKA EGN AUSTRALIA HOLDINGS PTY LTD,3,1,0,3,0,0,0,0,0,0,624175.0,173382.0,0.0,606.0,606,0.0034951725092570163,False,False,False,False
ID0083,2022,NGER,METZ HOLDCO PTY LTD,1,1,0,1,0,0,0,0,0,0,852789.0,236886.0,75.0,1205.0,1280,0.0054034430063406025,False,False,False,False
ID0083,2022,NGER,MOORABOOL SOUTH WIND FARM (HOLDING) PTY LTD,1,1,0,0,0,0,0,0,1,0,1580003.0,438890.0,25.0,843.0,868,0.001977716512110096,False,False,False,False
ID0083,2022,NGER,MOORABOOL WIND FARM (HOLDING) PTY LTD,1,1,0,0,0,0,0,0,1,0,1492122.0,414478.0,23.0,790.0,813,0.0019615033849806262,False,False,False,False
ID0083,2022,NGER,MOREE HOLDINGS CO PTY LTD,1,1,0,0,0,0,1,0,0,0,486836.0,135232.0,28.0,625.0,653,0.004828738760056791,False,False,False,False
ID0083,2022,NGER,MOURA SOLAR FARM HOLDINGS PTY LTD,1,1,0,0,0,1,0,0,0,0,272160.0,75600.0,105.0,736.0,841,0.011124338624338625,False,False,False,False
ID0083,2022,NGER,MUMBIDA WIND FARM NO 1 HOLDINGS PTY LTD,1,1,0,0,0,0,0,0,0,1,804949.0,223597.0,55.0,187.0,242,0.001082304324297732,False,False,False,False
ID0083,2022,NGER,MURRA WARRA II PROJECT CO PTY LTD,1,1,0,0,0,0,0,0,1,0,2020049.0,561125.0,184.0,1112.0,1296,0.0023096458008465136,False,False,False,False
ID0083,2022,NGER,MURRA WARRA PROJECT CO PTY LTD,1,1,0,0,0,0,0,0,1,0,2145573.0,595993.0,171.0,562.0,733,0.0012298802167139548,False,False,False,False
ID0083,2022,NGER,NEOEN AUSTRALIA PTY. LTD.,14,5,0,4,0,2,4,0,3,1,10708424.0,2974561.0,2124.0,33223.0,35347,0.011883098043711324,False,False,False,False
ID0083,2022,NGER,NEWGEN KWINANA HOLDINGS PTY LTD,1,1,0,0,0,0,0,0,0,1,5250052.0,1458348.0,583120.0,911.0,584031,0.40047437237202643,False,False,False,False
ID0083,2022,NGER,NRG VICTORIA I PTY LTD,1,1,0,0,0,1,0,0,0,0,23735141.0,6593095.0,6433252.0,48193.0,6481445,0.9830656163759206,False,False,False,False
ID0083,2022,NGER,OAKEY 1 NEW HOLDCO PTY LTD,1,1,0,0,0,1,0,0,0,0,176404.0,49001.0,0.0,0.0,0,0.0,False,False,False,False
ID0083,2022,NGER,ORIGIN ENERGY LIMITED,14,4,0,4,0,3,2,0,5,0,56326135.0,15646148.0,12921689.0,237386.0,13159075,0.8410424725625758,False,False,False,False
ID0083,2022,NGER,PALISADE GRANVILLE HARBOUR INVESTMENTS PTY LTD,1,1,0,0,0,0,0,1,0,0,1320287.0,366746.0,28.0,125.0,153,0.000417182464157755,False,False,False,False
ID0083,2022,NGER,PALISADE SOLAR 1 PTY LTD,1,1,0,0,0,1,0,0,0,0,877604.0,243779.0,49.0,629.0,678,0.0027812075691507473,False,False,False,False
ID0083,2022,NGER,PALISADE WATERLOO HOLDINGS PTY LTD,1,1,0,0,0,0,1,0,0,0,1308013.0,363337.0,38.0,143.0,181,0.0004981601103108134,False,False,False,False
ID0083,2022,NGER,PEAK RENEWABLES HOLDINGS PTY LTD,5,3,0,3,0,0,1,0,1,0,3327784.0,924385.0,178.0,91.0,269,0.00029100428933831685,False,False,False,False
ID0083,2022,NGER,PIONEER SAIL HOLDINGS PTY LIMITED,7,3,0,0,0,1,0,0,2,4,40709138.0,11308094.0,10854024.0,8304.0,10862328,0.9605799173583099,False,False,False,False
ID0083,2022,NGER,PORT ADELAIDE ENERGY PTY LTD,1,1,0,0,0,0,1,0,0,0,90141.0,25039.0,18439.0,635.0,19074,0.7617716362474539,False,False,False,False
ID0083,2022,NGER,POWER AND WATER CORPORATION,56,1,0,0,56,0,0,0,0,0,497661.0,138239.0,89497.0,0.0,89497,0.6474077503454163,False,False,False,False
ID0083,2022,NGER,POWER GENERATION CORPORATION,8,1,0,0,8,0,0,0,0,0,5311625.0,1475452.0,890129.0,0.0,890129,0.6032924147989904,False,False,False,False
ID0083,2022,NGER,PRATT CONSOLIDATED HOLDINGS PTY. LTD.,1,1,0,0,0,0,0,0,1,0,74959.0,20822.0,19184.0,9431.0,28615,1.3742676015752568,False,False,False,False
ID0083,2022,NGER,PS RENEWABLE ENERGY HOLDINGS PTY LTD,5,2,4,0,0,0,0,0,1,0,665200.0,184778.0,0.0,147.0,147,0.0007955492536990335,False,False,False,False
ID0083,2022,NGER,QGC UPSTREAM INVESTMENTS PTY LTD,1,1,0,0,0,1,0,0,0,0,379879.0,105522.0,47941.0,4452.0,52393,0.496512575576657,False,False,False,False
ID0083,2022,NGER,QGIF SWAN HOLDCO PTY LTD,12,2,0,0,0,0,0,0,3,9,635966.0,176657.0,72162.0,14.0,72176,0.40856575171094267,False,False,False,False
ID0083,2022,NGER,QS MAPS HOLDINGS NO. 3 PTY LTD,4,2,0,0,0,0,2,0,2,0,243763.0,67712.0,0.0,140.0,140,0.00206758034026465,False,False,False,False
ID0083,2022,NGER,RATCH - AUSTRALIA CORPORATION PTY LTD,8,5,0,1,0,4,1,0,1,1,7444035.0,2067788.0,555252.0,6434.0,561686,0.27163616386205935,False,False,False,False
ID0083,2022,NGER,REGIONAL POWER CORPORATION,15,1,0,0,0,0,0,0,0,15,294245.0,81735.0,45959.0,11.0,45970,0.5624273567015354,False,False,False,False
ID0083,2022,NGER,RIO TINTO LIMITED,4,1,0,0,0,0,0,0,0,4,6614225.0,1837285.0,1011897.0,0.0,1011897,0.550756687177003,False,False,False,False
ID0083,2022,NGER,RISEN ENERGY AUSTRALIA HOLDINGS PTY LTD,1,1,0,0,0,1,0,0,0,0,781833.0,217176.0,35.0,0.0,35,0.0001611596124802004,False,False,False,False
ID0083,2022,NGER,RWE RENEWABLES AUSTRALIA PTY LTD,1,1,0,1,0,0,0,0,0,0,1597543.0,443762.0,101.0,2306.0,2407,0.005424078672802087,False,False,False,False
ID0083,2022,NGER,SALT CREEK WIND FARM PTY LTD,1,1,0,0,0,0,0,0,1,0,512989.0,142497.0,37.0,361.0,398,0.0027930412570089194,False,False,False,False
ID0083,2022,NGER,SANTOS LIMITED,1,1,0,1,0,0,0,0,0,0,517213.0,143670.0,81776.0,4.0,81780,0.569221131760284,False,False,False,False
ID0083,2022,NGER,SEBASTOPOL HOLDINGS CO PTY LTD,1,1,0,1,0,0,0,0,0,0,709168.0,196991.0,18.0,0.0,18,9.137473285581574e-05,False,False,False,False
ID0083,2022,NGER,SENTIENT IMPACT GROUP PTY LTD,6,4,2,0,0,2,0,0,1,1,534758.0,148544.0,35.0,273.0,308,0.0020734597156398106,False,False,False,False
ID0083,2022,NGER,SEV.EN GLOBAL INVESTMENTS PTY LTD,1,1,0,1,0,0,0,0,0,0,25169519.0,6991533.0,6905352.0,69283.0,6974635,0.99758307655846,False,False,False,False
ID0083,2022,NGER,SHELL ENERGY HOLDINGS AUSTRALIA LIMITED,3,2,0,0,0,2,0,0,0,1,2261755.0,628265.0,305334.0,4852.0,310186,0.49371841500003977,False,False,False,False
ID0083,2022,NGER,SHENHUA CLEAN ENERGY HOLDINGS PTY LIMITED,3,1,0,0,0,0,0,3,0,0,3608405.0,1002335.0,417.0,345.0,762,0.0007602248749170687,False,False,False,False
ID0083,2022,NGER,SNOWTOWN WIND FARM PTY LTD,1,1,0,0,0,0,1,0,0,0,1115915.0,309976.0,126.0,207.0,333,0.0010742767181975378,False,False,False,False
ID0083,2022,NGER,SNOWY HYDRO LIMITED,7,3,0,3,0,0,2,0,2,0,18414170.0,5115047.0,242289.0,509824.0,752113,0.14703931361725514,False,False,False,False
ID0083,2022,NGER,SPARK INFRASTRUCTURE HOLDINGS NO. 1 PTY LIMITED,1,1,0,1,0,0,0,0,0,0,703691.0,195470.0,11.0,615.0,626,0.003202537473781143,False,False,False,False
ID0083,2022,NGER,SPIC PACIFIC ENERGY PTY LTD,14,5,0,2,0,1,1,0,9,1,6632239.0,1842288.0,785.0,3778.0,4563,0.0024768114431619813,False,False,False,False
ID0083,2022,NGER,SRV AGWF PTY LTD,1,1,0,0,0,0,0,0,0,1,308819.0,85783.0,22.0,47.0,69,0.0008043551752678269,False,False,False,False
ID0083,2022,NGER,STANWELL CORPORATION LIMITED,3,1,0,0,0,3,0,0,0,0,75510238.0,20975066.0,18286288.0,51029.0,18337317,0.8742435899844129,False,False,False,False
ID0083,2022,NGER,STOCKYARD HILL WIND FARM (HOLDING) PTY LTD,1,1,0,0,0,0,0,0,1,0,5464484.0,1517912.0,160.0,4896.0,5056,0.003330891382372628,False,False,False,False
ID0083,2022,NGER,SUN AUSTRALIA HOLDINGS PTY LTD,1,1,0,0,0,0,0,0,0,1,850438.0,236233.0,30.0,324.0,354,0.0014985205284613072,False,False,False,False
ID0083,2022,NGER,SUNRAYSIA SOLAR FARM HOLDINGS PTY LTD,1,1,0,1,0,0,0,0,0,0,1338531.0,371814.0,30.0,4301.0,4331,0.011648297266913027,False,False,False,False
ID0083,2022,NGER,SUSTAINABLE ENERGY INFRASTRUCTURE HOLDINGS PTY LIMITED,1,1,0,0,0,1,0,0,0,0,95222.0,26451.0,14816.0,0.0,14816,0.560130051793883,False,False,False,False
ID0083,2022,NGER,THE TRUSTEE FOR GRSF TRUST,1,1,0,0,0,0,0,0,0,1,343078.0,95299.0,7.0,150.0,157,0.0016474464579901153,False,False,False,False
ID0083,2022,NGER,THE TRUSTEE FOR GUNNEDAH ASSET TRUST,1,1,0,1,0,0,0,0,0,0,648000.0,180000.0,0.0,0.0,0,0.0,False,False,False,False
ID0083,2022,NGER,THE TRUSTEE FOR SUNTOP ASSET TRUST,1,1,0,1,0,0,0,0,0,0,1076400.0,299000.0,0.0,0.0,0,0.0,False,False,False,False
ID0083,2022,NGER,TINSEL BIDCO PTY LTD,2,1,0,0,0,0,2,0,0,0,3138794.0,871888.0,62.0,168.0,230,0.0002637953498614501,False,False,False,False
ID0083,2022,NGER,TOTALENERGIES RENEWABLES AUSTRALIA PTY LTD,1,1,0,0,0,0,0,0,1,0,941355.0,261488.0,145.0,4083.0,4228,0.01616900201921312,False,False,False,False
ID0083,2022,NGER,TRANSALTA ENERGY (AUSTRALIA) PTY LTD,5,1,0,0,0,0,0,0,0,5,5753302.0,1598140.0,855320.0,0.0,855320,0.535197166706296,False,False,False,False
ID0083,2022,NGER,VENA ENERGY SERVICES (AUSTRALIA) PTY LTD,1,1,0,0,0,0,1,0,0,0,585408.0,162613.0,75.0,366.0,441,0.0027119602983771284,False,False,False,False
ID0083,2022,NGER,W.H. HECK & SONS PROPRIETARY LIMITED,1,1,0,0,0,1,0,0,0,0,116882.0,32467.0,1439.0,1099.0,2538,0.07817168201558505,False,False,False,False
ID0083,2022,NGER,WATER CORPORATION,2,1,0,0,0,0,0,0,0,2,17675.0,4910.0,4029.0,0.0,4029,0.8205702647657841,False,False,False,False
ID0083,2022,NGER,WEST WYALONG HOLDCO 2 PTY LTD,1,1,0,1,0,0,0,0,0,0,220541.0,61261.0,234.0,388.0,622,0.010153278594864595,False,False,False,False
ID0083,2022,NGER,WILD CATTLE HILL PTY LTD,1,1,0,0,0,0,0,1,0,0,1541736.0,428260.0,110.0,158.0,268,0.0006257880726661374,False,False,False,False
ID0083,2022,NGER,WINTON HOLDINGS CO PTY. LTD.,1,1,0,0,0,0,0,0,1,0,542379.0,150661.0,33.0,0.0,33,0.00021903478670657966,False,False,False,False
ID0083,2022,NGER,WIRTGEN ENERGY GLENROWAN PTY. LTD,1,1,0,0,0,0,0,0,1,0,775051.0,215292.0,60.0,573.0,633,0.0029401928543559444,False,False,False,False
ID0083,2022,NGER,WOOLOOGA HOLDCO 2 PTY LTD,1,1,0,0,0,1,0,0,0,0,764380.0,212328.0,240.0,2151.0,2391,0.011260879394144907,False,False,False,False
ID0083,2022,NGER,YARA AUSTRALIA PTY LTD,1,1,0,0,0,0,0,0,0,1,79640.0,22122.0,15999.0,0.0,15999,0.7232167073501492,False,False,False,False
ID0083,2022,NGER,YATPOOL SOLAR FARM HOLDCO PTY LTD,1,1,0,0,0,0,0,0,1,0,550977.0,153049.0,0.0,387.0,387,0.002528601951009154,False,False,False,False
ID0243,2023,NGER,ACCIONA ENERGY OCEANIA PTY LTD,5,3,0,1,0,0,1,0,3,0,4973124.0,1381423.0,594.0,3860.0,4454,0.0032242115557653233,False,False,False,False
ID0243,2023,NGER,ACEN AUSTRALIA PTY LTD,1,1,0,1,0,0,0,0,0,0,2960424.0,822340.0,53.0,4108.0,4161,0.005059950871902133,False,False,False,False
ID0243,2023,NGER,ADANI RENEWABLE ASSET HOLDINGS PTY LTD,1,1,0,0,0,1,0,0,0,0,570193.0,158387.0,0.0,515.0,515,0.0032515294815862413,False,False,False,False
ID0243,2023,NGER,AGL ENERGY LIMITED,30,5,0,8,0,1,7,0,13,1,134540171.0,37372269.0,32840738.0,244967.0,33085705,0.8853009433277921,False,False,False,False
ID0243,2023,NGER,ALCOA AUSTRALIAN HOLDINGS PTY LTD,1,1,0,0,0,0,0,0,0,1,5470233.0,1519509.0,1191948.0,229.0,1192177,0.7845804138047224,False,False,False,False
ID0243,2023,NGER,PIONEER SAIL HOLDINGS PTY LIMITED,5,3,0,0,0,1,0,0,2,2,37729987.0,10480552.0,10331670.0,6772.0,10338442,0.9864405996936039,False,False,False,False
ID0243,2023,NGER,AMP AUSTRALIA HOLDINGS PTY LTD,1,1,0,1,0,0,0,0,0,0,694749.0,192986.0,75.0,902.0,977,0.005062543396930347,False,False,False,False
ID0243,2023,NGER,AMP ENERGY AUSTRALIA 1-1 PTY LTD,1,1,0,1,0,0,0,0,0,0,115069.0,31963.0,37.0,458.0,495,0.015486656446516284,False,False,False,False
ID0243,2023,NGER,APA INFRASTRUCTURE LIMITED,9,2,0,0,0,3,0,0,0,6,14387603.0,3996556.0,1361331.0,1304.0,1362635,0.34095230993885733,False,False,False,False
ID0243,2023,NGER,ARROW ENERGY HOLDINGS PTY LTD,1,1,0,0,0,1,0,0,0,0,1296561.0,360156.0,209697.0,4459.0,214156,0.5946201090638501,False,False,False,False
ID0243,2023,NGER,ATCO AUSTRALIA PTY LTD,2,2,0,0,0,0,1,0,0,1,1627435.0,452065.0,210038.0,2697.0,212735,0.47058498224812806,False,False,False,False
ID0243,2023,NGER,ATMOS QUEENSLAND SOLAR PTY LTD,4,1,0,0,0,4,0,0,0,0,2375096.0,659749.0,237.0,1166.0,1403,0.002126566315371452,False,False,False,False
ID0243,2023,NGER,ATMOS TOPCO PTY LTD,3,2,0,1,0,0,0,0,2,0,1702506.0,472918.0,103.0,1242.0,1345,0.002844044844983697,False,False,False,False
ID0243,2023,NGER,AWF AUS HOLD OP CO PTY LTD,1,1,0,0,0,0,0,0,1,0,1688147.0,468930.0,101.0,787.0,888,0.0018936728296334207,False,False,False,False
ID0243,2023,NGER,BALD HILLS WF HOLDINGS PTY LTD,1,1,0,0,0,0,0,0,1,0,1154820.0,320783.0,40.0,619.0,659,0.0020543482665851993,False,False,False,False
ID0243,2023,NGER,BANPU AUSTRALIA CO. PTY LTD,2,1,0,2,0,0,0,0,0,0,865347.0,240374.0,73.0,711.0,784,0.0032615840315508332,False,False,False,False
ID0243,2023,NGER,BEI WWF PTY LTD,1,1,0,0,0,0,0,0,0,1,2267764.0,629934.0,178.0,522.0,700,0.0011112275254232984,False,False,False,False
ID0243,2023,NGER,BEIJING JINGNENG CLEAN ENERGY (AUSTRALIA) HOLDING PTY LTD,3,1,0,3,0,0,0,0,0,0,2685275.0,745910.0,83.0,1687.0,1770,0.002372940435173144,False,False,False,False
ID0243,2023,NGER,BHP GROUP LIMITED,1,1,0,0,0,0,0,0,0,1,2900898.0,805805.0,347643.0,0.0,347643,0.43142323514994324,False,False,False,False
ID0243,2023,NGER,BLUEWATERS POWER 1 PTY LTD,1,1,0,0,0,0,0,0,0,1,5463442.0,1517623.0,1352311.0,900.0,1353211,0.8916647942209627,False,False,False,False
ID0243,2023,NGER,BLUEWATERS POWER 2 PTY LTD,1,1,0,0,0,0,0,0,0,1,4933350.0,1370375.0,1238252.0,1835.0,1240087,0.9049252941713035,False,False,False,False
ID0243,2023,NGER,C S ENERGY LIMITED,4,1,0,0,0,4,0,0,0,0,37923150.0,10534208.0,9200731.0,37940.0,9238671,0.8770161933388823,False,False,False,False
ID0243,2023,NGER,INTERNATIONAL POWER (AUSTRALIA) HOLDINGS PTY LIMITED,6,1,0,0,0,0,6,0,0,0,350736.0,97427.0,17.0,95.0,112,0.0011495786588933252,False,False,False,False
ID0243,2023,NGER,CAPE BYRON MANAGEMENT PTY LTD,2,1,0,2,0,0,0,0,0,0,1079653.0,299904.0,8665.0,3283.0,11948,0.039839415279556124,False,False,False,False
ID0243,2023,NGER,CBWF HOLDINGS PTY LIMITED,1,1,0,0,0,0,0,0,1,0,265764.0,73823.0,27.0,83.0,110,0.001490050526258754,False,False,False,False
ID0243,2023,NGER,CECEP WIND POWER AUSTRALIA HOLDING PTY LTD,1,1,0,1,0,0,0,0,0,0,1559750.0,433264.0,58.0,398.0,456,0.0010524760884818493,False,False,False,False
ID0243,2023,NGER,CHERRY TREE HOLD CO PTY LTD,1,1,0,0,0,0,0,0,1,0,634818.0,176338.0,20.0,451.0,471,0.002671006816454763,False,False,False,False
ID0243,2023,NGER,HOCHTIEF AUSTRALIA HOLDINGS LIMITED,1,1,0,0,0,0,0,0,1,0,311418.0,86505.0,5.0,838.0,843,0.009745101439223166,False,False,False,False
ID0243,2023,NGER,CLARE SOLAR FARM HOLDINGS PTY LTD,1,1,0,0,0,1,0,0,0,0,546410.0,151781.0,65.0,706.0,771,0.005079687180872441,False,False,False,False
ID0243,2023,NGER,CLEANCO QUEENSLAND LIMITED,4,1,0,0,0,4,0,0,0,0,7065897.0,1962749.0,254126.0,691029.0,945155,0.4815465451771979,False,False,False,False
ID0243,2023,NGER,CK WILLIAM AUSTRALIA HOLDINGS PTY LTD,45,6,0,10,3,8,3,0,7,14,314065.0,87240.0,14.0,82.0,96,0.0011004126547455295,False,False,False,False
ID0243,2023,NGER,CWF HOLDINGS PTY LTD,1,1,0,0,0,0,0,0,0,1,2306166.0,640602.0,164.0,821.0,985,0.0015376161797808936,False,False,False,False
ID0243,2023,NGER,DIF INFRA 4 HOLDINGS AUSTRALIA PTY LTD,1,1,1,0,0,0,0,0,0,0,122875.0,34132.0,0.0,148.0,148,0.004336106879174967,False,False,False,False
ID0243,2023,NGER,DUNDONNELL WIND FARM PTY LTD,1,1,0,0,0,0,0,0,1,0,3167240.0,879789.0,222.0,2334.0,2556,0.0029052420523557354,False,False,False,False
ID0243,2023,NGER,EDIFY GROUP HOLDINGS PTY LTD,7,3,0,4,1,0,0,0,2,0,2915033.0,809731.0,238.0,10938.0,11176,0.013802114529393094,False,False,False,False
ID0243,2023,NGER,CK WILLIAM AUSTRALIA HOLDINGS PTY LTD,45,6,0,10,3,8,3,0,7,14,874478.0,242911.0,130954.0,56.0,131010,0.5393333360778227,False,False,False,False
ID0243,2023,NGER,CK WILLIAM AUSTRALIA HOLDINGS PTY LTD,45,6,0,10,3,8,3,0,7,14,129308.0,35919.0,20435.0,14.0,20449,0.569308722403185,False,False,False,False
ID0243,2023,NGER,CK WILLIAM AUSTRALIA HOLDINGS PTY LTD,45,6,0,10,3,8,3,0,7,14,1318313.0,366198.0,238655.0,57.0,238712,0.6518659304529244,False,False,False,False
ID0243,2023,NGER,CK WILLIAM AUSTRALIA HOLDINGS PTY LTD,45,6,0,10,3,8,3,0,7,14,517091.0,143637.0,80445.0,27.0,80472,0.5602456191649784,False,False,False,False
ID0243,2023,NGER,CK WILLIAM AUSTRALIA HOLDINGS PTY LTD,45,6,0,10,3,8,3,0,7,14,50029.0,13897.0,4960.0,0.0,4960,0.35691156364683024,False,False,False,False
ID0243,2023,NGER,CK WILLIAM AUSTRALIA HOLDINGS PTY LTD,45,6,0,10,3,8,3,0,7,14,540904.0,150251.0,12108.0,47.0,12155,0.08089796407345043,False,False,False,False
ID0243,2023,NGER,CK WILLIAM AUSTRALIA HOLDINGS PTY LTD,45,6,0,10,3,8,3,0,7,14,54803.0,15223.0,1161.0,1.0,1162,0.07633186625500887,False,False,False,False
ID0243,2023,NGER,CK WILLIAM AUSTRALIA HOLDINGS PTY LTD,45,6,0,10,3,8,3,0,7,14,72154.0,20043.0,2007.0,4.0,2011,0.1003342812952153,False,False,False,False
ID0243,2023,NGER,CK WILLIAM AUSTRALIA HOLDINGS PTY LTD,45,6,0,10,3,8,3,0,7,14,210080.0,58355.0,3901.0,16.0,3917,0.06712363979093479,False,False,False,False
ID0243,2023,NGER,CK WILLIAM AUSTRALIA HOLDINGS PTY LTD,45,6,0,10,3,8,3,0,7,14,1830812.0,508559.0,253910.0,0.0,253910,0.49927343730029355,False,False,False,False
ID0243,2023,NGER,CK WILLIAM AUSTRALIA HOLDINGS PTY LTD,45,6,0,10,3,8,3,0,7,14,743372.0,206492.0,120933.0,20.0,120953,0.5857515061116169,False,False,False,False
ID0243,2023,NGER,CK WILLIAM AUSTRALIA HOLDINGS PTY LTD,45,6,0,10,3,8,3,0,7,14,2296399.0,637889.0,365552.0,29.0,365581,0.5731106822660369,False,False,False,False
ID0243,2023,NGER,ELECTRICITY GENERATION AND RETAIL CORPORATION,14,1,0,0,0,0,0,0,0,14,23091682.0,6414356.0,5361892.0,9675.0,5371567,0.837428886079912,False,False,False,False
ID0243,2023,NGER,ELECTRICITY NETWORKS CORPORATION,1,1,0,0,0,0,0,0,0,1,1811.0,503.0,363.0,0.0,363,0.7216699801192843,False,False,False,False
ID0243,2023,NGER,POTENTIA ENERGY GROUP PTY LTD,3,2,0,0,0,0,2,0,1,0,1686086.0,468357.0,42.0,0.0,42,8.967518367399227e-05,False,False,False,False
ID0243,2023,NGER,CK WILLIAM AUSTRALIA HOLDINGS PTY LTD,45,6,0,10,3,8,3,0,7,14,123516.0,34310.0,17937.0,0.0,17937,0.5227921888662198,False,False,False,False
ID0243,2023,NGER,ENERGY QUEENSLAND LIMITED,41,2,0,0,0,40,0,0,1,0,572829.0,159119.0,98301.0,753.0,99054,0.6225152244546535,False,False,False,False
ID0243,2023,NGER,ENERGYAUSTRALIA HOLDINGS LIMITED,8,3,0,2,0,0,1,0,5,0,56153060.0,15598072.0,16473489.0,198355.0,16671844,1.06884004638522,False,False,False,False
ID0243,2023,NGER,ESSENTIAL ENERGY,1,1,0,1,0,0,0,0,0,0,0.0,0.0,0.0,0.0,0,,False,False,False,False
ID0243,2023,NGER,EWP AUSTRALIA PTY LTD,1,1,0,0,0,1,0,0,0,0,1069886.0,297190.0,58.0,2676.0,2734,0.009199502002086208,False,False,False,False
ID0243,2023,NGER,FENGATE EXMOUTH ENERGY SPV PTY LTD,1,1,0,0,0,0,0,0,0,1,99683.0,27690.0,19633.0,0.0,19633,0.7090285301552908,False,False,False,False
ID0243,2023,NGER,FINLEY SOLAR HOLDINGS PTY LTD,1,1,0,1,0,0,0,0,0,0,980919.0,272477.0,0.0,843.0,843,0.0030938391130260535,False,False,False,False
ID0243,2023,NGER,FORTESCUE LTD,1,1,0,0,0,0,0,0,0,1,2270675.0,630743.0,316859.0,0.0,316859,0.5023583297793237,False,False,False,False
ID0243,2023,NGER,FS OAKEY 2 PTY LTD,1,1,0,0,0,1,0,0,0,0,358328.0,99536.0,0.0,0.0,0,0.0,False,False,False,False
ID0243,2023,NGER,GENEX POWER LIMITED,2,2,0,1,0,1,0,0,0,0,799745.0,222152.0,0.0,1742.0,1742,0.007841477907018618,False,False,False,False
ID0243,2023,NGER,GENTARI RENEWABLES AUSTRALIA PTY LTD,2,2,0,0,0,1,0,0,1,0,1018350.0,282875.0,227.0,4701.0,4928,0.017421122403888642,False,False,False,False
ID0243,2023,NGER,GENUITY PTY LTD,2,1,0,0,0,2,0,0,0,0,23958118.0,6655033.0,5566572.0,15449.0,5582021,0.8387668400742716,False,False,False,False
ID0243,2023,NGER,GLOBAL POWER GENERATION AUSTRALIA PTY LTD,8,4,1,2,0,0,0,0,4,1,3263507.0,906530.0,3055.0,3790.0,6845,0.007550770520556407,False,False,False,False
ID0243,2023,NGER,GOLDFIELDS POWER PTY LTD,1,1,0,0,0,0,0,0,0,1,103595.0,28776.0,19164.0,0.0,19164,0.6659716430358632,False,False,False,False
ID0243,2023,NGER,GOONUMBLA HOLDINGS CO PTY. LTD.,1,1,0,1,0,0,0,0,0,0,524245.0,145624.0,17.0,390.0,407,0.0027948689776410482,False,False,False,False
ID0243,2023,NGER,HUGHENDEN SOLAR FARM HOLDCO PTY LTD,1,1,0,0,0,1,0,0,0,0,98614.0,27393.0,0.0,376.0,376,0.013726134413901362,False,False,False,False
ID0243,2023,NGER,HYDRO POWER PTY. LIMITED,2,1,0,2,0,0,0,0,0,0,257209.0,71447.0,0.0,0.0,0,0.0,False,False,False,False
ID0243,2023,NGER,HYDRO-ELECTRIC CORPORATION,31,1,0,0,0,0,0,31,0,0,28235850.0,7843292.0,122334.0,6466.0,128800,0.016421676000332515,False,False,False,False
ID0243,2023,NGER,IBERDROLA AUSTRALIA LIMITED,10,3,0,5,0,0,4,0,0,1,9784393.0,2717888.0,59369.0,7640.0,67009,0.024654805496032214,False,False,False,False
ID0243,2023,NGER,INTERA HOLD (T) PTY LTD,1,1,0,0,0,1,0,0,0,0,902389.0,250664.0,45.0,677.0,722,0.002880349790955223,False,False,False,False
ID0243,2023,NGER,KENNEDY ENERGY PARK HOLDINGS PTY LTD,1,1,0,0,0,1,0,0,0,0,637017.0,176949.0,54.0,110.0,164,0.0009268207223550288,False,False,False,False
ID0243,2023,NGER,KIAMCO HANWHA FORESIGHT BANNERTON PTY LTD,1,1,0,0,0,0,0,0,1,0,451831.0,125509.0,0.0,0.0,0,0.0,False,False,False,False
ID0243,2023,NGER,LAL LAL WIND FARMS NOM CO PTY LIMITED,1,1,0,0,0,0,0,0,1,0,1692969.0,470269.0,130.0,2275.0,2405,0.005114094273702924,False,False,False,False
ID0243,2023,NGER,CK WILLIAM AUSTRALIA HOLDINGS PTY LTD,45,6,0,10,3,8,3,0,7,14,187132.0,51981.0,4002.0,4.0,4006,0.07706662049595045,False,False,False,False
ID0243,2023,NGER,LGI LIMITED,7,2,1,0,0,6,0,0,0,0,334004.0,92779.0,9761.0,15.0,9776,0.10536867178995246,False,False,False,False
ID0243,2023,NGER,LIGHTHOUSE INFRASTRUCTURE MANAGEMENT LIMITED,1,1,0,0,0,1,0,0,0,0,369239.0,102566.0,36.0,1150.0,1186,0.011563286079207535,False,False,False,False
ID0243,2023,NGER,LILYVALE HOLDINGS CO PTY. LTD.,1,1,0,0,0,1,0,0,0,0,606944.0,168595.0,57.0,573.0,630,0.0037367656217562797,False,False,False,False
ID0243,2023,NGER,LINCOLN GAP OPERATIONS PTY LTD,1,1,0,0,0,0,1,0,0,0,2197170.0,610325.0,39.0,4312.0,4351,0.007128988653586204,False,False,False,False
ID0243,2023,NGER,LMS ENERGY PTY LTD,34,7,0,8,1,6,4,4,8,3,1972689.0,547969.0,40461.0,111.0,40572,0.07404068478326328,False,False,False,False
ID0243,2023,NGER,LS AUSTRALIA HOLDCO1 PTY LTD,1,1,0,1,0,0,0,0,0,0,1378241.0,382845.0,23.0,1075.0,1098,0.002868001410492497,False,False,False,False
ID0243,2023,NGER,METKA EGN AUSTRALIA HOLDINGS PTY LTD,3,1,0,3,0,0,0,0,0,0,725587.0,201552.0,0.0,604.0,604,0.002996745256807176,False,False,False,False
ID0243,2023,NGER,METZ HOLDCO PTY LTD,1,1,0,1,0,0,0,0,0,0,793954.0,220543.0,42.0,1088.0,1130,0.005123717370308738,False,False,False,False
ID0243,2023,NGER,MOORABOOL WIND FARM (HOLDING) PTY LTD,1,1,0,0,0,0,0,0,1,0,1311765.0,364379.0,54.0,706.0,760,0.002085740396674891,False,False,False,False
ID0243,2023,NGER,MOORABOOL SOUTH WIND FARM (HOLDING) PTY LTD,1,1,0,0,0,0,0,0,1,0,1386474.0,385132.0,59.0,762.0,821,0.0021317366513299335,False,False,False,False
ID0243,2023,NGER,MOREE HOLDINGS CO PTY LTD,1,1,0,0,0,0,1,0,0,0,494164.0,137268.0,24.0,586.0,610,0.004443861642917504,False,False,False,False
ID0243,2023,NGER,MOURA SOLAR FARM HOLDINGS PTY LTD,1,1,0,0,0,1,0,0,0,0,660443.0,183456.0,0.0,1269.0,1269,0.006917189952904239,False,False,False,False
ID0243,2023,NGER,MUMBIDA WIND FARM NO 1 HOLDINGS PTY LTD,1,1,0,0,0,0,0,0,0,1,581978.0,161661.0,29.0,226.0,255,0.0015773748770575463,False,False,False,False
ID0243,2023,NGER,MURRA WARRA II PROJECT CO PTY LTD,1,1,0,0,0,0,0,0,1,0,1944428.0,540119.0,85.0,1468.0,1553,0.0028752922966975795,False,False,False,False
ID0243,2023,NGER,NEOEN AUSTRALIA PTY. LTD.,14,5,0,4,0,2,4,0,3,1,12374212.0,3437281.0,1831.0,34026.0,35857,0.010431791872704035,False,False,False,False
ID0243,2023,NGER,NEWGEN KWINANA HOLDINGS PTY LTD,1,1,0,0,0,0,0,0,0,1,6804196.0,1890055.0,755148.0,650.0,755798,0.3998814849303327,False,False,False,False
ID0243,2023,NGER,NRG VICTORIA I PTY LTD,1,1,0,0,0,1,0,0,0,0,23681515.0,6578199.0,6492467.0,46061.0,6538528,0.993969321998316,False,False,False,False
ID0243,2023,NGER,OAKEY 1 NEW HOLDCO PTY LTD,1,1,0,0,0,1,0,0,0,0,156158.0,43377.0,0.0,0.0,0,0.0,False,False,False,False
ID0243,2023,NGER,OJRP HOLDCO PTY LTD,1,1,0,0,0,1,0,0,0,0,1912229.0,531175.0,203.0,829.0,1032,0.001942862521767779,False,False,False,False
ID0243,2023,NGER,ORIGIN ENERGY LIMITED,13,4,0,4,0,3,2,0,4,0,65718983.0,18255273.0,14828901.0,130788.0,14959689,0.8194722149594805,False,False,False,False
ID0243,2023,NGER,PALISADE GRANVILLE HARBOUR INVESTMENTS PTY LTD,1,1,0,0,0,0,0,1,0,0,1286049.0,357236.0,30.0,95.0,125,0.00034990874379961707,False,False,False,False
ID0243,2023,NGER,PALISADE WATERLOO HOLDINGS PTY LTD,1,1,0,0,0,0,1,0,0,0,1091353.0,303154.0,130.0,177.0,307,0.0010126866213211766,False,False,False,False
ID0243,2023,NGER,PARF COMPANY 2 PTY LTD,1,1,0,1,0,0,0,0,0,0,1618650.0,449625.0,102.0,1771.0,1873,0.004165693633583542,False,False,False,False
ID0243,2023,NGER,PEAK RENEWABLES HOLDINGS PTY LTD,5,3,0,3,0,0,1,0,1,0,2566172.0,712826.0,129.0,633.0,762,0.0010689845768813147,False,False,False,False
ID0243,2023,NGER,INTERNATIONAL POWER (AUSTRALIA) HOLDINGS PTY LIMITED,6,1,0,0,0,0,6,0,0,0,6078239.0,1688400.0,677090.0,2844.0,679934,0.40270907367922293,False,False,False,False
ID0243,2023,NGER,RIO TINTO LIMITED,4,1,0,0,0,0,0,0,0,4,6575633.0,1826565.0,1006026.0,0.0,1006026,0.5507748150216389,False,False,False,False
ID0243,2023,NGER,PORT ADELAIDE ENERGY PTY LTD,1,1,0,0,0,0,1,0,0,0,138465.0,38462.0,26704.0,615.0,27319,0.7102854765742811,False,False,False,False
ID0243,2023,NGER,POWER AND WATER CORPORATION,56,1,0,0,56,0,0,0,0,0,523499.0,145416.0,94825.0,0.0,94825,0.6520946800902239,False,False,False,False
ID0243,2023,NGER,POWER GENERATION CORPORATION,8,1,0,0,8,0,0,0,0,0,5426363.0,1507324.0,910042.0,0.0,910042,0.6037467724258354,False,False,False,False
ID0243,2023,NGER,PRATT CONSOLIDATED HOLDINGS PTY. LTD.,1,1,0,0,0,0,0,0,1,0,73300.0,20361.0,22795.0,8612.0,31407,1.542507735376455,False,False,False,False
ID0243,2023,NGER,PRIME RENEWABLES PTY LTD,5,2,4,0,0,0,0,0,1,0,601240.0,167011.0,0.0,159.0,159,0.0009520330996161929,False,False,False,False
ID0243,2023,NGER,QGC UPSTREAM INVESTMENTS PTY LTD,1,1,0,0,0,1,0,0,0,0,346146.0,96152.0,52667.0,4905.0,57572,0.598760296197687,False,False,False,False
ID0243,2023,NGER,QGIF SWAN HOLDCO PTY LTD,13,2,0,0,0,0,0,0,3,10,451965.0,125546.0,46950.0,423.0,47373,0.37733579723766586,False,False,False,False
ID0243,2023,NGER,QS MAPS HOLDINGS NO. 3 PTY LTD,4,2,0,0,0,0,2,0,2,0,244257.0,67849.0,0.0,229.0,229,0.0033751418591283586,False,False,False,False
ID0243,2023,NGER,RATCH - AUSTRALIA CORPORATION PTY LTD,8,5,0,1,0,4,1,0,1,1,6851519.0,1903200.0,339812.0,7249.0,347061,0.18235655737704917,False,False,False,False
ID0243,2023,NGER,REGIONAL POWER CORPORATION,45,1,0,0,0,0,0,0,0,45,423404.0,117613.0,73227.0,57.0,73284,0.6230943858246962,False,False,False,False
ID0243,2023,NGER,CK WILLIAM AUSTRALIA HOLDINGS PTY LTD,45,6,0,10,3,8,3,0,7,14,88415.0,24560.0,4.0,36.0,40,0.0016286644951140066,False,False,False,False
ID0243,2023,NGER,RISEN ENERGY AUSTRALIA HOLDINGS PTY LTD,1,1,0,0,0,1,0,0,0,0,734764.0,204101.0,26.0,0.0,26,0.0001273879108872568,False,False,False,False
ID0243,2023,NGER,RWE RENEWABLES AUSTRALIA PTY LTD,1,1,0,1,0,0,0,0,0,0,1924694.0,534637.0,119.0,2256.0,2375,0.004442266434982988,False,False,False,False
ID0243,2023,NGER,SALT CREEK WIND FARM PTY LTD,1,1,0,0,0,0,0,0,1,0,421517.0,117088.0,54.0,518.0,572,0.004885214539491665,False,False,False,False
ID0243,2023,NGER,SANTOS LIMITED,1,1,0,1,0,0,0,0,0,0,534873.0,148576.0,83961.0,1.0,83962,0.5651114581089812,False,False,False,False
ID0243,2023,NGER,SEBASTOPOL HOLDINGS CO PTY LTD,1,1,0,1,0,0,0,0,0,0,649033.0,180287.0,17.0,0.0,17,9.429409774415237e-05,False,False,False,False
ID0243,2023,NGER,SENTIENT IMPACT GROUP PTY LTD,6,4,2,0,0,2,0,0,1,1,495342.0,137595.0,38.0,231.0,269,0.0019550129001780587,False,False,False,False
ID0243,2023,NGER,SEV.EN GLOBAL INVESTMENTS PTY LTD,1,1,0,1,0,0,0,0,0,0,26137136.0,7260315.0,7043816.0,68147.0,7111963,0.979566726788025,False,False,False,False
ID0243,2023,NGER,SHELL ENERGY HOLDINGS AUSTRALIA LIMITED,3,2,0,0,0,2,0,0,0,1,1660900.0,461361.0,169407.0,5174.0,174581,0.3784043297981407,False,False,False,False
ID0243,2023,NGER,SHENHUA CLEAN ENERGY HOLDINGS PTY LIMITED,3,1,0,0,0,0,0,3,0,0,3570980.0,991939.0,349.0,187.0,536,0.0005403558081696556,False,False,False,False
ID0243,2023,NGER,SNOWTOWN WIND FARM PTY LTD,1,1,0,0,0,0,1,0,0,0,1098991.0,305275.0,103.0,197.0,300,0.0009827204979117189,False,False,False,False
ID0243,2023,NGER,SNOWY HYDRO LIMITED,7,3,0,3,0,0,2,0,2,0,16364801.0,4545778.0,160438.0,400318.0,560756,0.12335754187732001,False,False,False,False
ID0243,2023,NGER,SPIC PACIFIC ENERGY PTY LTD,15,5,0,2,0,1,1,0,10,1,6303121.0,1750866.0,860.0,3384.0,4244,0.0024239433514615053,False,False,False,False
ID0243,2023,NGER,SQUADRON WIND ENERGY ASSETS PTY LTD,6,3,0,4,0,1,0,0,1,0,8441415.0,2344837.0,13744.0,5526.0,19270,0.008218055242219396,False,False,False,False
ID0243,2023,NGER,SRV AGWF PTY LTD,1,1,0,0,0,0,0,0,0,1,304492.0,84581.0,22.0,30.0,52,0.0006147952849930835,False,False,False,False
ID0243,2023,NGER,THE TRUSTEE FOR GRSF TRUST,1,1,0,0,0,0,0,0,0,1,313600.0,87111.0,7.0,159.0,166,0.0019056146755289229,False,False,False,False
ID0243,2023,NGER,STANWELL CORPORATION LIMITED,2,1,0,0,0,2,0,0,0,0,74200769.0,20611325.0,17865692.0,52533.0,17918225,0.8693388222251602,False,False,False,False
ID0243,2023,NGER,STOCKYARD HILL WIND FARM (HOLDING) PTY LTD,1,1,0,0,0,0,0,0,1,0,5658781.0,1571883.0,105.0,3940.0,4045,0.002573346744000667,False,False,False,False
ID0243,2023,NGER,STONE HOLDCO PTY LTD,1,1,0,1,0,0,0,0,0,0,629536.0,174871.0,18.0,570.0,588,0.003362478627102264,False,False,False,False
ID0243,2023,NGER,SUN AUSTRALIA HOLDINGS PTY LTD,1,1,0,0,0,0,0,0,0,1,882797.0,245221.0,34.0,419.0,453,0.00184731323989381,False,False,False,False
ID0243,2023,NGER,SUNRAYSIA SOLAR FARM HOLDINGS PTY LTD,1,1,0,1,0,0,0,0,0,0,1541563.0,428212.0,58.0,3374.0,3432,0.008014721679915555,False,False,False,False
ID0243,2023,NGER,INTERNATIONAL POWER (AUSTRALIA) HOLDINGS PTY LIMITED,6,1,0,0,0,0,6,0,0,0,389276.0,108132.0,106285.0,643.0,106928,0.9888654607331779,False,False,False,False
ID0243,2023,NGER,TASMANIAN IRRIGATION PTY LTD,1,1,0,0,0,0,0,1,0,0,122411.0,34003.0,0.0,0.0,0,0.0,False,False,False,False
ID0243,2023,NGER,THE TRUSTEE FOR GUNNEDAH ASSET TRUST,1,1,0,1,0,0,0,0,0,0,864551.0,240153.0,0.0,0.0,0,0.0,False,False,False,False
ID0243,2023,NGER,THE TRUSTEE FOR SP PROJECT 1 ACQUISITION TRUST,16,1,0,0,0,0,0,0,16,0,453678.0,126022.0,80.0,143.0,223,0.0017695323038834489,False,False,False,False
ID0243,2023,NGER,THE TRUSTEE FOR SUNTOP ASSET TRUST,1,1,0,1,0,0,0,0,0,0,985900.0,273861.0,0.0,0.0,0,0.0,False,False,False,False
ID0243,2023,NGER,TINSEL BIDCO PTY LTD,2,1,0,0,0,0,2,0,0,0,2898852.0,805236.0,68.0,169.0,237,0.00029432365169962594,False,False,False,False
ID0243,2023,NGER,TOTALENERGIES RENEWABLES AUSTRALIA PTY LTD,1,1,0,0,0,0,0,0,1,0,1435129.0,398647.0,119.0,5333.0,5452,0.013676259949278435,False,False,False,False
ID0243,2023,NGER,TRANSALTA ENERGY (AUSTRALIA) PTY LTD,5,1,0,0,0,0,0,0,0,5,6325417.0,1757060.0,902110.0,0.0,902110,0.5134201450149681,False,False,False,False
ID0243,2023,NGER,VENA ENERGY SERVICES (AUSTRALIA) PTY LTD,3,2,0,0,0,1,2,0,0,0,1769683.0,491578.0,333.0,2180.0,2513,0.00511210835309961,False,False,False,False
ID0243,2023,NGER,W.H. HECK & SONS PROPRIETARY LIMITED,1,1,0,0,0,1,0,0,0,0,174027.0,48341.0,1681.0,0.0,1681,0.034773794501561824,False,False,False,False
ID0243,2023,NGER,WATER CORPORATION,2,1,0,0,0,0,0,0,0,2,19827.0,5508.0,4050.0,0.0,4050,0.7352941176470589,False,False,False,False
ID0243,2023,NGER,CK WILLIAM AUSTRALIA HOLDINGS PTY LTD,45,6,0,10,3,8,3,0,7,14,33273.0,9243.0,0.0,18.0,18,0.0019474196689386564,False,False,False,False
ID0243,2023,NGER,WEST WYALONG HOLDCO 2 PTY LTD,1,1,0,1,0,0,0,0,0,0,682499.0,189583.0,9.0,561.0,570,0.0030065986929207786,False,False,False,False
ID0243,2023,NGER,WHITE ROCK SOLAR FARM (HOLDING) PTY LTD,1,1,0,1,0,0,0,0,0,0,134652.0,37403.0,0.0,46.0,46,0.0012298478731652541,False,False,False,False
ID0243,2023,NGER,WILD CATTLE HILL PTY LTD,1,1,0,0,0,0,0,1,0,0,1643242.0,456456.0,99.0,138.0,237,0.0005192176244807824,False,False,False,False
ID0243,2023,NGER,ARET PLATFORM PTY LIMITED,1,1,0,0,0,0,1,0,0,0,1090576.0,302938.0,70.0,137.0,207,0.0006833081356581214,False,False,False,False
ID0243,2023,NGER,WINTON HOLDINGS CO PTY. LTD,1,1,0,0,0,0,0,0,1,0,532678.0,147966.0,33.0,0.0,33,0.00022302420826406067,False,False,False,False
ID0243,2023,NGER,WIRTGEN ENERGY GLENROWAN PTY. LTD,1,1,0,0,0,0,0,0,1,0,766484.0,212912.0,60.0,543.0,603,0.0028321560081160293,False,False,False,False
ID0243,2023,NGER,WOOLOOGA HOLDCO 2 PTY LTD,1,1,0,0,0,1,0,0,0,0,1185741.0,329373.0,59.0,3658.0,3717,0.011285078011858896,False,False,False,False
ID0243,2023,NGER,YATPOOL SOLAR FARM HOLDCO PTY LTD,1,1,0,0,0,0,0,0,1,0,461024.0,128062.0,0.0,361.0,361,0.0028189470725117523,False,False,False,False
