event_time,network,network_region,price_aud_mwh,demand_mw
2026-05-01T00:00:00Z,NEM,NSW1,39.75,6614.21
2026-05-01T00:00:00Z,NEM,QLD1,23.71,5375.02
2026-05-01T00:00:00Z,NEM,SA1,-3.01,1183.36
2026-05-01T00:00:00Z,NEM,TAS1,73.11,1016.15
2026-05-01T00:00:00Z,NEM,VIC1,-3.06,4099.81
2026-05-01T00:05:00Z,NEM,NSW1,40.54,6595.68
2026-05-01T00:05:00Z,NEM,QLD1,23.73,5368.35
2026-05-01T00:05:00Z,NEM,SA1,-5.12,1145.86
2026-05-01T00:05:00Z,NEM,TAS1,82.38,1006.77
2026-05-01T00:05:00Z,NEM,VIC1,-5.36,4061.0
2026-05-01T00:10:00Z,NEM,NSW1,40.54,6587.78
2026-05-01T00:10:00Z,NEM,QLD1,22.81,5448.4
2026-05-01T00:10:00Z,NEM,SA1,-3.0,1169.4
2026-05-01T00:10:00Z,NEM,TAS1,84.54,1027.54
2026-05-01T00:10:00Z,NEM,VIC1,-3.28,4145.55
2026-05-01T00:15:00Z,NEM,NSW1,40.54,6449.75
2026-05-01T00:15:00Z,NEM,QLD1,22.79,5355.68
2026-05-01T00:15:00Z,NEM,SA1,-4.0,1168.94
2026-05-01T00:15:00Z,NEM,TAS1,83.66,1030.7
2026-05-01T00:15:00Z,NEM,VIC1,-4.11,3913.23
2026-05-01T00:20:00Z,NEM,NSW1,40.54,6445.36
2026-05-01T00:20:00Z,NEM,QLD1,11.29,5353.07
2026-05-01T00:20:00Z,NEM,SA1,-5.12,1153.53
2026-05-01T00:20:00Z,NEM,TAS1,82.53,996.76
2026-05-01T00:20:00Z,NEM,VIC1,-5.2,4012.69
2026-05-01T00:25:00Z,NEM,NSW1,40.54,6500.68
2026-05-01T00:25:00Z,NEM,QLD1,22.79,5420.44
2026-05-01T00:25:00Z,NEM,SA1,-4.0,1130.51
2026-05-01T00:25:00Z,NEM,TAS1,88.14,1035.28
2026-05-01T00:25:00Z,NEM,VIC1,-4.15,4078.02
2026-05-01T00:30:00Z,NEM,NSW1,40.54,6394.62
2026-05-01T00:30:00Z,NEM,QLD1,23.73,5433.56
2026-05-01T00:30:00Z,NEM,SA1,-5.13,1127.4
2026-05-01T00:30:00Z,NEM,TAS1,88.14,1027.62
2026-05-01T00:30:00Z,NEM,VIC1,-7.25,3915.29
2026-05-01T00:35:00Z,NEM,NSW1,40.54,6288.96
2026-05-01T00:35:00Z,NEM,QLD1,31.05,5418.71
2026-05-01T00:35:00Z,NEM,SA1,-5.12,1156.26
2026-05-01T00:35:00Z,NEM,TAS1,83.65,1019.79
2026-05-01T00:35:00Z,NEM,VIC1,-4.14,3896.39
2026-05-01T00:40:00Z,NEM,NSW1,40.54,6340.21
2026-05-01T00:40:00Z,NEM,QLD1,28.87,5443.85
2026-05-01T00:40:00Z,NEM,SA1,-3.56,1209.53
2026-05-01T00:40:00Z,NEM,TAS1,84.26,1025.96
2026-05-01T00:40:00Z,NEM,VIC1,-3.55,3872.3
2026-05-01T00:45:00Z,NEM,NSW1,40.54,6354.12
2026-05-01T00:45:00Z,NEM,QLD1,33.32,5392.77
2026-05-01T00:45:00Z,NEM,SA1,-3.01,1201.8
2026-05-01T00:45:00Z,NEM,TAS1,80.37,1021.19
2026-05-01T00:45:00Z,NEM,VIC1,-7.25,3700.95
2026-05-01T00:50:00Z,NEM,NSW1,40.54,6367.81
2026-05-01T00:50:00Z,NEM,QLD1,22.73,5344.35
2026-05-01T00:50:00Z,NEM,SA1,-3.01,1185.06
2026-05-01T00:50:00Z,NEM,TAS1,79.51,1021.38
2026-05-01T00:50:00Z,NEM,VIC1,-8.05,3772.94
2026-05-01T00:55:00Z,NEM,NSW1,40.54,6297.0
2026-05-01T00:55:00Z,NEM,QLD1,22.79,5394.45
2026-05-01T00:55:00Z,NEM,SA1,-4.0,1159.65
2026-05-01T00:55:00Z,NEM,TAS1,88.14,1017.45
2026-05-01T00:55:00Z,NEM,VIC1,-3.99,3726.51
2026-05-01T01:00:00Z,NEM,NSW1,40.54,6197.41
2026-05-01T01:00:00Z,NEM,QLD1,23.73,5395.23
2026-05-01T01:00:00Z,NEM,SA1,-3.0,1160.11
2026-05-01T01:00:00Z,NEM,TAS1,88.14,1010.78
2026-05-01T01:00:00Z,NEM,VIC1,-3.1,3694.89
2026-05-01T01:05:00Z,NEM,NSW1,38.02,6280.09
2026-05-01T01:05:00Z,NEM,QLD1,33.78,5317.28
2026-05-01T01:05:00Z,NEM,SA1,-5.09,1146.09
2026-05-01T01:05:00Z,NEM,TAS1,82.72,1003.73
2026-05-01T01:05:00Z,NEM,VIC1,-5.02,3513.9
2026-05-01T01:10:00Z,NEM,NSW1,58.92,6450.16
2026-05-01T01:10:00Z,NEM,QLD1,37.93,5447.4
2026-05-01T01:10:00Z,NEM,SA1,-3.48,1134.77
2026-05-01T01:10:00Z,NEM,TAS1,84.29,987.45
2026-05-01T01:10:00Z,NEM,VIC1,-3.55,3699.79
2026-05-01T01:15:00Z,NEM,NSW1,61.68,6437.39
2026-05-01T01:15:00Z,NEM,QLD1,39.71,5413.44
2026-05-01T01:15:00Z,NEM,SA1,-3.01,1109.25
2026-05-01T01:15:00Z,NEM,TAS1,84.79,980.39
2026-05-01T01:15:00Z,NEM,VIC1,-3.07,3752.09
2026-05-01T01:20:00Z,NEM,NSW1,66.88,6454.81
2026-05-01T01:20:00Z,NEM,QLD1,39.71,5440.21
2026-05-01T01:20:00Z,NEM,SA1,-4.0,1052.96
2026-05-01T01:20:00Z,NEM,TAS1,84.3,964.91
2026-05-01T01:20:00Z,NEM,VIC1,-3.55,3630.99
2026-05-01T01:25:00Z,NEM,NSW1,39.75,6331.99
2026-05-01T01:25:00Z,NEM,QLD1,36.76,5534.9
2026-05-01T01:25:00Z,NEM,SA1,-3.5,1075.92
2026-05-01T01:25:00Z,NEM,TAS1,84.29,958.44
2026-05-01T01:25:00Z,NEM,VIC1,-3.55,3654.3
2026-05-01T01:30:00Z,NEM,NSW1,40.04,6490.83
2026-05-01T01:30:00Z,NEM,QLD1,36.22,5415.11
2026-05-01T01:30:00Z,NEM,SA1,-7.21,1005.23
2026-05-01T01:30:00Z,NEM,TAS1,80.47,952.7
2026-05-01T01:30:00Z,NEM,VIC1,-7.23,3585.13
2026-05-01T01:35:00Z,NEM,NSW1,39.75,6500.2
2026-05-01T01:35:00Z,NEM,QLD1,36.48,5343.31
2026-05-01T01:35:00Z,NEM,SA1,-3.01,998.36
2026-05-01T01:35:00Z,NEM,TAS1,84.27,948.17
2026-05-01T01:35:00Z,NEM,VIC1,-3.55,3638.51
2026-05-01T01:40:00Z,NEM,NSW1,39.75,6405.85
2026-05-01T01:40:00Z,NEM,QLD1,37.6,5342.39
2026-05-01T01:40:00Z,NEM,SA1,-4.0,971.25
2026-05-01T01:40:00Z,NEM,TAS1,83.54,950.16
2026-05-01T01:40:00Z,NEM,VIC1,-4.25,3554.35
2026-05-01T01:45:00Z,NEM,NSW1,44.27,6551.65
2026-05-01T01:45:00Z,NEM,QLD1,39.75,5338.56
2026-05-01T01:45:00Z,NEM,SA1,-3.37,948.23
2026-05-01T01:45:00Z,NEM,TAS1,84.29,947.45
2026-05-01T01:45:00Z,NEM,VIC1,-3.55,3589.11
2026-05-01T01:50:00Z,NEM,NSW1,45.57,6554.32
2026-05-01T01:50:00Z,NEM,QLD1,39.74,5377.71
2026-05-01T01:50:00Z,NEM,SA1,-4.0,930.8
2026-05-01T01:50:00Z,NEM,TAS1,83.63,943.01
2026-05-01T01:50:00Z,NEM,VIC1,-4.18,3516.49
2026-05-01T01:55:00Z,NEM,NSW1,39.75,6380.28
2026-05-01T01:55:00Z,NEM,QLD1,35.4,5308.48
2026-05-01T01:55:00Z,NEM,SA1,-6.9,949.7
2026-05-01T01:55:00Z,NEM,TAS1,80.43,933.96
2026-05-01T01:55:00Z,NEM,VIC1,-7.23,3519.57
2026-05-01T02:00:00Z,NEM,NSW1,41.39,6373.39
2026-05-01T02:00:00Z,NEM,QLD1,38.66,5337.92
2026-05-01T02:00:00Z,NEM,SA1,-6.93,946.75
2026-05-01T02:00:00Z,NEM,TAS1,80.45,931.12
2026-05-01T02:00:00Z,NEM,VIC1,-7.23,3568.7
2026-05-01T02:05:00Z,NEM,NSW1,45.9,6472.16
2026-05-01T02:05:00Z,NEM,QLD1,39.75,5386.84
2026-05-01T02:05:00Z,NEM,SA1,-6.0,982.12
2026-05-01T02:05:00Z,NEM,TAS1,81.62,927.32
2026-05-01T02:05:00Z,NEM,VIC1,-6.08,3505.54
2026-05-01T02:10:00Z,NEM,NSW1,40.15,6388.86
2026-05-01T02:10:00Z,NEM,QLD1,38.73,5328.19
2026-05-01T02:10:00Z,NEM,SA1,-4.0,1026.81
2026-05-01T02:10:00Z,NEM,TAS1,83.71,925.46
2026-05-01T02:10:00Z,NEM,VIC1,-4.1,3503.52
2026-05-01T02:15:00Z,NEM,NSW1,58.7,6462.91
2026-05-01T02:15:00Z,NEM,QLD1,50.0,5356.04
2026-05-01T02:15:00Z,NEM,SA1,-7.72,1040.48
2026-05-01T02:15:00Z,NEM,TAS1,79.82,922.05
2026-05-01T02:15:00Z,NEM,VIC1,-7.83,3522.06
2026-05-01T02:20:00Z,NEM,NSW1,43.25,6514.18
2026-05-01T02:20:00Z,NEM,QLD1,38.73,5190.82
2026-05-01T02:20:00Z,NEM,SA1,-7.14,1057.51
2026-05-01T02:20:00Z,NEM,TAS1,80.41,911.96
2026-05-01T02:20:00Z,NEM,VIC1,-7.23,3439.93
2026-05-01T02:25:00Z,NEM,NSW1,39.75,6441.01
2026-05-01T02:25:00Z,NEM,QLD1,36.73,5193.75
2026-05-01T02:25:00Z,NEM,SA1,-4.0,1064.67
2026-05-01T02:25:00Z,NEM,TAS1,83.69,917.35
2026-05-01T02:25:00Z,NEM,VIC1,-4.1,3440.12
2026-05-01T02:30:00Z,NEM,NSW1,46.12,6455.28
2026-05-01T02:30:00Z,NEM,QLD1,38.73,5083.64
2026-05-01T02:30:00Z,NEM,SA1,-4.0,1086.74
2026-05-01T02:30:00Z,NEM,TAS1,83.75,910.45
2026-05-01T02:30:00Z,NEM,VIC1,-4.04,3432.76
2026-05-01T02:35:00Z,NEM,NSW1,40.54,6450.15
2026-05-01T02:35:00Z,NEM,QLD1,30.32,5026.26
2026-05-01T02:35:00Z,NEM,SA1,-3.59,1085.32
2026-05-01T02:35:00Z,NEM,TAS1,88.14,919.67
2026-05-01T02:35:00Z,NEM,VIC1,-3.55,3409.58
2026-05-01T02:40:00Z,NEM,NSW1,42.87,6442.79
2026-05-01T02:40:00Z,NEM,QLD1,38.73,5023.93
2026-05-01T02:40:00Z,NEM,SA1,-5.15,1083.76
2026-05-01T02:40:00Z,NEM,TAS1,82.66,911.14
2026-05-01T02:40:00Z,NEM,VIC1,-5.07,3458.38
2026-05-01T02:45:00Z,NEM,NSW1,40.54,6333.06
2026-05-01T02:45:00Z,NEM,QLD1,37.93,5030.12
2026-05-01T02:45:00Z,NEM,SA1,-3.0,1073.98
2026-05-01T02:45:00Z,NEM,TAS1,84.26,904.99
2026-05-01T02:45:00Z,NEM,VIC1,-3.55,3465.37
2026-05-01T02:50:00Z,NEM,NSW1,41.29,6366.23
2026-05-01T02:50:00Z,NEM,QLD1,38.73,4916.47
2026-05-01T02:50:00Z,NEM,SA1,-8.98,1032.62
2026-05-01T02:50:00Z,NEM,TAS1,78.49,902.86
2026-05-01T02:50:00Z,NEM,VIC1,-9.02,3354.31
2026-05-01T02:55:00Z,NEM,NSW1,40.54,6518.47
2026-05-01T02:55:00Z,NEM,QLD1,37.69,4920.0
2026-05-01T02:55:00Z,NEM,SA1,-3.01,1020.1
2026-05-01T02:55:00Z,NEM,TAS1,84.41,902.86
2026-05-01T02:55:00Z,NEM,VIC1,-3.4,3560.07
2026-05-01T03:00:00Z,NEM,NSW1,42.0,6460.87
2026-05-01T03:00:00Z,NEM,QLD1,38.66,5022.28
2026-05-01T03:00:00Z,NEM,SA1,-7.64,975.25
2026-05-01T03:00:00Z,NEM,TAS1,79.79,901.3
2026-05-01T03:00:00Z,NEM,VIC1,-7.82,3542.56
2026-05-01T03:05:00Z,NEM,NSW1,49.5,6439.18
2026-05-01T03:05:00Z,NEM,QLD1,39.75,5054.5
2026-05-01T03:05:00Z,NEM,SA1,-3.42,1015.97
2026-05-01T03:05:00Z,NEM,TAS1,84.27,889.35
2026-05-01T03:05:00Z,NEM,VIC1,-3.55,3598.87
2026-05-01T03:10:00Z,NEM,NSW1,56.06,6446.18
2026-05-01T03:10:00Z,NEM,QLD1,45.02,5114.01
2026-05-01T03:10:00Z,NEM,SA1,-3.41,1009.55
2026-05-01T03:10:00Z,NEM,TAS1,84.31,821.63
2026-05-01T03:10:00Z,NEM,VIC1,-3.55,3592.81
2026-05-01T03:15:00Z,NEM,NSW1,41.24,6447.0
2026-05-01T03:15:00Z,NEM,QLD1,37.93,5059.02
2026-05-01T03:15:00Z,NEM,SA1,-3.0,1020.39
2026-05-01T03:15:00Z,NEM,TAS1,84.87,802.36
2026-05-01T03:15:00Z,NEM,VIC1,-3.01,3656.84
2026-05-01T03:20:00Z,NEM,NSW1,40.54,6524.3
2026-05-01T03:20:00Z,NEM,QLD1,37.98,5165.36
2026-05-01T03:20:00Z,NEM,SA1,-3.0,1013.32
2026-05-01T03:20:00Z,NEM,TAS1,84.6,805.84
2026-05-01T03:20:00Z,NEM,VIC1,-3.26,3636.9
2026-05-01T03:25:00Z,NEM,NSW1,43.45,6597.99
2026-05-01T03:25:00Z,NEM,QLD1,38.73,5113.96
2026-05-01T03:25:00Z,NEM,SA1,-3.0,1029.07
2026-05-01T03:25:00Z,NEM,TAS1,84.55,809.72
2026-05-01T03:25:00Z,NEM,VIC1,-3.31,3678.13
2026-05-01T03:30:00Z,NEM,NSW1,40.61,6521.71
2026-05-01T03:30:00Z,NEM,QLD1,38.07,5121.61
2026-05-01T03:30:00Z,NEM,SA1,-3.0,1047.48
2026-05-01T03:30:00Z,NEM,TAS1,84.62,810.39
2026-05-01T03:30:00Z,NEM,VIC1,-3.24,3659.5
2026-05-01T03:35:00Z,NEM,NSW1,41.59,6571.12
2026-05-01T03:35:00Z,NEM,QLD1,37.93,5168.96
2026-05-01T03:35:00Z,NEM,SA1,-3.0,1042.47
2026-05-01T03:35:00Z,NEM,TAS1,84.54,831.89
2026-05-01T03:35:00Z,NEM,VIC1,-3.29,3755.6
2026-05-01T03:40:00Z,NEM,NSW1,39.75,6491.05
2026-05-01T03:40:00Z,NEM,QLD1,36.73,5210.34
2026-05-01T03:40:00Z,NEM,SA1,-2.59,1047.31
2026-05-01T03:40:00Z,NEM,TAS1,88.14,886.54
2026-05-01T03:40:00Z,NEM,VIC1,-3.0,3800.26
2026-05-01T03:45:00Z,NEM,NSW1,39.75,6549.89
2026-05-01T03:45:00Z,NEM,QLD1,36.09,5176.28
2026-05-01T03:45:00Z,NEM,SA1,-2.63,1121.47
2026-05-01T03:45:00Z,NEM,TAS1,88.14,916.52
2026-05-01T03:45:00Z,NEM,VIC1,-3.0,3740.42
2026-05-01T03:50:00Z,NEM,NSW1,41.15,6590.39
2026-05-01T03:50:00Z,NEM,QLD1,38.73,5283.47
2026-05-01T03:50:00Z,NEM,SA1,-2.07,1208.33
2026-05-01T03:50:00Z,NEM,TAS1,85.58,915.11
2026-05-01T03:50:00Z,NEM,VIC1,-2.29,3921.27
2026-05-01T03:55:00Z,NEM,NSW1,39.75,6557.58
2026-05-01T03:55:00Z,NEM,QLD1,37.93,5285.69
2026-05-01T03:55:00Z,NEM,SA1,-1.75,1274.91
2026-05-01T03:55:00Z,NEM,TAS1,88.14,917.63
2026-05-01T03:55:00Z,NEM,VIC1,-2.0,3959.62
2026-05-01T04:00:00Z,NEM,NSW1,41.72,6495.88
2026-05-01T04:00:00Z,NEM,QLD1,38.73,5329.01
2026-05-01T04:00:00Z,NEM,SA1,-3.0,1295.3
2026-05-01T04:00:00Z,NEM,TAS1,84.71,919.84
2026-05-01T04:00:00Z,NEM,VIC1,-3.12,3879.6
2026-05-01T04:05:00Z,NEM,NSW1,39.75,6513.49
2026-05-01T04:05:00Z,NEM,QLD1,36.9,5350.73
2026-05-01T04:05:00Z,NEM,SA1,-3.0,1311.1
2026-05-01T04:05:00Z,NEM,TAS1,84.56,910.61
2026-05-01T04:05:00Z,NEM,VIC1,-3.29,3978.76
2026-05-01T04:10:00Z,NEM,NSW1,39.75,6388.72
2026-05-01T04:10:00Z,NEM,QLD1,37.93,5393.75
2026-05-01T04:10:00Z,NEM,SA1,-3.0,1303.75
2026-05-01T04:10:00Z,NEM,TAS1,84.64,910.03
2026-05-01T04:10:00Z,NEM,VIC1,-3.2,3990.91
2026-05-01T04:15:00Z,NEM,NSW1,24.45,6499.16
2026-05-01T04:15:00Z,NEM,QLD1,22.81,5429.16
2026-05-01T04:15:00Z,NEM,SA1,-1.05,1257.09
2026-05-01T04:15:00Z,NEM,TAS1,88.14,928.33
2026-05-01T04:15:00Z,NEM,VIC1,-1.21,4040.29
2026-05-01T04:20:00Z,NEM,NSW1,53.38,6581.96
2026-05-01T04:20:00Z,NEM,QLD1,39.74,5493.21
2026-05-01T04:20:00Z,NEM,SA1,-2.96,1257.36
2026-05-01T04:20:00Z,NEM,TAS1,84.84,932.46
2026-05-01T04:20:00Z,NEM,VIC1,-3.0,3998.61
2026-05-01T04:25:00Z,NEM,NSW1,39.75,6554.03
2026-05-01T04:25:00Z,NEM,QLD1,38.41,5564.35
2026-05-01T04:25:00Z,NEM,SA1,-2.83,1221.83
2026-05-01T04:25:00Z,NEM,TAS1,85.62,944.47
2026-05-01T04:25:00Z,NEM,VIC1,-2.26,4054.18
2026-05-01T04:30:00Z,NEM,NSW1,41.28,6546.43
2026-05-01T04:30:00Z,NEM,QLD1,39.71,5563.44
2026-05-01T04:30:00Z,NEM,SA1,-3.0,1176.7
2026-05-01T04:30:00Z,NEM,TAS1,84.41,938.74
2026-05-01T04:30:00Z,NEM,VIC1,-3.4,4018.93
2026-05-01T04:35:00Z,NEM,NSW1,40.35,6701.76
2026-05-01T04:35:00Z,NEM,QLD1,37.98,5569.44
2026-05-01T04:35:00Z,NEM,SA1,-3.0,1125.45
2026-05-01T04:35:00Z,NEM,TAS1,84.34,952.93
2026-05-01T04:35:00Z,NEM,VIC1,-3.48,4129.99
2026-05-01T04:40:00Z,NEM,NSW1,39.75,6733.12
2026-05-01T04:40:00Z,NEM,QLD1,37.93,5634.09
2026-05-01T04:40:00Z,NEM,SA1,-3.0,1117.83
2026-05-01T04:40:00Z,NEM,TAS1,84.37,948.68
2026-05-01T04:40:00Z,NEM,VIC1,-3.45,4189.34
2026-05-01T04:45:00Z,NEM,NSW1,39.75,6806.73
2026-05-01T04:45:00Z,NEM,QLD1,37.41,5667.33
2026-05-01T04:45:00Z,NEM,SA1,-3.0,1167.26
2026-05-01T04:45:00Z,NEM,TAS1,85.59,962.75
2026-05-01T04:45:00Z,NEM,VIC1,-2.29,4225.02
2026-05-01T04:50:00Z,NEM,NSW1,54.86,6933.25
2026-05-01T04:50:00Z,NEM,QLD1,50.5,5781.56
2026-05-01T04:50:00Z,NEM,SA1,-1.96,1197.93
2026-05-01T04:50:00Z,NEM,TAS1,85.6,953.7
2026-05-01T04:50:00Z,NEM,VIC1,-2.29,4349.15
2026-05-01T04:55:00Z,NEM,NSW1,39.75,6875.53
2026-05-01T04:55:00Z,NEM,QLD1,36.99,5779.64
2026-05-01T04:55:00Z,NEM,SA1,-1.81,1255.89
2026-05-01T04:55:00Z,NEM,TAS1,85.9,961.39
2026-05-01T04:55:00Z,NEM,VIC1,-2.0,4402.15
2026-05-01T05:00:00Z,NEM,NSW1,39.75,6997.16
2026-05-01T05:00:00Z,NEM,QLD1,35.42,5813.22
2026-05-01T05:00:00Z,NEM,SA1,-2.61,1264.91
2026-05-01T05:00:00Z,NEM,TAS1,84.84,963.72
2026-05-01T05:00:00Z,NEM,VIC1,-3.0,4388.95
2026-05-01T05:05:00Z,NEM,NSW1,46.09,7111.71
2026-05-01T05:05:00Z,NEM,QLD1,39.75,5879.41
2026-05-01T05:05:00Z,NEM,SA1,-3.35,1265.74
2026-05-01T05:05:00Z,NEM,TAS1,84.27,980.36
2026-05-01T05:05:00Z,NEM,VIC1,-3.55,4369.08
2026-05-01T05:10:00Z,NEM,NSW1,39.75,7132.29
2026-05-01T05:10:00Z,NEM,QLD1,38.14,6000.3
2026-05-01T05:10:00Z,NEM,SA1,-2.58,1201.97
2026-05-01T05:10:00Z,NEM,TAS1,84.86,969.64
2026-05-01T05:10:00Z,NEM,VIC1,-3.0,4458.35
2026-05-01T05:15:00Z,NEM,NSW1,40.54,7113.31
2026-05-01T05:15:00Z,NEM,QLD1,37.32,6093.12
2026-05-01T05:15:00Z,NEM,SA1,-3.0,1253.46
2026-05-01T05:15:00Z,NEM,TAS1,84.46,984.23
2026-05-01T05:15:00Z,NEM,VIC1,-3.36,4552.67
2026-05-01T05:20:00Z,NEM,NSW1,39.75,7176.88
2026-05-01T05:20:00Z,NEM,QLD1,37.74,6206.33
2026-05-01T05:20:00Z,NEM,SA1,-2.82,1282.8
2026-05-01T05:20:00Z,NEM,TAS1,85.58,997.53
2026-05-01T05:20:00Z,NEM,VIC1,-2.29,4561.14
2026-05-01T05:25:00Z,NEM,NSW1,64.89,7366.94
2026-05-01T05:25:00Z,NEM,QLD1,62.61,6288.87
2026-05-01T05:25:00Z,NEM,SA1,-2.5,1406.51
2026-05-01T05:25:00Z,NEM,TAS1,87.95,1008.06
2026-05-01T05:25:00Z,NEM,VIC1,-0.05,4617.38
2026-05-01T05:30:00Z,NEM,NSW1,56.06,7375.31
2026-05-01T05:30:00Z,NEM,QLD1,54.73,6335.92
2026-05-01T05:30:00Z,NEM,SA1,0.0,1451.18
2026-05-01T05:30:00Z,NEM,TAS1,88.14,1010.4
2026-05-01T05:30:00Z,NEM,VIC1,0.0,4732.17
2026-05-01T05:35:00Z,NEM,NSW1,64.89,7367.1
2026-05-01T05:35:00Z,NEM,QLD1,63.89,6453.66
2026-05-01T05:35:00Z,NEM,SA1,-1.05,1434.76
2026-05-01T05:35:00Z,NEM,TAS1,70.28,1008.76
2026-05-01T05:35:00Z,NEM,VIC1,-1.21,4710.11
2026-05-01T05:40:00Z,NEM,NSW1,76.98,7432.53
2026-05-01T05:40:00Z,NEM,QLD1,76.79,6456.45
2026-05-01T05:40:00Z,NEM,SA1,-2.04,1394.63
2026-05-01T05:40:00Z,NEM,TAS1,74.64,1007.22
2026-05-01T05:40:00Z,NEM,VIC1,-2.29,4783.21
2026-05-01T05:45:00Z,NEM,NSW1,76.98,7525.49
2026-05-01T05:45:00Z,NEM,QLD1,84.71,6662.46
2026-05-01T05:45:00Z,NEM,SA1,-1.05,1381.24
2026-05-01T05:45:00Z,NEM,TAS1,76.9,1008.3
2026-05-01T05:45:00Z,NEM,VIC1,-0.1,4908.62
2026-05-01T05:50:00Z,NEM,NSW1,76.98,7631.33
2026-05-01T05:50:00Z,NEM,QLD1,78.08,6730.0
2026-05-01T05:50:00Z,NEM,SA1,-1.1,1400.71
2026-05-01T05:50:00Z,NEM,TAS1,86.72,1017.69
2026-05-01T05:50:00Z,NEM,VIC1,-1.23,4999.46
2026-05-01T05:55:00Z,NEM,NSW1,56.06,7710.51
2026-05-01T05:55:00Z,NEM,QLD1,71.69,6803.69
2026-05-01T05:55:00Z,NEM,SA1,-1.02,1431.4
2026-05-01T05:55:00Z,NEM,TAS1,88.0,1019.06
2026-05-01T05:55:00Z,NEM,VIC1,0.0,5134.52
2026-05-01T06:00:00Z,NEM,NSW1,76.98,7865.49
2026-05-01T06:00:00Z,NEM,QLD1,82.0,6875.96
2026-05-01T06:00:00Z,NEM,SA1,0.0,1458.21
2026-05-01T06:00:00Z,NEM,TAS1,88.0,1023.51
2026-05-01T06:00:00Z,NEM,VIC1,0.0,5062.37
2026-05-01T06:05:00Z,NEM,NSW1,76.98,7869.23
2026-05-01T06:05:00Z,NEM,QLD1,75.44,6941.21
2026-05-01T06:05:00Z,NEM,SA1,-2.5,1461.81
2026-05-01T06:05:00Z,NEM,TAS1,76.2,1028.72
2026-05-01T06:05:00Z,NEM,VIC1,-0.05,5174.09
2026-05-01T06:10:00Z,NEM,NSW1,64.89,7908.24
2026-05-01T06:10:00Z,NEM,QLD1,64.19,6980.74
2026-05-01T06:10:00Z,NEM,SA1,-5.15,1464.29
2026-05-01T06:10:00Z,NEM,TAS1,76.35,1029.37
2026-05-01T06:10:00Z,NEM,VIC1,0.0,5172.46
2026-05-01T06:15:00Z,NEM,NSW1,71.4,8059.63
2026-05-01T06:15:00Z,NEM,QLD1,71.18,7042.62
2026-05-01T06:15:00Z,NEM,SA1,-5.12,1492.21
2026-05-01T06:15:00Z,NEM,TAS1,77.0,1035.36
2026-05-01T06:15:00Z,NEM,VIC1,0.0,5277.21
2026-05-01T06:20:00Z,NEM,NSW1,76.98,8159.66
2026-05-01T06:20:00Z,NEM,QLD1,78.79,7136.57
2026-05-01T06:20:00Z,NEM,SA1,-1.1,1528.32
2026-05-01T06:20:00Z,NEM,TAS1,88.14,1062.1
2026-05-01T06:20:00Z,NEM,VIC1,10.81,5426.0
2026-05-01T06:25:00Z,NEM,NSW1,79.89,8275.1
2026-05-01T06:25:00Z,NEM,QLD1,81.83,7186.84
2026-05-01T06:25:00Z,NEM,SA1,-3.01,1482.67
2026-05-01T06:25:00Z,NEM,TAS1,85.92,1070.19
2026-05-01T06:25:00Z,NEM,VIC1,-2.0,5426.37
2026-05-01T06:30:00Z,NEM,NSW1,76.99,8379.99
2026-05-01T06:30:00Z,NEM,QLD1,82.0,7279.19
2026-05-01T06:30:00Z,NEM,SA1,-1.1,1488.67
2026-05-01T06:30:00Z,NEM,TAS1,105.52,1077.9
2026-05-01T06:30:00Z,NEM,VIC1,28.69,5511.74
2026-05-01T06:35:00Z,NEM,NSW1,80.26,8447.62
2026-05-01T06:35:00Z,NEM,QLD1,82.0,7358.19
2026-05-01T06:35:00Z,NEM,SA1,-1.02,1533.54
2026-05-01T06:35:00Z,NEM,TAS1,88.14,1086.54
2026-05-01T06:35:00Z,NEM,VIC1,8.95,5571.2
2026-05-01T06:40:00Z,NEM,NSW1,83.39,8456.18
2026-05-01T06:40:00Z,NEM,QLD1,85.73,7369.41
2026-05-01T06:40:00Z,NEM,SA1,-3.0,1577.43
2026-05-01T06:40:00Z,NEM,TAS1,88.14,1089.57
2026-05-01T06:40:00Z,NEM,VIC1,17.35,5583.7
2026-05-01T06:45:00Z,NEM,NSW1,84.79,8482.87
2026-05-01T06:45:00Z,NEM,QLD1,92.57,7414.51
2026-05-01T06:45:00Z,NEM,SA1,-1.1,1602.85
2026-05-01T06:45:00Z,NEM,TAS1,98.37,1092.35
2026-05-01T06:45:00Z,NEM,VIC1,21.4,5636.35
2026-05-01T06:50:00Z,NEM,NSW1,76.98,8475.59
2026-05-01T06:50:00Z,NEM,QLD1,92.57,7527.27
2026-05-01T06:50:00Z,NEM,SA1,24.84,1616.7
2026-05-01T06:50:00Z,NEM,TAS1,92.32,1104.23
2026-05-01T06:50:00Z,NEM,VIC1,28.69,5637.88
2026-05-01T06:55:00Z,NEM,NSW1,81.49,8604.56
2026-05-01T06:55:00Z,NEM,QLD1,82.5,7537.2
2026-05-01T06:55:00Z,NEM,SA1,24.57,1615.03
2026-05-01T06:55:00Z,NEM,TAS1,88.28,1108.76
2026-05-01T06:55:00Z,NEM,VIC1,28.69,5686.96
2026-05-01T07:00:00Z,NEM,NSW1,89.74,8712.26
2026-05-01T07:00:00Z,NEM,QLD1,87.64,7560.66
2026-05-01T07:00:00Z,NEM,SA1,44.49,1625.56
2026-05-01T07:00:00Z,NEM,TAS1,88.28,1105.1
2026-05-01T07:00:00Z,NEM,VIC1,20.53,5783.72
2026-05-01T07:05:00Z,NEM,NSW1,76.99,8721.77
2026-05-01T07:05:00Z,NEM,QLD1,86.73,7649.53
2026-05-01T07:05:00Z,NEM,SA1,24.82,1628.58
2026-05-01T07:05:00Z,NEM,TAS1,88.28,1105.57
2026-05-01T07:05:00Z,NEM,VIC1,28.69,5767.2
2026-05-01T07:10:00Z,NEM,NSW1,76.99,8688.59
2026-05-01T07:10:00Z,NEM,QLD1,85.73,7527.33
2026-05-01T07:10:00Z,NEM,SA1,25.72,1654.94
2026-05-01T07:10:00Z,NEM,TAS1,88.3,1115.1
2026-05-01T07:10:00Z,NEM,VIC1,28.69,5759.87
2026-05-01T07:15:00Z,NEM,NSW1,76.99,8727.65
2026-05-01T07:15:00Z,NEM,QLD1,78.99,7533.19
2026-05-01T07:15:00Z,NEM,SA1,17.4,1676.0
2026-05-01T07:15:00Z,NEM,TAS1,88.28,1121.63
2026-05-01T07:15:00Z,NEM,VIC1,19.18,5744.96
2026-05-01T07:20:00Z,NEM,NSW1,76.98,8665.15
2026-05-01T07:20:00Z,NEM,QLD1,81.83,7613.07
2026-05-01T07:20:00Z,NEM,SA1,34.34,1734.9
2026-05-01T07:20:00Z,NEM,TAS1,88.28,1127.23
2026-05-01T07:20:00Z,NEM,VIC1,19.18,5859.61
2026-05-01T07:25:00Z,NEM,NSW1,76.98,8744.13
2026-05-01T07:25:00Z,NEM,QLD1,84.73,7649.78
2026-05-01T07:25:00Z,NEM,SA1,38.82,1744.47
2026-05-01T07:25:00Z,NEM,TAS1,88.28,1134.51
2026-05-01T07:25:00Z,NEM,VIC1,28.69,5871.39
2026-05-01T07:30:00Z,NEM,NSW1,76.99,8784.27
2026-05-01T07:30:00Z,NEM,QLD1,85.73,7676.11
2026-05-01T07:30:00Z,NEM,SA1,29.07,1714.69
2026-05-01T07:30:00Z,NEM,TAS1,88.28,1144.82
2026-05-01T07:30:00Z,NEM,VIC1,8.69,5880.1
2026-05-01T07:35:00Z,NEM,NSW1,76.99,8871.83
2026-05-01T07:35:00Z,NEM,QLD1,92.57,7715.01
2026-05-01T07:35:00Z,NEM,SA1,29.23,1765.77
2026-05-01T07:35:00Z,NEM,TAS1,88.14,1138.89
2026-05-01T07:35:00Z,NEM,VIC1,8.69,5918.86
2026-05-01T07:40:00Z,NEM,NSW1,76.99,8885.86
2026-05-01T07:40:00Z,NEM,QLD1,78.99,7626.58
2026-05-01T07:40:00Z,NEM,SA1,29.23,1781.57
2026-05-01T07:40:00Z,NEM,TAS1,88.14,1151.07
2026-05-01T07:40:00Z,NEM,VIC1,8.69,5839.69
2026-05-01T07:45:00Z,NEM,NSW1,76.99,8891.36
2026-05-01T07:45:00Z,NEM,QLD1,102.99,7673.44
2026-05-01T07:45:00Z,NEM,SA1,18.2,1766.69
2026-05-01T07:45:00Z,NEM,TAS1,88.28,1158.09
2026-05-01T07:45:00Z,NEM,VIC1,8.69,5864.56
2026-05-01T07:50:00Z,NEM,NSW1,76.98,8853.18
2026-05-01T07:50:00Z,NEM,QLD1,84.73,7676.75
2026-05-01T07:50:00Z,NEM,SA1,29.45,1811.66
2026-05-01T07:50:00Z,NEM,TAS1,88.28,1168.15
2026-05-01T07:50:00Z,NEM,VIC1,8.95,5889.46
2026-05-01T07:55:00Z,NEM,NSW1,76.98,8959.15
2026-05-01T07:55:00Z,NEM,QLD1,79.24,7740.28
2026-05-01T07:55:00Z,NEM,SA1,39.58,1813.19
2026-05-01T07:55:00Z,NEM,TAS1,88.28,1167.81
2026-05-01T07:55:00Z,NEM,VIC1,28.69,5952.26
2026-05-01T08:00:00Z,NEM,NSW1,76.98,8866.61
2026-05-01T08:00:00Z,NEM,QLD1,85.73,7774.87
2026-05-01T08:00:00Z,NEM,SA1,35.89,1788.6
2026-05-01T08:00:00Z,NEM,TAS1,88.28,1166.57
2026-05-01T08:00:00Z,NEM,VIC1,22.0,5987.7
2026-05-01T08:05:00Z,NEM,NSW1,76.98,8817.59
2026-05-01T08:05:00Z,NEM,QLD1,86.73,7726.58
2026-05-01T08:05:00Z,NEM,SA1,29.62,1785.05
2026-05-01T08:05:00Z,NEM,TAS1,88.28,1166.77
2026-05-01T08:05:00Z,NEM,VIC1,8.95,5867.14
2026-05-01T08:10:00Z,NEM,NSW1,76.98,8706.54
2026-05-01T08:10:00Z,NEM,QLD1,86.73,7701.35
2026-05-01T08:10:00Z,NEM,SA1,29.84,1770.95
2026-05-01T08:10:00Z,NEM,TAS1,88.14,1166.02
2026-05-01T08:10:00Z,NEM,VIC1,8.95,5886.34
2026-05-01T08:15:00Z,NEM,NSW1,64.89,8746.23
2026-05-01T08:15:00Z,NEM,QLD1,92.59,7610.72
2026-05-01T08:15:00Z,NEM,SA1,25.84,1774.37
2026-05-01T08:15:00Z,NEM,TAS1,88.14,1159.92
2026-05-01T08:15:00Z,NEM,VIC1,8.95,5815.37
2026-05-01T08:20:00Z,NEM,NSW1,64.89,8774.95
2026-05-01T08:20:00Z,NEM,QLD1,85.73,7578.13
2026-05-01T08:20:00Z,NEM,SA1,25.8,1774.67
2026-05-01T08:20:00Z,NEM,TAS1,88.14,1156.76
2026-05-01T08:20:00Z,NEM,VIC1,8.95,5866.39
2026-05-01T08:25:00Z,NEM,NSW1,76.98,8825.54
2026-05-01T08:25:00Z,NEM,QLD1,85.73,7570.4
2026-05-01T08:25:00Z,NEM,SA1,29.47,1776.45
2026-05-01T08:25:00Z,NEM,TAS1,88.14,1153.5
2026-05-01T08:25:00Z,NEM,VIC1,8.95,5878.22
2026-05-01T08:30:00Z,NEM,NSW1,64.89,8683.6
2026-05-01T08:30:00Z,NEM,QLD1,102.99,7644.86
2026-05-01T08:30:00Z,NEM,SA1,25.69,1762.36
2026-05-01T08:30:00Z,NEM,TAS1,88.14,1151.68
2026-05-01T08:30:00Z,NEM,VIC1,8.95,5795.09
2026-05-01T08:35:00Z,NEM,NSW1,61.1,8586.72
2026-05-01T08:35:00Z,NEM,QLD1,92.57,7545.18
2026-05-01T08:35:00Z,NEM,SA1,24.53,1774.06
2026-05-01T08:35:00Z,NEM,TAS1,88.14,1149.07
2026-05-01T08:35:00Z,NEM,VIC1,8.95,5840.77
2026-05-01T08:40:00Z,NEM,NSW1,76.98,8645.07
2026-05-01T08:40:00Z,NEM,QLD1,92.57,7482.61
2026-05-01T08:40:00Z,NEM,SA1,10.66,1745.41
2026-05-01T08:40:00Z,NEM,TAS1,88.14,1149.74
2026-05-01T08:40:00Z,NEM,VIC1,8.69,5799.09
2026-05-01T08:45:00Z,NEM,NSW1,76.98,8595.61
2026-05-01T08:45:00Z,NEM,QLD1,85.73,7422.29
2026-05-01T08:45:00Z,NEM,SA1,10.38,1777.42
2026-05-01T08:45:00Z,NEM,TAS1,88.14,1144.76
2026-05-01T08:45:00Z,NEM,VIC1,8.69,5801.71
2026-05-01T08:50:00Z,NEM,NSW1,57.51,8531.71
2026-05-01T08:50:00Z,NEM,QLD1,92.57,7459.37
2026-05-01T08:50:00Z,NEM,SA1,12.0,1769.26
2026-05-01T08:50:00Z,NEM,TAS1,88.14,1135.21
2026-05-01T08:50:00Z,NEM,VIC1,8.69,5705.0
2026-05-01T08:55:00Z,NEM,NSW1,61.1,8512.18
2026-05-01T08:55:00Z,NEM,QLD1,77.73,7398.89
2026-05-01T08:55:00Z,NEM,SA1,18.2,1760.57
2026-05-01T08:55:00Z,NEM,TAS1,88.14,1124.84
2026-05-01T08:55:00Z,NEM,VIC1,8.69,5681.02
2026-05-01T09:00:00Z,NEM,NSW1,61.1,8404.46
2026-05-01T09:00:00Z,NEM,QLD1,92.57,7492.99
2026-05-01T09:00:00Z,NEM,SA1,35.17,1753.43
2026-05-01T09:00:00Z,NEM,TAS1,88.14,1131.72
2026-05-01T09:00:00Z,NEM,VIC1,28.69,5720.92
2026-05-01T09:05:00Z,NEM,NSW1,57.51,8500.71
2026-05-01T09:05:00Z,NEM,QLD1,84.73,7399.49
2026-05-01T09:05:00Z,NEM,SA1,10.18,1704.77
2026-05-01T09:05:00Z,NEM,TAS1,88.14,1129.19
2026-05-01T09:05:00Z,NEM,VIC1,8.95,5643.23
2026-05-01T09:10:00Z,NEM,NSW1,57.51,8430.77
2026-05-01T09:10:00Z,NEM,QLD1,84.73,7398.83
2026-05-01T09:10:00Z,NEM,SA1,23.47,1734.7
2026-05-01T09:10:00Z,NEM,TAS1,88.14,1124.08
2026-05-01T09:10:00Z,NEM,VIC1,8.95,5611.27
2026-05-01T09:15:00Z,NEM,NSW1,57.51,8401.2
2026-05-01T09:15:00Z,NEM,QLD1,92.57,7363.54
2026-05-01T09:15:00Z,NEM,SA1,33.35,1723.56
2026-05-01T09:15:00Z,NEM,TAS1,88.14,1116.39
2026-05-01T09:15:00Z,NEM,VIC1,28.69,5627.32
2026-05-01T09:20:00Z,NEM,NSW1,57.51,8358.35
2026-05-01T09:20:00Z,NEM,QLD1,84.73,7307.23
2026-05-01T09:20:00Z,NEM,SA1,10.77,1705.01
2026-05-01T09:20:00Z,NEM,TAS1,88.14,1112.49
2026-05-01T09:20:00Z,NEM,VIC1,9.0,5563.3
2026-05-01T09:25:00Z,NEM,NSW1,57.51,8314.21
2026-05-01T09:25:00Z,NEM,QLD1,82.5,7248.08
2026-05-01T09:25:00Z,NEM,SA1,23.47,1716.81
2026-05-01T09:25:00Z,NEM,TAS1,88.14,1099.83
2026-05-01T09:25:00Z,NEM,VIC1,8.69,5549.86
2026-05-01T09:30:00Z,NEM,NSW1,56.03,8230.79
2026-05-01T09:30:00Z,NEM,QLD1,85.73,7299.54
2026-05-01T09:30:00Z,NEM,SA1,18.2,1710.25
2026-05-01T09:30:00Z,NEM,TAS1,88.14,1099.67
2026-05-01T09:30:00Z,NEM,VIC1,8.08,5549.91
2026-05-01T09:35:00Z,NEM,NSW1,76.98,8264.98
2026-05-01T09:35:00Z,NEM,QLD1,85.73,7247.24
2026-05-01T09:35:00Z,NEM,SA1,18.2,1711.2
2026-05-01T09:35:00Z,NEM,TAS1,93.71,1095.01
2026-05-01T09:35:00Z,NEM,VIC1,0.03,5563.44
2026-05-01T09:40:00Z,NEM,NSW1,76.98,8219.88
2026-05-01T09:40:00Z,NEM,QLD1,84.71,7302.86
2026-05-01T09:40:00Z,NEM,SA1,1.92,1700.45
2026-05-01T09:40:00Z,NEM,TAS1,79.11,1092.2
2026-05-01T09:40:00Z,NEM,VIC1,2.08,5541.36
2026-05-01T09:45:00Z,NEM,NSW1,64.89,8210.62
2026-05-01T09:45:00Z,NEM,QLD1,77.73,7179.73
2026-05-01T09:45:00Z,NEM,SA1,7.91,1687.41
2026-05-01T09:45:00Z,NEM,TAS1,88.14,1086.03
2026-05-01T09:45:00Z,NEM,VIC1,8.69,5531.79
2026-05-01T09:50:00Z,NEM,NSW1,57.51,8220.27
2026-05-01T09:50:00Z,NEM,QLD1,81.83,7203.83
2026-05-01T09:50:00Z,NEM,SA1,4.15,1683.43
2026-05-01T09:50:00Z,NEM,TAS1,88.14,1081.3
2026-05-01T09:50:00Z,NEM,VIC1,4.55,5453.84
2026-05-01T09:55:00Z,NEM,NSW1,64.89,8209.1
2026-05-01T09:55:00Z,NEM,QLD1,77.73,7186.78
2026-05-01T09:55:00Z,NEM,SA1,8.17,1695.56
2026-05-01T09:55:00Z,NEM,TAS1,88.14,1086.83
2026-05-01T09:55:00Z,NEM,VIC1,8.95,5417.31
2026-05-01T10:00:00Z,NEM,NSW1,57.51,8156.57
2026-05-01T10:00:00Z,NEM,QLD1,77.73,7174.9
2026-05-01T10:00:00Z,NEM,SA1,4.13,1673.63
2026-05-01T10:00:00Z,NEM,TAS1,88.14,1082.6
2026-05-01T10:00:00Z,NEM,VIC1,4.55,5406.16
2026-05-01T10:05:00Z,NEM,NSW1,64.89,8155.45
2026-05-01T10:05:00Z,NEM,QLD1,77.73,7080.37
2026-05-01T10:05:00Z,NEM,SA1,8.04,1673.26
2026-05-01T10:05:00Z,NEM,TAS1,88.14,1072.4
2026-05-01T10:05:00Z,NEM,VIC1,8.95,5376.32
2026-05-01T10:10:00Z,NEM,NSW1,57.51,8059.28
2026-05-01T10:10:00Z,NEM,QLD1,85.73,7157.53
2026-05-01T10:10:00Z,NEM,SA1,8.24,1693.13
2026-05-01T10:10:00Z,NEM,TAS1,88.14,1082.44
2026-05-01T10:10:00Z,NEM,VIC1,9.0,5425.03
2026-05-01T10:15:00Z,NEM,NSW1,75.54,8088.83
2026-05-01T10:15:00Z,NEM,QLD1,77.73,7142.06
2026-05-01T10:15:00Z,NEM,SA1,8.21,1700.5
2026-05-01T10:15:00Z,NEM,TAS1,88.14,1081.13
2026-05-01T10:15:00Z,NEM,VIC1,8.95,5358.73
2026-05-01T10:20:00Z,NEM,NSW1,64.89,8027.83
2026-05-01T10:20:00Z,NEM,QLD1,84.73,7135.28
2026-05-01T10:20:00Z,NEM,SA1,8.16,1694.63
2026-05-01T10:20:00Z,NEM,TAS1,88.14,1076.96
2026-05-01T10:20:00Z,NEM,VIC1,8.95,5393.5
2026-05-01T10:25:00Z,NEM,NSW1,76.98,8165.0
2026-05-01T10:25:00Z,NEM,QLD1,77.73,6992.59
2026-05-01T10:25:00Z,NEM,SA1,4.13,1688.44
2026-05-01T10:25:00Z,NEM,TAS1,88.14,1072.26
2026-05-01T10:25:00Z,NEM,VIC1,4.55,5313.11
2026-05-01T10:30:00Z,NEM,NSW1,71.4,8103.89
2026-05-01T10:30:00Z,NEM,QLD1,74.05,7020.85
2026-05-01T10:30:00Z,NEM,SA1,4.11,1678.52
2026-05-01T10:30:00Z,NEM,TAS1,88.14,1065.86
2026-05-01T10:30:00Z,NEM,VIC1,4.55,5338.83
2026-05-01T10:35:00Z,NEM,NSW1,40.04,7988.61
2026-05-01T10:35:00Z,NEM,QLD1,73.7,6933.29
2026-05-01T10:35:00Z,NEM,SA1,4.11,1684.06
2026-05-01T10:35:00Z,NEM,TAS1,88.14,1063.72
2026-05-01T10:35:00Z,NEM,VIC1,4.55,5315.59
2026-05-01T10:40:00Z,NEM,NSW1,71.4,8034.04
2026-05-01T10:40:00Z,NEM,QLD1,85.0,7037.1
2026-05-01T10:40:00Z,NEM,SA1,0.01,1661.74
2026-05-01T10:40:00Z,NEM,TAS1,88.01,1051.91
2026-05-01T10:40:00Z,NEM,VIC1,0.01,5279.42
2026-05-01T10:45:00Z,NEM,NSW1,76.98,8005.49
2026-05-01T10:45:00Z,NEM,QLD1,85.73,7076.58
2026-05-01T10:45:00Z,NEM,SA1,0.01,1681.49
2026-05-01T10:45:00Z,NEM,TAS1,87.28,1048.8
2026-05-01T10:45:00Z,NEM,VIC1,0.01,5252.78
2026-05-01T10:50:00Z,NEM,NSW1,71.4,7998.18
2026-05-01T10:50:00Z,NEM,QLD1,85.73,7081.22
2026-05-01T10:50:00Z,NEM,SA1,-0.04,1665.99
2026-05-01T10:50:00Z,NEM,TAS1,87.28,1051.17
2026-05-01T10:50:00Z,NEM,VIC1,-0.05,5173.85
2026-05-01T10:55:00Z,NEM,NSW1,56.06,8003.91
2026-05-01T10:55:00Z,NEM,QLD1,92.57,7172.42
2026-05-01T10:55:00Z,NEM,SA1,-0.09,1666.73
2026-05-01T10:55:00Z,NEM,TAS1,87.28,1049.21
2026-05-01T10:55:00Z,NEM,VIC1,-0.1,5116.93
2026-05-01T11:00:00Z,NEM,NSW1,57.51,7966.1
2026-05-01T11:00:00Z,NEM,QLD1,74.05,7122.27
2026-05-01T11:00:00Z,NEM,SA1,-0.09,1655.55
2026-05-01T11:00:00Z,NEM,TAS1,87.28,1051.06
2026-05-01T11:00:00Z,NEM,VIC1,-0.1,5101.71
2026-05-01T11:05:00Z,NEM,NSW1,71.4,7888.78
2026-05-01T11:05:00Z,NEM,QLD1,84.73,7036.33
2026-05-01T11:05:00Z,NEM,SA1,-0.09,1661.25
2026-05-01T11:05:00Z,NEM,TAS1,71.1,1053.55
2026-05-01T11:05:00Z,NEM,VIC1,-0.1,5158.6
2026-05-01T11:10:00Z,NEM,NSW1,76.98,7905.31
2026-05-01T11:10:00Z,NEM,QLD1,84.73,7039.83
2026-05-01T11:10:00Z,NEM,SA1,-0.09,1652.02
2026-05-01T11:10:00Z,NEM,TAS1,70.28,1040.38
2026-05-01T11:10:00Z,NEM,VIC1,-0.1,5130.61
2026-05-01T11:15:00Z,NEM,NSW1,64.89,7933.95
2026-05-01T11:15:00Z,NEM,QLD1,84.73,7042.68
2026-05-01T11:15:00Z,NEM,SA1,-0.09,1635.41
2026-05-01T11:15:00Z,NEM,TAS1,71.08,1039.67
2026-05-01T11:15:00Z,NEM,VIC1,-0.1,5078.99
2026-05-01T11:20:00Z,NEM,NSW1,64.89,7866.39
2026-05-01T11:20:00Z,NEM,QLD1,74.05,7002.41
2026-05-01T11:20:00Z,NEM,SA1,-0.09,1641.95
2026-05-01T11:20:00Z,NEM,TAS1,71.2,1048.42
2026-05-01T11:20:00Z,NEM,VIC1,-0.1,5082.44
2026-05-01T11:25:00Z,NEM,NSW1,64.89,7854.28
2026-05-01T11:25:00Z,NEM,QLD1,84.71,7025.9
2026-05-01T11:25:00Z,NEM,SA1,-0.09,1634.61
2026-05-01T11:25:00Z,NEM,TAS1,71.2,1054.81
2026-05-01T11:25:00Z,NEM,VIC1,-0.1,5018.63
2026-05-01T11:30:00Z,NEM,NSW1,64.89,7847.6
2026-05-01T11:30:00Z,NEM,QLD1,74.05,7012.35
2026-05-01T11:30:00Z,NEM,SA1,-0.09,1623.09
2026-05-01T11:30:00Z,NEM,TAS1,72.17,1052.81
2026-05-01T11:30:00Z,NEM,VIC1,-0.1,5031.76
2026-05-01T11:35:00Z,NEM,NSW1,76.98,7855.24
2026-05-01T11:35:00Z,NEM,QLD1,92.57,6957.92
2026-05-01T11:35:00Z,NEM,SA1,-1.02,1621.09
2026-05-01T11:35:00Z,NEM,TAS1,75.09,1045.01
2026-05-01T11:35:00Z,NEM,VIC1,-1.15,5018.18
2026-05-01T11:40:00Z,NEM,NSW1,79.0,7798.49
2026-05-01T11:40:00Z,NEM,QLD1,117.73,6976.18
2026-05-01T11:40:00Z,NEM,SA1,-1.82,1627.8
2026-05-01T11:40:00Z,NEM,TAS1,74.23,1040.7
2026-05-01T11:40:00Z,NEM,VIC1,-2.0,4959.19
2026-05-01T11:45:00Z,NEM,NSW1,75.01,7793.87
2026-05-01T11:45:00Z,NEM,QLD1,103.32,6907.27
2026-05-01T11:45:00Z,NEM,SA1,-2.7,1604.49
2026-05-01T11:45:00Z,NEM,TAS1,73.22,1043.31
2026-05-01T11:45:00Z,NEM,VIC1,-2.99,4890.49
2026-05-01T11:50:00Z,NEM,NSW1,57.51,7688.76
2026-05-01T11:50:00Z,NEM,QLD1,114.99,6904.53
2026-05-01T11:50:00Z,NEM,SA1,-2.69,1598.54
2026-05-01T11:50:00Z,NEM,TAS1,73.21,1047.31
2026-05-01T11:50:00Z,NEM,VIC1,-2.99,4905.58
2026-05-01T11:55:00Z,NEM,NSW1,64.89,7696.34
2026-05-01T11:55:00Z,NEM,QLD1,144.55,6887.21
2026-05-01T11:55:00Z,NEM,SA1,-3.01,1597.57
2026-05-01T11:55:00Z,NEM,TAS1,72.92,1042.38
2026-05-01T11:55:00Z,NEM,VIC1,-3.3,4915.64
2026-05-01T12:00:00Z,NEM,NSW1,76.99,7710.61
2026-05-01T12:00:00Z,NEM,QLD1,118.72,6843.11
2026-05-01T12:00:00Z,NEM,SA1,-2.67,1580.25
2026-05-01T12:00:00Z,NEM,TAS1,73.23,1040.16
2026-05-01T12:00:00Z,NEM,VIC1,-2.99,4883.65
2026-05-01T12:05:00Z,NEM,NSW1,75.86,7573.05
2026-05-01T12:05:00Z,NEM,QLD1,177.81,6764.74
2026-05-01T12:05:00Z,NEM,SA1,-2.05,1573.87
2026-05-01T12:05:00Z,NEM,TAS1,73.92,1024.43
2026-05-01T12:05:00Z,NEM,VIC1,-2.29,4790.73
2026-05-01T12:10:00Z,NEM,NSW1,76.99,7650.86
2026-05-01T12:10:00Z,NEM,QLD1,231.7,6737.68
2026-05-01T12:10:00Z,NEM,SA1,-2.72,1563.82
2026-05-01T12:10:00Z,NEM,TAS1,73.21,1022.12
2026-05-01T12:10:00Z,NEM,VIC1,-2.99,4770.93
2026-05-01T12:15:00Z,NEM,NSW1,71.4,7752.21
2026-05-01T12:15:00Z,NEM,QLD1,144.55,6747.7
2026-05-01T12:15:00Z,NEM,SA1,-1.83,1577.9
2026-05-01T12:15:00Z,NEM,TAS1,74.22,1029.97
2026-05-01T12:15:00Z,NEM,VIC1,-2.0,4767.75
2026-05-01T12:20:00Z,NEM,NSW1,90.0,7768.96
2026-05-01T12:20:00Z,NEM,QLD1,105.95,6676.48
2026-05-01T12:20:00Z,NEM,SA1,-1.82,1563.85
2026-05-01T12:20:00Z,NEM,TAS1,74.22,1023.49
2026-05-01T12:20:00Z,NEM,VIC1,-2.0,4718.04
2026-05-01T12:25:00Z,NEM,NSW1,79.0,7758.92
2026-05-01T12:25:00Z,NEM,QLD1,79.99,6564.22
2026-05-01T12:25:00Z,NEM,SA1,-2.09,1542.5
2026-05-01T12:25:00Z,NEM,TAS1,73.95,1020.05
2026-05-01T12:25:00Z,NEM,VIC1,-2.26,4672.12
2026-05-01T12:30:00Z,NEM,NSW1,79.0,7683.13
2026-05-01T12:30:00Z,NEM,QLD1,81.83,6565.71
2026-05-01T12:30:00Z,NEM,SA1,-1.86,1561.09
2026-05-01T12:30:00Z,NEM,TAS1,74.23,1018.04
2026-05-01T12:30:00Z,NEM,VIC1,-2.0,4658.33
2026-05-01T12:35:00Z,NEM,NSW1,71.4,7690.57
2026-05-01T12:35:00Z,NEM,QLD1,77.73,6522.01
2026-05-01T12:35:00Z,NEM,SA1,-1.03,1545.4
2026-05-01T12:35:00Z,NEM,TAS1,75.11,1016.35
2026-05-01T12:35:00Z,NEM,VIC1,-1.14,4669.45
2026-05-01T12:40:00Z,NEM,NSW1,79.0,7703.3
2026-05-01T12:40:00Z,NEM,QLD1,81.83,6459.51
2026-05-01T12:40:00Z,NEM,SA1,-1.05,1542.03
2026-05-01T12:40:00Z,NEM,TAS1,75.08,1009.58
2026-05-01T12:40:00Z,NEM,VIC1,-1.15,4628.59
2026-05-01T12:45:00Z,NEM,NSW1,75.01,7609.8
2026-05-01T12:45:00Z,NEM,QLD1,82.5,6458.34
2026-05-01T12:45:00Z,NEM,SA1,-1.79,1539.84
2026-05-01T12:45:00Z,NEM,TAS1,74.23,997.05
2026-05-01T12:45:00Z,NEM,VIC1,-2.0,4552.99
2026-05-01T12:50:00Z,NEM,NSW1,75.01,7569.3
2026-05-01T12:50:00Z,NEM,QLD1,77.73,6396.12
2026-05-01T12:50:00Z,NEM,SA1,-1.79,1546.27
2026-05-01T12:50:00Z,NEM,TAS1,74.23,990.11
2026-05-01T12:50:00Z,NEM,VIC1,-2.0,4575.98
2026-05-01T12:55:00Z,NEM,NSW1,77.1,7605.5
2026-05-01T12:55:00Z,NEM,QLD1,77.73,6328.59
2026-05-01T12:55:00Z,NEM,SA1,-1.05,1539.63
2026-05-01T12:55:00Z,NEM,TAS1,75.1,988.72
2026-05-01T12:55:00Z,NEM,VIC1,-1.15,4581.81
2026-05-01T13:00:00Z,NEM,NSW1,76.99,7603.55
2026-05-01T13:00:00Z,NEM,QLD1,77.73,6311.52
2026-05-01T13:00:00Z,NEM,SA1,-1.03,1528.93
2026-05-01T13:00:00Z,NEM,TAS1,75.11,983.32
2026-05-01T13:00:00Z,NEM,VIC1,-1.14,4574.13
2026-05-01T13:05:00Z,NEM,NSW1,80.05,7593.57
2026-05-01T13:05:00Z,NEM,QLD1,81.83,6289.49
2026-05-01T13:05:00Z,NEM,SA1,-1.77,1509.12
2026-05-01T13:05:00Z,NEM,TAS1,74.22,981.56
2026-05-01T13:05:00Z,NEM,VIC1,-2.0,4525.84
2026-05-01T13:10:00Z,NEM,NSW1,76.71,7572.93
2026-05-01T13:10:00Z,NEM,QLD1,77.73,6274.46
2026-05-01T13:10:00Z,NEM,SA1,-0.09,1509.07
2026-05-01T13:10:00Z,NEM,TAS1,76.18,978.49
2026-05-01T13:10:00Z,NEM,VIC1,-0.1,4689.97
2026-05-01T13:15:00Z,NEM,NSW1,77.05,7577.87
2026-05-01T13:15:00Z,NEM,QLD1,77.73,6269.17
2026-05-01T13:15:00Z,NEM,SA1,-0.09,1520.38
2026-05-01T13:15:00Z,NEM,TAS1,76.18,977.03
2026-05-01T13:15:00Z,NEM,VIC1,-0.1,4752.04
2026-05-01T13:20:00Z,NEM,NSW1,76.99,7452.53
2026-05-01T13:20:00Z,NEM,QLD1,78.0,6284.36
2026-05-01T13:20:00Z,NEM,SA1,-0.09,1510.44
2026-05-01T13:20:00Z,NEM,TAS1,76.18,970.92
2026-05-01T13:20:00Z,NEM,VIC1,-0.1,4739.9
2026-05-01T13:25:00Z,NEM,NSW1,76.99,7421.23
2026-05-01T13:25:00Z,NEM,QLD1,76.82,6238.86
2026-05-01T13:25:00Z,NEM,SA1,-0.09,1517.34
2026-05-01T13:25:00Z,NEM,TAS1,76.17,962.54
2026-05-01T13:25:00Z,NEM,VIC1,-0.1,4695.77
2026-05-01T13:30:00Z,NEM,NSW1,73.87,7393.46
2026-05-01T13:30:00Z,NEM,QLD1,73.63,6189.65
2026-05-01T13:30:00Z,NEM,SA1,-0.09,1530.49
2026-05-01T13:30:00Z,NEM,TAS1,76.17,966.45
2026-05-01T13:30:00Z,NEM,VIC1,-0.1,4661.87
2026-05-01T13:35:00Z,NEM,NSW1,79.0,7446.84
2026-05-01T13:35:00Z,NEM,QLD1,78.34,6198.48
2026-05-01T13:35:00Z,NEM,SA1,-0.09,1547.36
2026-05-01T13:35:00Z,NEM,TAS1,76.9,969.03
2026-05-01T13:35:00Z,NEM,VIC1,-0.1,4621.4
2026-05-01T13:40:00Z,NEM,NSW1,78.48,7413.92
2026-05-01T13:40:00Z,NEM,QLD1,77.73,6174.36
2026-05-01T13:40:00Z,NEM,SA1,-0.09,1576.39
2026-05-01T13:40:00Z,NEM,TAS1,76.9,962.22
2026-05-01T13:40:00Z,NEM,VIC1,-0.1,4576.96
2026-05-01T13:45:00Z,NEM,NSW1,76.99,7343.4
2026-05-01T13:45:00Z,NEM,QLD1,76.69,6218.43
2026-05-01T13:45:00Z,NEM,SA1,-0.09,1562.21
2026-05-01T13:45:00Z,NEM,TAS1,76.9,947.12
2026-05-01T13:45:00Z,NEM,VIC1,-0.1,4600.77
2026-05-01T13:50:00Z,NEM,NSW1,76.99,7386.79
2026-05-01T13:50:00Z,NEM,QLD1,77.66,6157.11
2026-05-01T13:50:00Z,NEM,SA1,-1.02,1560.06
2026-05-01T13:50:00Z,NEM,TAS1,75.81,950.69
2026-05-01T13:50:00Z,NEM,VIC1,-1.16,4560.99
2026-05-01T13:55:00Z,NEM,NSW1,72.53,7298.45
2026-05-01T13:55:00Z,NEM,QLD1,72.83,6142.23
2026-05-01T13:55:00Z,NEM,SA1,-1.81,1562.33
2026-05-01T13:55:00Z,NEM,TAS1,74.94,939.05
2026-05-01T13:55:00Z,NEM,VIC1,-2.0,4494.9
2026-05-01T14:00:00Z,NEM,NSW1,76.99,7275.33
2026-05-01T14:00:00Z,NEM,QLD1,77.16,6166.06
2026-05-01T14:00:00Z,NEM,SA1,-1.81,1550.03
2026-05-01T14:00:00Z,NEM,TAS1,74.23,934.11
2026-05-01T14:00:00Z,NEM,VIC1,-2.0,4478.53
2026-05-01T14:05:00Z,NEM,NSW1,79.0,7347.96
2026-05-01T14:05:00Z,NEM,QLD1,79.3,6113.18
2026-05-01T14:05:00Z,NEM,SA1,-1.05,1545.68
2026-05-01T14:05:00Z,NEM,TAS1,75.78,936.93
2026-05-01T14:05:00Z,NEM,VIC1,-1.18,4440.64
2026-05-01T14:10:00Z,NEM,NSW1,79.0,7350.66
2026-05-01T14:10:00Z,NEM,QLD1,79.69,6095.77
2026-05-01T14:10:00Z,NEM,SA1,-0.09,1542.53
2026-05-01T14:10:00Z,NEM,TAS1,76.9,925.34
2026-05-01T14:10:00Z,NEM,VIC1,-0.1,4441.88
2026-05-01T14:15:00Z,NEM,NSW1,76.99,7332.9
2026-05-01T14:15:00Z,NEM,QLD1,77.13,6000.2
2026-05-01T14:15:00Z,NEM,SA1,-0.09,1548.4
2026-05-01T14:15:00Z,NEM,TAS1,76.9,931.2
2026-05-01T14:15:00Z,NEM,VIC1,-0.1,4356.35
2026-05-01T14:20:00Z,NEM,NSW1,77.52,7357.26
2026-05-01T14:20:00Z,NEM,QLD1,77.73,6043.7
2026-05-01T14:20:00Z,NEM,SA1,-0.09,1583.6
2026-05-01T14:20:00Z,NEM,TAS1,76.9,930.72
2026-05-01T14:20:00Z,NEM,VIC1,-0.1,4337.75
2026-05-01T14:25:00Z,NEM,NSW1,74.15,7302.55
2026-05-01T14:25:00Z,NEM,QLD1,72.83,5973.65
2026-05-01T14:25:00Z,NEM,SA1,-0.09,1580.34
2026-05-01T14:25:00Z,NEM,TAS1,76.9,929.82
2026-05-01T14:25:00Z,NEM,VIC1,-0.1,4314.44
2026-05-01T14:30:00Z,NEM,NSW1,76.99,7342.65
2026-05-01T14:30:00Z,NEM,QLD1,75.59,5921.29
2026-05-01T14:30:00Z,NEM,SA1,-1.05,1569.44
2026-05-01T14:30:00Z,NEM,TAS1,75.79,927.23
2026-05-01T14:30:00Z,NEM,VIC1,-1.17,4266.86
2026-05-01T14:35:00Z,NEM,NSW1,76.99,7326.99
2026-05-01T14:35:00Z,NEM,QLD1,75.35,5888.97
2026-05-01T14:35:00Z,NEM,SA1,-1.05,1571.26
2026-05-01T14:35:00Z,NEM,TAS1,86.78,936.72
2026-05-01T14:35:00Z,NEM,VIC1,-1.17,4227.17
2026-05-01T14:40:00Z,NEM,NSW1,66.53,7194.03
2026-05-01T14:40:00Z,NEM,QLD1,66.53,5908.14
2026-05-01T14:40:00Z,NEM,SA1,-0.09,1576.37
2026-05-01T14:40:00Z,NEM,TAS1,87.9,925.71
2026-05-01T14:40:00Z,NEM,VIC1,-0.1,4297.6
2026-05-01T14:45:00Z,NEM,NSW1,73.46,7136.24
2026-05-01T14:45:00Z,NEM,QLD1,72.83,5906.1
2026-05-01T14:45:00Z,NEM,SA1,-0.09,1564.56
2026-05-01T14:45:00Z,NEM,TAS1,87.9,926.88
2026-05-01T14:45:00Z,NEM,VIC1,-0.1,4265.06
2026-05-01T14:50:00Z,NEM,NSW1,76.99,7185.8
2026-05-01T14:50:00Z,NEM,QLD1,74.89,5888.53
2026-05-01T14:50:00Z,NEM,SA1,-0.09,1568.28
2026-05-01T14:50:00Z,NEM,TAS1,87.9,930.22
2026-05-01T14:50:00Z,NEM,VIC1,-0.1,4237.99
2026-05-01T14:55:00Z,NEM,NSW1,76.05,7181.08
2026-05-01T14:55:00Z,NEM,QLD1,72.83,5842.13
2026-05-01T14:55:00Z,NEM,SA1,-1.03,1572.54
2026-05-01T14:55:00Z,NEM,TAS1,86.81,930.67
2026-05-01T14:55:00Z,NEM,VIC1,-1.15,4199.08
2026-05-01T15:00:00Z,NEM,NSW1,73.85,7101.26
2026-05-01T15:00:00Z,NEM,QLD1,71.75,5816.78
2026-05-01T15:00:00Z,NEM,SA1,-1.05,1559.31
2026-05-01T15:00:00Z,NEM,TAS1,86.79,924.81
2026-05-01T15:00:00Z,NEM,VIC1,-1.17,4191.13
2026-05-01T15:05:00Z,NEM,NSW1,76.85,7117.86
2026-05-01T15:05:00Z,NEM,QLD1,72.83,5774.69
2026-05-01T15:05:00Z,NEM,SA1,-1.02,1546.61
2026-05-01T15:05:00Z,NEM,TAS1,85.92,916.97
2026-05-01T15:05:00Z,NEM,VIC1,-2.0,4191.96
2026-05-01T15:10:00Z,NEM,NSW1,75.93,7033.39
2026-05-01T15:10:00Z,NEM,QLD1,72.83,5821.42
2026-05-01T15:10:00Z,NEM,SA1,-1.82,1555.36
2026-05-01T15:10:00Z,NEM,TAS1,85.93,915.02
2026-05-01T15:10:00Z,NEM,VIC1,-2.0,4101.3
2026-05-01T15:15:00Z,NEM,NSW1,75.46,7006.58
2026-05-01T15:15:00Z,NEM,QLD1,72.83,5825.4
2026-05-01T15:15:00Z,NEM,SA1,-1.05,1542.88
2026-05-01T15:15:00Z,NEM,TAS1,86.8,915.03
2026-05-01T15:15:00Z,NEM,VIC1,-1.15,4161.52
2026-05-01T15:20:00Z,NEM,NSW1,74.04,6967.36
2026-05-01T15:20:00Z,NEM,QLD1,71.75,5798.11
2026-05-01T15:20:00Z,NEM,SA1,-2.08,1536.92
2026-05-01T15:20:00Z,NEM,TAS1,85.65,916.43
2026-05-01T15:20:00Z,NEM,VIC1,-2.26,4031.21
2026-05-01T15:25:00Z,NEM,NSW1,57.51,6862.33
2026-05-01T15:25:00Z,NEM,QLD1,55.97,5779.81
2026-05-01T15:25:00Z,NEM,SA1,-2.1,1507.84
2026-05-01T15:25:00Z,NEM,TAS1,85.66,908.83
2026-05-01T15:25:00Z,NEM,VIC1,-2.26,4036.39
2026-05-01T15:30:00Z,NEM,NSW1,57.51,6818.56
2026-05-01T15:30:00Z,NEM,QLD1,56.39,5739.35
2026-05-01T15:30:00Z,NEM,SA1,-1.86,1519.08
2026-05-01T15:30:00Z,NEM,TAS1,85.92,913.85
2026-05-01T15:30:00Z,NEM,VIC1,-2.0,4071.35
2026-05-01T15:35:00Z,NEM,NSW1,67.51,6859.95
2026-05-01T15:35:00Z,NEM,QLD1,64.83,5730.44
2026-05-01T15:35:00Z,NEM,SA1,-2.11,1504.44
2026-05-01T15:35:00Z,NEM,TAS1,74.63,911.2
2026-05-01T15:35:00Z,NEM,VIC1,-2.29,4037.39
2026-05-01T15:40:00Z,NEM,NSW1,67.49,6832.11
2026-05-01T15:40:00Z,NEM,QLD1,64.83,5732.99
2026-05-01T15:40:00Z,NEM,SA1,-2.11,1501.18
2026-05-01T15:40:00Z,NEM,TAS1,74.63,914.46
2026-05-01T15:40:00Z,NEM,VIC1,-2.29,3964.62
2026-05-01T15:45:00Z,NEM,NSW1,66.83,6792.52
2026-05-01T15:45:00Z,NEM,QLD1,64.65,5712.64
2026-05-01T15:45:00Z,NEM,SA1,-2.11,1506.95
2026-05-01T15:45:00Z,NEM,TAS1,74.66,909.03
2026-05-01T15:45:00Z,NEM,VIC1,-2.26,4002.8
2026-05-01T15:50:00Z,NEM,NSW1,65.66,6760.14
2026-05-01T15:50:00Z,NEM,QLD1,64.65,5750.43
2026-05-01T15:50:00Z,NEM,SA1,-2.13,1489.02
2026-05-01T15:50:00Z,NEM,TAS1,74.63,908.0
2026-05-01T15:50:00Z,NEM,VIC1,-2.29,3960.68
2026-05-01T15:55:00Z,NEM,NSW1,57.51,6766.55
2026-05-01T15:55:00Z,NEM,QLD1,55.84,5647.54
2026-05-01T15:55:00Z,NEM,SA1,-2.11,1474.74
2026-05-01T15:55:00Z,NEM,TAS1,74.63,911.23
2026-05-01T15:55:00Z,NEM,VIC1,-2.29,3955.28
2026-05-01T16:00:00Z,NEM,NSW1,64.89,6699.59
2026-05-01T16:00:00Z,NEM,QLD1,63.89,5684.04
2026-05-01T16:00:00Z,NEM,SA1,-2.01,1476.12
2026-05-01T16:00:00Z,NEM,TAS1,74.63,906.45
2026-05-01T16:00:00Z,NEM,VIC1,-2.29,3938.52
2026-05-01T16:05:00Z,NEM,NSW1,57.51,6616.67
2026-05-01T16:05:00Z,NEM,QLD1,56.02,5618.43
2026-05-01T16:05:00Z,NEM,SA1,-2.74,1464.16
2026-05-01T16:05:00Z,NEM,TAS1,73.91,911.2
2026-05-01T16:05:00Z,NEM,VIC1,-2.99,3841.74
2026-05-01T16:10:00Z,NEM,NSW1,57.51,6631.45
2026-05-01T16:10:00Z,NEM,QLD1,56.62,5622.57
2026-05-01T16:10:00Z,NEM,SA1,-2.77,1468.27
2026-05-01T16:10:00Z,NEM,TAS1,73.92,910.89
2026-05-01T16:10:00Z,NEM,VIC1,-2.99,3811.78
2026-05-01T16:15:00Z,NEM,NSW1,57.51,6593.76
2026-05-01T16:15:00Z,NEM,QLD1,57.69,5647.3
2026-05-01T16:15:00Z,NEM,SA1,-1.88,1463.44
2026-05-01T16:15:00Z,NEM,TAS1,74.94,900.16
2026-05-01T16:15:00Z,NEM,VIC1,-2.0,3811.55
2026-05-01T16:20:00Z,NEM,NSW1,57.51,6576.65
2026-05-01T16:20:00Z,NEM,QLD1,57.84,5647.81
2026-05-01T16:20:00Z,NEM,SA1,-2.01,1431.99
2026-05-01T16:20:00Z,NEM,TAS1,74.07,895.04
2026-05-01T16:20:00Z,NEM,VIC1,-2.15,3792.02
2026-05-01T16:25:00Z,NEM,NSW1,57.51,6542.08
2026-05-01T16:25:00Z,NEM,QLD1,64.65,5667.32
2026-05-01T16:25:00Z,NEM,SA1,-2.82,1439.79
2026-05-01T16:25:00Z,NEM,TAS1,73.21,890.22
2026-05-01T16:25:00Z,NEM,VIC1,-2.99,3811.6
2026-05-01T16:30:00Z,NEM,NSW1,57.51,6542.38
2026-05-01T16:30:00Z,NEM,QLD1,58.01,5608.5
2026-05-01T16:30:00Z,NEM,SA1,-2.14,1417.34
2026-05-01T16:30:00Z,NEM,TAS1,73.94,886.73
2026-05-01T16:30:00Z,NEM,VIC1,-2.29,3885.52
2026-05-01T16:35:00Z,NEM,NSW1,57.51,6502.89
2026-05-01T16:35:00Z,NEM,QLD1,58.51,5626.23
2026-05-01T16:35:00Z,NEM,SA1,-2.8,1419.61
2026-05-01T16:35:00Z,NEM,TAS1,73.22,886.04
2026-05-01T16:35:00Z,NEM,VIC1,-2.99,3770.08
2026-05-01T16:40:00Z,NEM,NSW1,57.51,6521.54
2026-05-01T16:40:00Z,NEM,QLD1,64.65,5608.15
2026-05-01T16:40:00Z,NEM,SA1,-2.01,1433.6
2026-05-01T16:40:00Z,NEM,TAS1,74.09,882.72
2026-05-01T16:40:00Z,NEM,VIC1,-2.14,3820.53
2026-05-01T16:45:00Z,NEM,NSW1,56.06,6423.28
2026-05-01T16:45:00Z,NEM,QLD1,64.65,5659.19
2026-05-01T16:45:00Z,NEM,SA1,-2.01,1421.81
2026-05-01T16:45:00Z,NEM,TAS1,74.07,887.95
2026-05-01T16:45:00Z,NEM,VIC1,-2.16,3827.18
2026-05-01T16:50:00Z,NEM,NSW1,56.06,6432.22
2026-05-01T16:50:00Z,NEM,QLD1,56.65,5595.57
2026-05-01T16:50:00Z,NEM,SA1,-2.16,1423.81
2026-05-01T16:50:00Z,NEM,TAS1,74.64,898.01
2026-05-01T16:50:00Z,NEM,VIC1,-2.29,3841.25
2026-05-01T16:55:00Z,NEM,NSW1,57.51,6492.84
2026-05-01T16:55:00Z,NEM,QLD1,64.65,5620.59
2026-05-01T16:55:00Z,NEM,SA1,-2.16,1429.05
2026-05-01T16:55:00Z,NEM,TAS1,74.63,905.95
2026-05-01T16:55:00Z,NEM,VIC1,-2.29,3841.22
2026-05-01T17:00:00Z,NEM,NSW1,57.51,6489.43
2026-05-01T17:00:00Z,NEM,QLD1,57.79,5612.22
2026-05-01T17:00:00Z,NEM,SA1,-2.83,1416.94
2026-05-01T17:00:00Z,NEM,TAS1,73.89,908.82
2026-05-01T17:00:00Z,NEM,VIC1,-3.01,3769.49
2026-05-01T17:05:00Z,NEM,NSW1,57.51,6461.1
2026-05-01T17:05:00Z,NEM,QLD1,57.77,5599.54
2026-05-01T17:05:00Z,NEM,SA1,-3.0,1420.98
2026-05-01T17:05:00Z,NEM,TAS1,73.7,911.01
2026-05-01T17:05:00Z,NEM,VIC1,-3.2,3751.0
2026-05-01T17:10:00Z,NEM,NSW1,57.51,6500.21
2026-05-01T17:10:00Z,NEM,QLD1,64.65,5635.77
2026-05-01T17:10:00Z,NEM,SA1,-2.14,1407.59
2026-05-01T17:10:00Z,NEM,TAS1,74.64,913.21
2026-05-01T17:10:00Z,NEM,VIC1,-2.29,3749.0
2026-05-01T17:15:00Z,NEM,NSW1,57.51,6404.05
2026-05-01T17:15:00Z,NEM,QLD1,64.83,5666.47
2026-05-01T17:15:00Z,NEM,SA1,-2.79,1410.06
2026-05-01T17:15:00Z,NEM,TAS1,73.92,910.13
2026-05-01T17:15:00Z,NEM,VIC1,-2.99,3830.93
2026-05-01T17:20:00Z,NEM,NSW1,57.51,6495.87
2026-05-01T17:20:00Z,NEM,QLD1,64.65,5684.5
2026-05-01T17:20:00Z,NEM,SA1,-3.0,1405.15
2026-05-01T17:20:00Z,NEM,TAS1,73.68,909.87
2026-05-01T17:20:00Z,NEM,VIC1,-3.22,3830.15
2026-05-01T17:25:00Z,NEM,NSW1,57.51,6479.92
2026-05-01T17:25:00Z,NEM,QLD1,64.65,5710.89
2026-05-01T17:25:00Z,NEM,SA1,-2.12,1398.7
2026-05-01T17:25:00Z,NEM,TAS1,74.64,913.58
2026-05-01T17:25:00Z,NEM,VIC1,-2.29,3817.03
2026-05-01T17:30:00Z,NEM,NSW1,63.91,6496.4
2026-05-01T17:30:00Z,NEM,QLD1,64.65,5670.51
2026-05-01T17:30:00Z,NEM,SA1,-3.0,1395.39
2026-05-01T17:30:00Z,NEM,TAS1,73.7,915.17
2026-05-01T17:30:00Z,NEM,VIC1,-3.21,3801.52
2026-05-01T17:35:00Z,NEM,NSW1,57.51,6380.08
2026-05-01T17:35:00Z,NEM,QLD1,58.15,5660.54
2026-05-01T17:35:00Z,NEM,SA1,-3.0,1381.41
2026-05-01T17:35:00Z,NEM,TAS1,73.69,917.36
2026-05-01T17:35:00Z,NEM,VIC1,-3.21,3796.07
2026-05-01T17:40:00Z,NEM,NSW1,56.06,6303.11
2026-05-01T17:40:00Z,NEM,QLD1,56.63,5622.6
2026-05-01T17:40:00Z,NEM,SA1,-3.0,1376.69
2026-05-01T17:40:00Z,NEM,TAS1,73.65,923.2
2026-05-01T17:40:00Z,NEM,VIC1,-3.24,3785.24
2026-05-01T17:45:00Z,NEM,NSW1,57.51,6360.78
2026-05-01T17:45:00Z,NEM,QLD1,64.65,5644.05
2026-05-01T17:45:00Z,NEM,SA1,-2.77,1377.43
2026-05-01T17:45:00Z,NEM,TAS1,84.88,926.74
2026-05-01T17:45:00Z,NEM,VIC1,-3.01,3806.81
2026-05-01T17:50:00Z,NEM,NSW1,57.51,6356.04
2026-05-01T17:50:00Z,NEM,QLD1,64.65,5627.96
2026-05-01T17:50:00Z,NEM,SA1,-2.16,1369.9
2026-05-01T17:50:00Z,NEM,TAS1,85.63,922.25
2026-05-01T17:50:00Z,NEM,VIC1,-2.29,3708.78
2026-05-01T17:55:00Z,NEM,NSW1,56.06,6310.92
2026-05-01T17:55:00Z,NEM,QLD1,56.63,5614.35
2026-05-01T17:55:00Z,NEM,SA1,-2.77,1350.41
2026-05-01T17:55:00Z,NEM,TAS1,73.88,918.38
2026-05-01T17:55:00Z,NEM,VIC1,-3.01,3736.46
2026-05-01T18:00:00Z,NEM,NSW1,56.03,6202.63
2026-05-01T18:00:00Z,NEM,QLD1,64.65,5647.74
2026-05-01T18:00:00Z,NEM,SA1,-2.11,1354.42
2026-05-01T18:00:00Z,NEM,TAS1,74.63,917.6
2026-05-01T18:00:00Z,NEM,VIC1,-2.29,3714.46
2026-05-01T18:05:00Z,NEM,NSW1,56.06,6231.48
2026-05-01T18:05:00Z,NEM,QLD1,56.67,5677.51
2026-05-01T18:05:00Z,NEM,SA1,-2.01,1355.62
2026-05-01T18:05:00Z,NEM,TAS1,74.84,920.01
2026-05-01T18:05:00Z,NEM,VIC1,-2.09,3710.33
2026-05-01T18:10:00Z,NEM,NSW1,56.06,6254.33
2026-05-01T18:10:00Z,NEM,QLD1,55.96,5650.12
2026-05-01T18:10:00Z,NEM,SA1,-2.2,1344.28
2026-05-01T18:10:00Z,NEM,TAS1,85.63,919.65
2026-05-01T18:10:00Z,NEM,VIC1,-2.29,3800.79
2026-05-01T18:15:00Z,NEM,NSW1,56.06,6250.84
2026-05-01T18:15:00Z,NEM,QLD1,54.71,5592.75
2026-05-01T18:15:00Z,NEM,SA1,-2.2,1335.99
2026-05-01T18:15:00Z,NEM,TAS1,85.63,917.9
2026-05-01T18:15:00Z,NEM,VIC1,-2.29,3797.27
2026-05-01T18:20:00Z,NEM,NSW1,56.06,6259.51
2026-05-01T18:20:00Z,NEM,QLD1,55.99,5673.49
2026-05-01T18:20:00Z,NEM,SA1,-2.21,1336.38
2026-05-01T18:20:00Z,NEM,TAS1,85.62,921.36
2026-05-01T18:20:00Z,NEM,VIC1,-2.29,3718.34
2026-05-01T18:25:00Z,NEM,NSW1,56.06,6216.76
2026-05-01T18:25:00Z,NEM,QLD1,55.95,5634.37
2026-05-01T18:25:00Z,NEM,SA1,-2.19,1339.03
2026-05-01T18:25:00Z,NEM,TAS1,85.65,918.94
2026-05-01T18:25:00Z,NEM,VIC1,-2.26,3785.95
2026-05-01T18:30:00Z,NEM,NSW1,56.06,6183.55
2026-05-01T18:30:00Z,NEM,QLD1,56.31,5665.54
2026-05-01T18:30:00Z,NEM,SA1,-2.23,1346.66
2026-05-01T18:30:00Z,NEM,TAS1,74.63,920.85
2026-05-01T18:30:00Z,NEM,VIC1,-2.29,3762.52
2026-05-01T18:35:00Z,NEM,NSW1,56.06,6211.38
2026-05-01T18:35:00Z,NEM,QLD1,56.3,5649.15
2026-05-01T18:35:00Z,NEM,SA1,-2.23,1336.42
2026-05-01T18:35:00Z,NEM,TAS1,74.63,920.82
2026-05-01T18:35:00Z,NEM,VIC1,-2.29,3782.23
2026-05-01T18:40:00Z,NEM,NSW1,56.06,6214.56
2026-05-01T18:40:00Z,NEM,QLD1,56.66,5666.22
2026-05-01T18:40:00Z,NEM,SA1,-2.21,1349.36
2026-05-01T18:40:00Z,NEM,TAS1,74.67,915.75
2026-05-01T18:40:00Z,NEM,VIC1,-2.26,3804.65
2026-05-01T18:45:00Z,NEM,NSW1,56.06,6221.91
2026-05-01T18:45:00Z,NEM,QLD1,64.83,5698.62
2026-05-01T18:45:00Z,NEM,SA1,-2.24,1350.78
2026-05-01T18:45:00Z,NEM,TAS1,74.63,919.1
2026-05-01T18:45:00Z,NEM,VIC1,-2.29,3719.51
2026-05-01T18:50:00Z,NEM,NSW1,56.06,6229.65
2026-05-01T18:50:00Z,NEM,QLD1,64.83,5747.79
2026-05-01T18:50:00Z,NEM,SA1,-2.24,1361.12
2026-05-01T18:50:00Z,NEM,TAS1,74.63,920.69
2026-05-01T18:50:00Z,NEM,VIC1,-2.29,3726.3
2026-05-01T18:55:00Z,NEM,NSW1,56.06,6234.63
2026-05-01T18:55:00Z,NEM,QLD1,64.65,5726.46
2026-05-01T18:55:00Z,NEM,SA1,-2.24,1357.97
2026-05-01T18:55:00Z,NEM,TAS1,74.63,917.33
2026-05-01T18:55:00Z,NEM,VIC1,-2.29,3751.11
2026-05-01T19:00:00Z,NEM,NSW1,57.51,6235.42
2026-05-01T19:00:00Z,NEM,QLD1,64.65,5741.59
2026-05-01T19:00:00Z,NEM,SA1,-2.24,1356.2
2026-05-01T19:00:00Z,NEM,TAS1,74.63,921.86
2026-05-01T19:00:00Z,NEM,VIC1,-2.29,3775.64
2026-05-01T19:05:00Z,NEM,NSW1,56.06,6315.63
2026-05-01T19:05:00Z,NEM,QLD1,56.35,5665.05
2026-05-01T19:05:00Z,NEM,SA1,-2.21,1344.24
2026-05-01T19:05:00Z,NEM,TAS1,74.66,921.7
2026-05-01T19:05:00Z,NEM,VIC1,-2.26,3789.46
2026-05-01T19:10:00Z,NEM,NSW1,57.51,6369.71
2026-05-01T19:10:00Z,NEM,QLD1,57.82,5668.69
2026-05-01T19:10:00Z,NEM,SA1,-2.23,1343.57
2026-05-01T19:10:00Z,NEM,TAS1,74.63,927.24
2026-05-01T19:10:00Z,NEM,VIC1,-2.29,3778.82
2026-05-01T19:15:00Z,NEM,NSW1,57.51,6392.7
2026-05-01T19:15:00Z,NEM,QLD1,64.65,5672.52
2026-05-01T19:15:00Z,NEM,SA1,-2.2,1341.76
2026-05-01T19:15:00Z,NEM,TAS1,85.66,932.24
2026-05-01T19:15:00Z,NEM,VIC1,-2.26,3816.48
2026-05-01T19:20:00Z,NEM,NSW1,57.51,6410.52
2026-05-01T19:20:00Z,NEM,QLD1,64.65,5734.61
2026-05-01T19:20:00Z,NEM,SA1,-2.21,1345.83
2026-05-01T19:20:00Z,NEM,TAS1,85.66,932.48
2026-05-01T19:20:00Z,NEM,VIC1,-2.26,3823.23
2026-05-01T19:25:00Z,NEM,NSW1,57.51,6339.59
2026-05-01T19:25:00Z,NEM,QLD1,64.65,5766.04
2026-05-01T19:25:00Z,NEM,SA1,-2.2,1343.6
2026-05-01T19:25:00Z,NEM,TAS1,74.67,930.5
2026-05-01T19:25:00Z,NEM,VIC1,-2.26,3837.78
2026-05-01T19:30:00Z,NEM,NSW1,57.51,6380.46
2026-05-01T19:30:00Z,NEM,QLD1,64.65,5759.33
2026-05-01T19:30:00Z,NEM,SA1,-2.21,1349.13
2026-05-01T19:30:00Z,NEM,TAS1,74.67,928.77
2026-05-01T19:30:00Z,NEM,VIC1,-2.26,3765.69
2026-05-01T19:35:00Z,NEM,NSW1,57.51,6410.78
2026-05-01T19:35:00Z,NEM,QLD1,64.83,5905.54
2026-05-01T19:35:00Z,NEM,SA1,-2.23,1338.25
2026-05-01T19:35:00Z,NEM,TAS1,74.65,928.52
2026-05-01T19:35:00Z,NEM,VIC1,-2.29,3779.64
2026-05-01T19:40:00Z,NEM,NSW1,57.51,6351.65
2026-05-01T19:40:00Z,NEM,QLD1,64.83,5977.7
2026-05-01T19:40:00Z,NEM,SA1,-2.24,1350.74
2026-05-01T19:40:00Z,NEM,TAS1,74.64,931.36
2026-05-01T19:40:00Z,NEM,VIC1,-2.29,3805.92
2026-05-01T19:45:00Z,NEM,NSW1,57.51,6407.16
2026-05-01T19:45:00Z,NEM,QLD1,64.65,5884.66
2026-05-01T19:45:00Z,NEM,SA1,-2.25,1352.83
2026-05-01T19:45:00Z,NEM,TAS1,74.63,933.45
2026-05-01T19:45:00Z,NEM,VIC1,-2.29,3795.8
2026-05-01T19:50:00Z,NEM,NSW1,57.51,6383.81
2026-05-01T19:50:00Z,NEM,QLD1,64.65,5941.61
2026-05-01T19:50:00Z,NEM,SA1,-2.25,1360.16
2026-05-01T19:50:00Z,NEM,TAS1,74.63,937.63
2026-05-01T19:50:00Z,NEM,VIC1,-2.29,3809.99
2026-05-01T19:55:00Z,NEM,NSW1,56.06,6422.08
2026-05-01T19:55:00Z,NEM,QLD1,56.14,5817.79
2026-05-01T19:55:00Z,NEM,SA1,-2.26,1361.43
2026-05-01T19:55:00Z,NEM,TAS1,74.63,940.55
2026-05-01T19:55:00Z,NEM,VIC1,-2.29,3785.26
2026-05-01T20:00:00Z,NEM,NSW1,57.51,6454.74
2026-05-01T20:00:00Z,NEM,QLD1,57.94,5801.7
2026-05-01T20:00:00Z,NEM,SA1,-2.24,1353.63
2026-05-01T20:00:00Z,NEM,TAS1,74.63,950.07
2026-05-01T20:00:00Z,NEM,VIC1,-2.29,3843.32
2026-05-01T20:05:00Z,NEM,NSW1,57.51,6488.42
2026-05-01T20:05:00Z,NEM,QLD1,64.83,5867.47
2026-05-01T20:05:00Z,NEM,SA1,-2.24,1346.68
2026-05-01T20:05:00Z,NEM,TAS1,74.63,953.77
2026-05-01T20:05:00Z,NEM,VIC1,-2.29,3845.75
2026-05-01T20:10:00Z,NEM,NSW1,57.51,6584.95
2026-05-01T20:10:00Z,NEM,QLD1,64.65,5865.1
2026-05-01T20:10:00Z,NEM,SA1,-2.23,1335.26
2026-05-01T20:10:00Z,NEM,TAS1,74.63,963.62
2026-05-01T20:10:00Z,NEM,VIC1,-2.29,3885.75
2026-05-01T20:15:00Z,NEM,NSW1,57.51,6584.21
2026-05-01T20:15:00Z,NEM,QLD1,64.83,5927.44
2026-05-01T20:15:00Z,NEM,SA1,-2.23,1336.66
2026-05-01T20:15:00Z,NEM,TAS1,74.63,961.91
2026-05-01T20:15:00Z,NEM,VIC1,-2.29,3915.61
2026-05-01T20:20:00Z,NEM,NSW1,57.51,6633.82
2026-05-01T20:20:00Z,NEM,QLD1,64.65,5934.0
2026-05-01T20:20:00Z,NEM,SA1,-2.21,1338.0
2026-05-01T20:20:00Z,NEM,TAS1,74.66,966.95
2026-05-01T20:20:00Z,NEM,VIC1,-2.26,3926.86
2026-05-01T20:25:00Z,NEM,NSW1,57.51,6667.19
2026-05-01T20:25:00Z,NEM,QLD1,64.65,5931.2
2026-05-01T20:25:00Z,NEM,SA1,-2.0,1349.03
2026-05-01T20:25:00Z,NEM,TAS1,74.85,967.71
2026-05-01T20:25:00Z,NEM,VIC1,-2.08,3980.62
2026-05-01T20:30:00Z,NEM,NSW1,57.51,6699.56
2026-05-01T20:30:00Z,NEM,QLD1,64.83,5993.67
2026-05-01T20:30:00Z,NEM,SA1,-2.0,1344.07
2026-05-01T20:30:00Z,NEM,TAS1,74.82,963.4
2026-05-01T20:30:00Z,NEM,VIC1,-2.12,4010.36
2026-05-01T20:35:00Z,NEM,NSW1,57.51,6690.3
2026-05-01T20:35:00Z,NEM,QLD1,64.65,5939.75
2026-05-01T20:35:00Z,NEM,SA1,-2.0,1363.79
2026-05-01T20:35:00Z,NEM,TAS1,74.78,973.44
2026-05-01T20:35:00Z,NEM,VIC1,-2.15,4021.24
2026-05-01T20:40:00Z,NEM,NSW1,64.55,6857.62
2026-05-01T20:40:00Z,NEM,QLD1,64.83,6015.94
2026-05-01T20:40:00Z,NEM,SA1,-2.0,1375.52
2026-05-01T20:40:00Z,NEM,TAS1,74.78,968.35
2026-05-01T20:40:00Z,NEM,VIC1,-2.16,4031.57
2026-05-01T20:45:00Z,NEM,NSW1,64.89,6888.79
2026-05-01T20:45:00Z,NEM,QLD1,64.83,5982.07
2026-05-01T20:45:00Z,NEM,SA1,-1.84,1385.08
2026-05-01T20:45:00Z,NEM,TAS1,74.93,974.06
2026-05-01T20:45:00Z,NEM,VIC1,-2.0,4092.38
2026-05-01T20:50:00Z,NEM,NSW1,57.51,6779.84
2026-05-01T20:50:00Z,NEM,QLD1,58.2,5995.99
2026-05-01T20:50:00Z,NEM,SA1,-1.84,1404.69
2026-05-01T20:50:00Z,NEM,TAS1,74.93,978.6
2026-05-01T20:50:00Z,NEM,VIC1,-2.0,4066.11
2026-05-01T20:55:00Z,NEM,NSW1,57.51,6866.61
2026-05-01T20:55:00Z,NEM,QLD1,56.83,5929.76
2026-05-01T20:55:00Z,NEM,SA1,-1.82,1403.05
2026-05-01T20:55:00Z,NEM,TAS1,85.93,984.4
2026-05-01T20:55:00Z,NEM,VIC1,-2.0,4064.45
2026-05-01T21:00:00Z,NEM,NSW1,57.51,6852.23
2026-05-01T21:00:00Z,NEM,QLD1,56.81,5907.93
2026-05-01T21:00:00Z,NEM,SA1,-1.83,1403.7
2026-05-01T21:00:00Z,NEM,TAS1,74.93,982.54
2026-05-01T21:00:00Z,NEM,VIC1,-2.0,4102.77
2026-05-01T21:05:00Z,NEM,NSW1,56.06,6763.57
2026-05-01T21:05:00Z,NEM,QLD1,55.26,5920.62
2026-05-01T21:05:00Z,NEM,SA1,-1.84,1405.15
2026-05-01T21:05:00Z,NEM,TAS1,74.94,980.32
2026-05-01T21:05:00Z,NEM,VIC1,-2.0,4116.3
2026-05-01T21:10:00Z,NEM,NSW1,56.06,6826.7
2026-05-01T21:10:00Z,NEM,QLD1,56.22,5943.72
2026-05-01T21:10:00Z,NEM,SA1,-1.85,1408.8
2026-05-01T21:10:00Z,NEM,TAS1,74.24,969.13
2026-05-01T21:10:00Z,NEM,VIC1,-2.0,4121.33
2026-05-01T21:15:00Z,NEM,NSW1,56.06,6814.58
2026-05-01T21:15:00Z,NEM,QLD1,55.46,5942.68
2026-05-01T21:15:00Z,NEM,SA1,-1.85,1408.81
2026-05-01T21:15:00Z,NEM,TAS1,74.22,975.52
2026-05-01T21:15:00Z,NEM,VIC1,-2.0,4144.19
2026-05-01T21:20:00Z,NEM,NSW1,6.29,6792.18
2026-05-01T21:20:00Z,NEM,QLD1,5.75,5854.1
2026-05-01T21:20:00Z,NEM,SA1,-2.0,1412.22
2026-05-01T21:20:00Z,NEM,TAS1,74.07,974.74
2026-05-01T21:20:00Z,NEM,VIC1,-2.15,4137.51
2026-05-01T21:25:00Z,NEM,NSW1,38.51,6787.16
2026-05-01T21:25:00Z,NEM,QLD1,37.11,5823.47
2026-05-01T21:25:00Z,NEM,SA1,-2.0,1409.94
2026-05-01T21:25:00Z,NEM,TAS1,74.05,973.33
2026-05-01T21:25:00Z,NEM,VIC1,-2.15,4154.45
2026-05-01T21:30:00Z,NEM,NSW1,56.03,6733.31
2026-05-01T21:30:00Z,NEM,QLD1,55.32,5815.82
2026-05-01T21:30:00Z,NEM,SA1,-2.0,1399.39
2026-05-01T21:30:00Z,NEM,TAS1,74.12,981.71
2026-05-01T21:30:00Z,NEM,VIC1,-2.1,4146.73
2026-05-01T21:35:00Z,NEM,NSW1,25.93,6688.21
2026-05-01T21:35:00Z,NEM,QLD1,23.71,5731.01
2026-05-01T21:35:00Z,NEM,SA1,-2.0,1397.76
2026-05-01T21:35:00Z,NEM,TAS1,70.68,982.65
2026-05-01T21:35:00Z,NEM,VIC1,-2.06,4181.63
2026-05-01T21:40:00Z,NEM,NSW1,41.66,6756.57
2026-05-01T21:40:00Z,NEM,QLD1,40.0,5712.12
2026-05-01T21:40:00Z,NEM,SA1,-2.0,1381.97
2026-05-01T21:40:00Z,NEM,TAS1,70.67,993.13
2026-05-01T21:40:00Z,NEM,VIC1,-2.07,4210.28
2026-05-01T21:45:00Z,NEM,NSW1,24.63,6664.29
2026-05-01T21:45:00Z,NEM,QLD1,23.71,5683.02
2026-05-01T21:45:00Z,NEM,SA1,-2.0,1397.94
2026-05-01T21:45:00Z,NEM,TAS1,71.14,996.98
2026-05-01T21:45:00Z,NEM,VIC1,-2.07,4220.04
2026-05-01T21:50:00Z,NEM,NSW1,15.24,6649.67
2026-05-01T21:50:00Z,NEM,QLD1,14.36,5669.9
2026-05-01T21:50:00Z,NEM,SA1,-2.0,1403.93
2026-05-01T21:50:00Z,NEM,TAS1,74.07,1012.25
2026-05-01T21:50:00Z,NEM,VIC1,-2.13,4241.76
2026-05-01T21:55:00Z,NEM,NSW1,15.24,6602.18
2026-05-01T21:55:00Z,NEM,QLD1,15.85,5611.94
2026-05-01T21:55:00Z,NEM,SA1,-2.0,1421.21
2026-05-01T21:55:00Z,NEM,TAS1,74.16,1008.83
2026-05-01T21:55:00Z,NEM,VIC1,-2.07,4198.4
2026-05-01T22:00:00Z,NEM,NSW1,0.86,6639.97
2026-05-01T22:00:00Z,NEM,QLD1,0.89,5573.52
2026-05-01T22:00:00Z,NEM,SA1,-2.0,1413.15
2026-05-01T22:00:00Z,NEM,TAS1,74.25,1008.94
2026-05-01T22:00:00Z,NEM,VIC1,-2.06,4198.89
2026-05-01T22:05:00Z,NEM,NSW1,38.51,6690.33
2026-05-01T22:05:00Z,NEM,QLD1,34.26,5608.81
2026-05-01T22:05:00Z,NEM,SA1,-1.05,1387.98
2026-05-01T22:05:00Z,NEM,TAS1,86.83,1021.47
2026-05-01T22:05:00Z,NEM,VIC1,-1.13,4278.78
2026-05-01T22:10:00Z,NEM,NSW1,40.55,6763.57
2026-05-01T22:10:00Z,NEM,QLD1,39.73,5605.99
2026-05-01T22:10:00Z,NEM,SA1,-1.05,1410.66
2026-05-01T22:10:00Z,NEM,TAS1,86.84,1019.45
2026-05-01T22:10:00Z,NEM,VIC1,-1.11,4318.39
2026-05-01T22:15:00Z,NEM,NSW1,40.54,6714.8
2026-05-01T22:15:00Z,NEM,QLD1,39.56,5571.37
2026-05-01T22:15:00Z,NEM,SA1,-1.92,1397.14
2026-05-01T22:15:00Z,NEM,TAS1,85.92,1022.2
2026-05-01T22:15:00Z,NEM,VIC1,-2.0,4289.64
2026-05-01T22:20:00Z,NEM,NSW1,37.89,6748.8
2026-05-01T22:20:00Z,NEM,QLD1,35.56,5416.38
2026-05-01T22:20:00Z,NEM,SA1,-1.93,1387.48
2026-05-01T22:20:00Z,NEM,TAS1,85.92,1021.94
2026-05-01T22:20:00Z,NEM,VIC1,-2.0,4293.47
2026-05-01T22:25:00Z,NEM,NSW1,37.89,6601.42
2026-05-01T22:25:00Z,NEM,QLD1,36.53,5485.01
2026-05-01T22:25:00Z,NEM,SA1,-1.88,1391.76
2026-05-01T22:25:00Z,NEM,TAS1,85.92,1019.33
2026-05-01T22:25:00Z,NEM,VIC1,-2.0,4312.03
2026-05-01T22:30:00Z,NEM,NSW1,37.81,6549.82
2026-05-01T22:30:00Z,NEM,QLD1,36.99,5499.16
2026-05-01T22:30:00Z,NEM,SA1,-2.23,1389.48
2026-05-01T22:30:00Z,NEM,TAS1,85.64,1032.77
2026-05-01T22:30:00Z,NEM,VIC1,-2.26,4292.07
2026-05-01T22:35:00Z,NEM,NSW1,37.14,6482.41
2026-05-01T22:35:00Z,NEM,QLD1,36.99,5495.94
2026-05-01T22:35:00Z,NEM,SA1,-2.01,1372.54
2026-05-01T22:35:00Z,NEM,TAS1,74.81,1037.08
2026-05-01T22:35:00Z,NEM,VIC1,-2.09,4329.6
2026-05-01T22:40:00Z,NEM,NSW1,23.89,6446.48
2026-05-01T22:40:00Z,NEM,QLD1,23.47,5462.79
2026-05-01T22:40:00Z,NEM,SA1,-1.81,1393.78
2026-05-01T22:40:00Z,NEM,TAS1,74.9,1030.35
2026-05-01T22:40:00Z,NEM,VIC1,-2.0,4322.3
2026-05-01T22:45:00Z,NEM,NSW1,23.94,6422.87
2026-05-01T22:45:00Z,NEM,QLD1,23.71,5491.87
2026-05-01T22:45:00Z,NEM,SA1,-2.18,1420.55
2026-05-01T22:45:00Z,NEM,TAS1,74.64,1024.58
2026-05-01T22:45:00Z,NEM,VIC1,-2.25,4219.32
2026-05-01T22:50:00Z,NEM,NSW1,23.89,6385.73
2026-05-01T22:50:00Z,NEM,QLD1,23.38,5440.13
2026-05-01T22:50:00Z,NEM,SA1,-2.0,1407.88
2026-05-01T22:50:00Z,NEM,TAS1,74.7,1024.14
2026-05-01T22:50:00Z,NEM,VIC1,-2.19,4242.67
2026-05-01T22:55:00Z,NEM,NSW1,23.89,6314.01
2026-05-01T22:55:00Z,NEM,QLD1,24.1,5383.87
2026-05-01T22:55:00Z,NEM,SA1,-3.0,1441.11
2026-05-01T22:55:00Z,NEM,TAS1,74.9,1028.14
2026-05-01T22:55:00Z,NEM,VIC1,-2.0,4204.43
2026-05-01T23:00:00Z,NEM,NSW1,35.88,6294.16
2026-05-01T23:00:00Z,NEM,QLD1,36.55,5296.14
2026-05-01T23:00:00Z,NEM,SA1,-2.01,1439.62
2026-05-01T23:00:00Z,NEM,TAS1,74.87,1021.3
2026-05-01T23:00:00Z,NEM,VIC1,-2.03,4237.5
2026-05-01T23:05:00Z,NEM,NSW1,23.88,6210.08
2026-05-01T23:05:00Z,NEM,QLD1,24.04,5343.69
2026-05-01T23:05:00Z,NEM,SA1,-1.87,1448.34
2026-05-01T23:05:00Z,NEM,TAS1,74.9,1015.11
2026-05-01T23:05:00Z,NEM,VIC1,-2.0,4242.47
2026-05-01T23:10:00Z,NEM,NSW1,23.84,6223.3
2026-05-01T23:10:00Z,NEM,QLD1,23.71,5242.68
2026-05-01T23:10:00Z,NEM,SA1,-2.24,1449.19
2026-05-01T23:10:00Z,NEM,TAS1,74.64,1013.23
2026-05-01T23:10:00Z,NEM,VIC1,-2.25,4213.73
2026-05-01T23:15:00Z,NEM,NSW1,11.3,6171.61
2026-05-01T23:15:00Z,NEM,QLD1,11.44,5249.38
2026-05-01T23:15:00Z,NEM,SA1,-1.1,1427.92
2026-05-01T23:15:00Z,NEM,TAS1,75.77,1011.99
2026-05-01T23:15:00Z,NEM,VIC1,-1.17,4284.92
2026-05-01T23:20:00Z,NEM,NSW1,7.84,6144.53
2026-05-01T23:20:00Z,NEM,QLD1,7.07,5194.96
2026-05-01T23:20:00Z,NEM,SA1,-2.0,1449.66
2026-05-01T23:20:00Z,NEM,TAS1,74.83,1003.12
2026-05-01T23:20:00Z,NEM,VIC1,-2.07,4346.16
2026-05-01T23:25:00Z,NEM,NSW1,12.17,6172.03
2026-05-01T23:25:00Z,NEM,QLD1,12.3,5172.76
2026-05-01T23:25:00Z,NEM,SA1,-2.0,1450.0
2026-05-01T23:25:00Z,NEM,TAS1,74.82,998.11
2026-05-01T23:25:00Z,NEM,VIC1,-2.09,4233.19
2026-05-01T23:30:00Z,NEM,NSW1,23.89,6200.54
2026-05-01T23:30:00Z,NEM,QLD1,19.72,5124.56
2026-05-01T23:30:00Z,NEM,SA1,-2.22,1453.63
2026-05-01T23:30:00Z,NEM,TAS1,74.63,998.35
2026-05-01T23:30:00Z,NEM,VIC1,-2.26,4247.53
2026-05-01T23:35:00Z,NEM,NSW1,23.89,6186.35
2026-05-01T23:35:00Z,NEM,QLD1,22.19,5094.02
2026-05-01T23:35:00Z,NEM,SA1,-3.05,1455.97
2026-05-01T23:35:00Z,NEM,TAS1,73.85,992.7
2026-05-01T23:35:00Z,NEM,VIC1,-3.01,4169.82
2026-05-01T23:40:00Z,NEM,NSW1,0.91,6192.45
2026-05-01T23:40:00Z,NEM,QLD1,0.94,5164.1
2026-05-01T23:40:00Z,NEM,SA1,-2.25,1448.74
2026-05-01T23:40:00Z,NEM,TAS1,74.6,986.84
2026-05-01T23:40:00Z,NEM,VIC1,-2.29,4201.08
2026-05-01T23:45:00Z,NEM,NSW1,11.3,6164.83
2026-05-01T23:45:00Z,NEM,QLD1,11.29,5134.48
2026-05-01T23:45:00Z,NEM,SA1,-3.06,1478.25
2026-05-01T23:45:00Z,NEM,TAS1,73.86,983.07
2026-05-01T23:45:00Z,NEM,VIC1,-3.01,4173.55
2026-05-01T23:50:00Z,NEM,NSW1,16.22,6245.83
2026-05-01T23:50:00Z,NEM,QLD1,12.3,5056.63
2026-05-01T23:50:00Z,NEM,SA1,-2.25,1451.53
2026-05-01T23:50:00Z,NEM,TAS1,74.62,971.84
2026-05-01T23:50:00Z,NEM,VIC1,-2.29,4132.84
2026-05-01T23:55:00Z,NEM,NSW1,13.18,6181.3
2026-05-01T23:55:00Z,NEM,QLD1,11.29,5044.75
2026-05-01T23:55:00Z,NEM,SA1,-2.27,1453.74
2026-05-01T23:55:00Z,NEM,TAS1,74.62,973.3
2026-05-01T23:55:00Z,NEM,VIC1,-2.29,4178.76
2026-05-02T00:00:00Z,NEM,NSW1,7.5,6154.08
2026-05-02T00:00:00Z,NEM,QLD1,6.23,5004.88
2026-05-02T00:00:00Z,NEM,SA1,-2.29,1452.08
2026-05-02T00:00:00Z,NEM,TAS1,74.65,967.6
2026-05-02T00:00:00Z,NEM,VIC1,-2.26,4206.27
2026-05-02T00:05:00Z,NEM,NSW1,0.88,6068.8
2026-05-02T00:05:00Z,NEM,QLD1,0.74,4997.61
2026-05-02T00:05:00Z,NEM,SA1,-2.0,1422.24
2026-05-02T00:05:00Z,NEM,TAS1,74.81,962.74
2026-05-02T00:05:00Z,NEM,VIC1,-2.08,4222.63
2026-05-02T00:10:00Z,NEM,NSW1,11.3,6182.74
2026-05-02T00:10:00Z,NEM,QLD1,7.66,4853.71
2026-05-02T00:10:00Z,NEM,SA1,-2.04,1449.07
2026-05-02T00:10:00Z,NEM,TAS1,74.9,950.73
2026-05-02T00:10:00Z,NEM,VIC1,-2.0,4225.03
2026-05-02T00:15:00Z,NEM,NSW1,0.0,6135.14
2026-05-02T00:15:00Z,NEM,QLD1,0.0,4862.95
2026-05-02T00:15:00Z,NEM,SA1,-2.0,1457.88
2026-05-02T00:15:00Z,NEM,TAS1,74.82,949.49
2026-05-02T00:15:00Z,NEM,VIC1,-2.08,4197.17
2026-05-02T00:20:00Z,NEM,NSW1,7.11,6106.98
2026-05-02T00:20:00Z,NEM,QLD1,5.71,4855.82
2026-05-02T00:20:00Z,NEM,SA1,-2.02,1461.25
2026-05-02T00:20:00Z,NEM,TAS1,74.89,951.53
2026-05-02T00:20:00Z,NEM,VIC1,-2.0,4218.55
2026-05-02T00:25:00Z,NEM,NSW1,2.88,6047.23
2026-05-02T00:25:00Z,NEM,QLD1,2.1,4741.36
2026-05-02T00:25:00Z,NEM,SA1,-1.88,1464.96
2026-05-02T00:25:00Z,NEM,TAS1,74.89,946.52
2026-05-02T00:25:00Z,NEM,VIC1,-2.0,4259.37
2026-05-02T00:30:00Z,NEM,NSW1,8.32,6021.46
2026-05-02T00:30:00Z,NEM,QLD1,5.71,4637.64
2026-05-02T00:30:00Z,NEM,SA1,-3.0,1450.14
2026-05-02T00:30:00Z,NEM,TAS1,73.87,944.93
2026-05-02T00:30:00Z,NEM,VIC1,-2.97,4120.7
2026-05-02T00:35:00Z,NEM,NSW1,0.88,5961.62
2026-05-02T00:35:00Z,NEM,QLD1,0.67,4644.26
2026-05-02T00:35:00Z,NEM,SA1,-2.23,1406.37
2026-05-02T00:35:00Z,NEM,TAS1,74.61,947.52
2026-05-02T00:35:00Z,NEM,VIC1,-2.26,4126.71
2026-05-02T00:40:00Z,NEM,NSW1,23.88,6057.76
2026-05-02T00:40:00Z,NEM,QLD1,11.29,4635.2
2026-05-02T00:40:00Z,NEM,SA1,-3.01,1405.59
2026-05-02T00:40:00Z,NEM,TAS1,73.84,938.38
2026-05-02T00:40:00Z,NEM,VIC1,-3.0,4157.35
2026-05-02T00:45:00Z,NEM,NSW1,3.13,5936.83
2026-05-02T00:45:00Z,NEM,QLD1,2.07,4567.26
2026-05-02T00:45:00Z,NEM,SA1,-2.82,1338.09
2026-05-02T00:45:00Z,NEM,TAS1,73.84,931.39
2026-05-02T00:45:00Z,NEM,VIC1,-3.0,4194.03
2026-05-02T00:50:00Z,NEM,NSW1,0.55,5844.92
2026-05-02T00:50:00Z,NEM,QLD1,0.02,4622.47
2026-05-02T00:50:00Z,NEM,SA1,-3.01,1358.66
2026-05-02T00:50:00Z,NEM,TAS1,73.73,934.32
2026-05-02T00:50:00Z,NEM,VIC1,-3.1,4088.86
2026-05-02T00:55:00Z,NEM,NSW1,0.91,5967.29
2026-05-02T00:55:00Z,NEM,QLD1,0.74,4806.97
2026-05-02T00:55:00Z,NEM,SA1,-2.82,1338.96
2026-05-02T00:55:00Z,NEM,TAS1,73.83,920.49
2026-05-02T00:55:00Z,NEM,VIC1,-3.01,4167.02
2026-05-02T01:00:00Z,NEM,NSW1,0.62,6022.39
2026-05-02T01:00:00Z,NEM,QLD1,0.46,4801.13
2026-05-02T01:00:00Z,NEM,SA1,-3.44,1347.91
2026-05-02T01:00:00Z,NEM,TAS1,73.26,915.81
2026-05-02T01:00:00Z,NEM,VIC1,-3.55,4110.25
2026-05-02T01:05:00Z,NEM,NSW1,0.88,6072.87
2026-05-02T01:05:00Z,NEM,QLD1,0.51,4723.14
2026-05-02T01:05:00Z,NEM,SA1,-2.78,1323.93
2026-05-02T01:05:00Z,NEM,TAS1,73.82,915.36
2026-05-02T01:05:00Z,NEM,VIC1,-3.01,4119.34
2026-05-02T01:10:00Z,NEM,NSW1,1.25,6103.72
2026-05-02T01:10:00Z,NEM,QLD1,0.89,4760.05
2026-05-02T01:10:00Z,NEM,SA1,-2.07,1351.82
2026-05-02T01:10:00Z,NEM,TAS1,74.61,935.37
2026-05-02T01:10:00Z,NEM,VIC1,-2.25,4228.85
2026-05-02T01:15:00Z,NEM,NSW1,17.54,6215.91
2026-05-02T01:15:00Z,NEM,QLD1,11.29,4817.35
2026-05-02T01:15:00Z,NEM,SA1,-2.77,1364.59
2026-05-02T01:15:00Z,NEM,TAS1,73.79,938.4
2026-05-02T01:15:00Z,NEM,VIC1,-3.01,4187.29
2026-05-02T01:20:00Z,NEM,NSW1,1.66,6260.34
2026-05-02T01:20:00Z,NEM,QLD1,0.89,4762.09
2026-05-02T01:20:00Z,NEM,SA1,-2.09,1364.07
2026-05-02T01:20:00Z,NEM,TAS1,74.6,936.33
2026-05-02T01:20:00Z,NEM,VIC1,-2.26,4197.19
2026-05-02T01:25:00Z,NEM,NSW1,22.33,6302.19
2026-05-02T01:25:00Z,NEM,QLD1,5.71,4808.48
2026-05-02T01:25:00Z,NEM,SA1,-2.14,1400.41
2026-05-02T01:25:00Z,NEM,TAS1,74.6,929.76
2026-05-02T01:25:00Z,NEM,VIC1,-2.26,4257.48
2026-05-02T01:30:00Z,NEM,NSW1,23.88,6331.89
2026-05-02T01:30:00Z,NEM,QLD1,0.0,4724.13
2026-05-02T01:30:00Z,NEM,SA1,-2.18,1439.17
2026-05-02T01:30:00Z,NEM,TAS1,74.61,931.48
2026-05-02T01:30:00Z,NEM,VIC1,-2.25,4270.04
2026-05-02T01:35:00Z,NEM,NSW1,0.88,6219.47
2026-05-02T01:35:00Z,NEM,QLD1,0.0,4718.9
2026-05-02T01:35:00Z,NEM,SA1,-1.1,1458.81
2026-05-02T01:35:00Z,NEM,TAS1,75.74,928.9
2026-05-02T01:35:00Z,NEM,VIC1,-1.19,4158.58
2026-05-02T01:40:00Z,NEM,NSW1,23.89,6350.64
2026-05-02T01:40:00Z,NEM,QLD1,5.3,4802.82
2026-05-02T01:40:00Z,NEM,SA1,-1.1,1465.32
2026-05-02T01:40:00Z,NEM,TAS1,75.73,927.84
2026-05-02T01:40:00Z,NEM,VIC1,-1.2,4235.62
2026-05-02T01:45:00Z,NEM,NSW1,23.88,6283.53
2026-05-02T01:45:00Z,NEM,QLD1,5.71,4873.42
2026-05-02T01:45:00Z,NEM,SA1,-2.0,1501.53
2026-05-02T01:45:00Z,NEM,TAS1,74.72,932.94
2026-05-02T01:45:00Z,NEM,VIC1,-2.14,4153.71
2026-05-02T01:50:00Z,NEM,NSW1,23.88,6395.05
2026-05-02T01:50:00Z,NEM,QLD1,5.3,4833.5
2026-05-02T01:50:00Z,NEM,SA1,-1.84,1478.57
2026-05-02T01:50:00Z,NEM,TAS1,74.87,931.12
2026-05-02T01:50:00Z,NEM,VIC1,-2.0,4145.67
2026-05-02T01:55:00Z,NEM,NSW1,22.33,6348.96
2026-05-02T01:55:00Z,NEM,QLD1,5.71,4880.53
2026-05-02T01:55:00Z,NEM,SA1,-2.01,1504.12
2026-05-02T01:55:00Z,NEM,TAS1,74.79,928.02
2026-05-02T01:55:00Z,NEM,VIC1,-2.08,4054.01
2026-05-02T02:00:00Z,NEM,NSW1,6.96,6314.51
2026-05-02T02:00:00Z,NEM,QLD1,5.71,4986.95
2026-05-02T02:00:00Z,NEM,SA1,-2.0,1478.29
2026-05-02T02:00:00Z,NEM,TAS1,74.7,926.92
2026-05-02T02:00:00Z,NEM,VIC1,-2.17,3998.71
2026-05-02T02:05:00Z,NEM,NSW1,5.47,6244.19
2026-05-02T02:05:00Z,NEM,QLD1,4.39,5047.07
2026-05-02T02:05:00Z,NEM,SA1,-2.01,1448.21
2026-05-02T02:05:00Z,NEM,TAS1,88.24,912.01
2026-05-02T02:05:00Z,NEM,VIC1,-2.04,3980.18
2026-05-02T02:10:00Z,NEM,NSW1,23.89,6380.67
2026-05-02T02:10:00Z,NEM,QLD1,0.74,5056.35
2026-05-02T02:10:00Z,NEM,SA1,-2.2,1376.05
2026-05-02T02:10:00Z,NEM,TAS1,93.96,908.11
2026-05-02T02:10:00Z,NEM,VIC1,-2.25,4031.01
2026-05-02T02:15:00Z,NEM,NSW1,23.88,6314.47
2026-05-02T02:15:00Z,NEM,QLD1,5.71,5013.6
2026-05-02T02:15:00Z,NEM,SA1,-2.21,1341.54
2026-05-02T02:15:00Z,NEM,TAS1,93.49,912.21
2026-05-02T02:15:00Z,NEM,VIC1,-2.25,3932.96
2026-05-02T02:20:00Z,NEM,NSW1,22.33,6249.5
2026-05-02T02:20:00Z,NEM,QLD1,12.3,4992.45
2026-05-02T02:20:00Z,NEM,SA1,-3.0,1353.95
2026-05-02T02:20:00Z,NEM,TAS1,89.74,896.27
2026-05-02T02:20:00Z,NEM,VIC1,-3.03,3924.0
2026-05-02T02:25:00Z,NEM,NSW1,16.06,6339.59
2026-05-02T02:25:00Z,NEM,QLD1,12.3,4936.23
2026-05-02T02:25:00Z,NEM,SA1,-3.0,1295.59
2026-05-02T02:25:00Z,NEM,TAS1,90.15,902.83
2026-05-02T02:25:00Z,NEM,VIC1,-3.04,3897.13
2026-05-02T02:30:00Z,NEM,NSW1,23.89,6295.96
2026-05-02T02:30:00Z,NEM,QLD1,12.3,4888.72
2026-05-02T02:30:00Z,NEM,SA1,-7.31,1240.54
2026-05-02T02:30:00Z,NEM,TAS1,88.5,895.16
2026-05-02T02:30:00Z,NEM,VIC1,-7.25,3890.1
2026-05-02T02:35:00Z,NEM,NSW1,7.09,6297.79
2026-05-02T02:35:00Z,NEM,QLD1,5.3,4875.16
2026-05-02T02:35:00Z,NEM,SA1,-2.0,1256.15
2026-05-02T02:35:00Z,NEM,TAS1,88.24,909.85
2026-05-02T02:35:00Z,NEM,VIC1,-2.09,3884.44
2026-05-02T02:40:00Z,NEM,NSW1,23.89,6371.59
2026-05-02T02:40:00Z,NEM,QLD1,5.71,4808.51
2026-05-02T02:40:00Z,NEM,SA1,-2.92,1249.8
2026-05-02T02:40:00Z,NEM,TAS1,84.84,905.46
2026-05-02T02:40:00Z,NEM,VIC1,-3.0,3911.9
2026-05-02T02:45:00Z,NEM,NSW1,23.88,6319.71
2026-05-02T02:45:00Z,NEM,QLD1,11.29,4854.44
2026-05-02T02:45:00Z,NEM,SA1,-2.32,1309.82
2026-05-02T02:45:00Z,NEM,TAS1,85.62,908.89
2026-05-02T02:45:00Z,NEM,VIC1,-2.25,3857.94
2026-05-02T02:50:00Z,NEM,NSW1,23.89,6351.5
2026-05-02T02:50:00Z,NEM,QLD1,5.71,4860.04
2026-05-02T02:50:00Z,NEM,SA1,-2.9,1374.91
2026-05-02T02:50:00Z,NEM,TAS1,85.05,899.87
2026-05-02T02:50:00Z,NEM,VIC1,-2.8,3786.24
2026-05-02T02:55:00Z,NEM,NSW1,23.88,6311.1
2026-05-02T02:55:00Z,NEM,QLD1,2.65,4846.42
2026-05-02T02:55:00Z,NEM,SA1,-3.0,1451.94
2026-05-02T02:55:00Z,NEM,TAS1,85.63,897.97
2026-05-02T02:55:00Z,NEM,VIC1,-2.25,3817.82
2026-05-02T03:00:00Z,NEM,NSW1,23.88,6398.53
2026-05-02T03:00:00Z,NEM,QLD1,2.1,4779.59
2026-05-02T03:00:00Z,NEM,SA1,-2.1,1500.84
2026-05-02T03:00:00Z,NEM,TAS1,88.24,908.16
2026-05-02T03:00:00Z,NEM,VIC1,-2.0,3897.28
2026-05-02T03:05:00Z,NEM,NSW1,34.01,6355.05
2026-05-02T03:05:00Z,NEM,QLD1,12.3,4884.59
2026-05-02T03:05:00Z,NEM,SA1,-3.01,1532.89
2026-05-02T03:05:00Z,NEM,TAS1,85.08,902.8
2026-05-02T03:05:00Z,NEM,VIC1,-2.76,3851.15
2026-05-02T03:10:00Z,NEM,NSW1,13.9,6241.74
2026-05-02T03:10:00Z,NEM,QLD1,11.29,4962.68
2026-05-02T03:10:00Z,NEM,SA1,-2.0,1553.2
2026-05-02T03:10:00Z,NEM,TAS1,85.98,909.53
2026-05-02T03:10:00Z,NEM,VIC1,-1.91,3981.92
2026-05-02T03:15:00Z,NEM,NSW1,2.43,6274.68
2026-05-02T03:15:00Z,NEM,QLD1,2.1,4863.02
2026-05-02T03:15:00Z,NEM,SA1,-2.08,1508.2
2026-05-02T03:15:00Z,NEM,TAS1,85.89,906.99
2026-05-02T03:15:00Z,NEM,VIC1,-2.0,3976.07
2026-05-02T03:20:00Z,NEM,NSW1,2.34,6298.87
2026-05-02T03:20:00Z,NEM,QLD1,2.1,4881.66
2026-05-02T03:20:00Z,NEM,SA1,-1.99,1495.39
2026-05-02T03:20:00Z,NEM,TAS1,88.24,921.39
2026-05-02T03:20:00Z,NEM,VIC1,-2.0,4014.08
2026-05-02T03:25:00Z,NEM,NSW1,2.28,6341.09
2026-05-02T03:25:00Z,NEM,QLD1,2.1,4879.16
2026-05-02T03:25:00Z,NEM,SA1,-1.05,1501.58
2026-05-02T03:25:00Z,NEM,TAS1,86.9,917.25
2026-05-02T03:25:00Z,NEM,VIC1,-1.05,4021.25
2026-05-02T03:30:00Z,NEM,NSW1,2.87,6305.69
2026-05-02T03:30:00Z,NEM,QLD1,2.1,4917.35
2026-05-02T03:30:00Z,NEM,SA1,-2.09,1513.95
2026-05-02T03:30:00Z,NEM,TAS1,85.89,908.33
2026-05-02T03:30:00Z,NEM,VIC1,-2.0,3946.42
2026-05-02T03:35:00Z,NEM,NSW1,0.0,6328.26
2026-05-02T03:35:00Z,NEM,QLD1,0.0,4922.26
2026-05-02T03:35:00Z,NEM,SA1,-0.1,1547.05
2026-05-02T03:35:00Z,NEM,TAS1,87.89,917.5
2026-05-02T03:35:00Z,NEM,VIC1,-0.1,3922.99
2026-05-02T03:40:00Z,NEM,NSW1,0.88,6379.7
2026-05-02T03:40:00Z,NEM,QLD1,-2.0,4982.43
2026-05-02T03:40:00Z,NEM,SA1,-1.05,1582.92
2026-05-02T03:40:00Z,NEM,TAS1,86.92,916.4
2026-05-02T03:40:00Z,NEM,VIC1,-1.02,3911.37
2026-05-02T03:45:00Z,NEM,NSW1,-1.1,6308.34
2026-05-02T03:45:00Z,NEM,QLD1,-1.8,4886.94
2026-05-02T03:45:00Z,NEM,SA1,-1.02,1576.12
2026-05-02T03:45:00Z,NEM,TAS1,86.95,903.83
2026-05-02T03:45:00Z,NEM,VIC1,-1.0,3959.27
2026-05-02T03:50:00Z,NEM,NSW1,2.15,6301.07
2026-05-02T03:50:00Z,NEM,QLD1,2.1,4944.47
2026-05-02T03:50:00Z,NEM,SA1,-0.1,1567.3
2026-05-02T03:50:00Z,NEM,TAS1,87.9,905.0
2026-05-02T03:50:00Z,NEM,VIC1,-0.1,3932.53
2026-05-02T03:55:00Z,NEM,NSW1,5.24,6185.14
2026-05-02T03:55:00Z,NEM,QLD1,4.31,5091.79
2026-05-02T03:55:00Z,NEM,SA1,-1.05,1572.5
2026-05-02T03:55:00Z,NEM,TAS1,86.99,897.99
2026-05-02T03:55:00Z,NEM,VIC1,-0.96,3831.26
2026-05-02T04:00:00Z,NEM,NSW1,23.88,6135.54
2026-05-02T04:00:00Z,NEM,QLD1,22.7,5207.86
2026-05-02T04:00:00Z,NEM,SA1,-0.01,1543.0
2026-05-02T04:00:00Z,NEM,TAS1,85.9,896.26
2026-05-02T04:00:00Z,NEM,VIC1,-2.0,3811.78
2026-05-02T04:05:00Z,NEM,NSW1,2.33,6191.29
2026-05-02T04:05:00Z,NEM,QLD1,2.1,5212.15
2026-05-02T04:05:00Z,NEM,SA1,-0.01,1582.74
2026-05-02T04:05:00Z,NEM,TAS1,87.9,896.86
2026-05-02T04:05:00Z,NEM,VIC1,-0.1,3817.47
2026-05-02T04:10:00Z,NEM,NSW1,23.88,6354.89
2026-05-02T04:10:00Z,NEM,QLD1,19.05,5302.17
2026-05-02T04:10:00Z,NEM,SA1,-1.05,1611.57
2026-05-02T04:10:00Z,NEM,TAS1,87.02,909.36
2026-05-02T04:10:00Z,NEM,VIC1,-0.93,3752.76
2026-05-02T04:15:00Z,NEM,NSW1,13.31,6359.75
2026-05-02T04:15:00Z,NEM,QLD1,11.29,5358.76
2026-05-02T04:15:00Z,NEM,SA1,-0.11,1620.61
2026-05-02T04:15:00Z,NEM,TAS1,87.89,906.95
2026-05-02T04:15:00Z,NEM,VIC1,-0.1,3614.28
2026-05-02T04:20:00Z,NEM,NSW1,0.88,6346.76
2026-05-02T04:20:00Z,NEM,QLD1,0.61,5272.33
2026-05-02T04:20:00Z,NEM,SA1,-0.01,1591.14
2026-05-02T04:20:00Z,NEM,TAS1,87.89,917.6
2026-05-02T04:20:00Z,NEM,VIC1,-0.1,3647.43
2026-05-02T04:25:00Z,NEM,NSW1,14.38,6441.81
2026-05-02T04:25:00Z,NEM,QLD1,11.29,5270.09
2026-05-02T04:25:00Z,NEM,SA1,0.0,1597.88
2026-05-02T04:25:00Z,NEM,TAS1,88.24,921.12
2026-05-02T04:25:00Z,NEM,VIC1,-0.1,3612.63
2026-05-02T04:30:00Z,NEM,NSW1,50.78,6526.58
2026-05-02T04:30:00Z,NEM,QLD1,50.0,5367.04
2026-05-02T04:30:00Z,NEM,SA1,18.2,1625.85
2026-05-02T04:30:00Z,NEM,TAS1,88.24,927.11
2026-05-02T04:30:00Z,NEM,VIC1,-0.1,3650.09
2026-05-02T04:35:00Z,NEM,NSW1,53.56,6514.79
2026-05-02T04:35:00Z,NEM,QLD1,50.5,5475.66
2026-05-02T04:35:00Z,NEM,SA1,98.0,1615.41
2026-05-02T04:35:00Z,NEM,TAS1,87.89,927.92
2026-05-02T04:35:00Z,NEM,VIC1,-0.1,3714.95
2026-05-02T04:40:00Z,NEM,NSW1,37.89,6607.93
2026-05-02T04:40:00Z,NEM,QLD1,35.22,5468.31
2026-05-02T04:40:00Z,NEM,SA1,59.55,1584.24
2026-05-02T04:40:00Z,NEM,TAS1,88.24,926.92
2026-05-02T04:40:00Z,NEM,VIC1,-0.1,3821.09
2026-05-02T04:45:00Z,NEM,NSW1,37.89,6607.59
2026-05-02T04:45:00Z,NEM,QLD1,35.59,5583.63
2026-05-02T04:45:00Z,NEM,SA1,9.1,1579.36
2026-05-02T04:45:00Z,NEM,TAS1,88.24,933.21
2026-05-02T04:45:00Z,NEM,VIC1,-0.1,3845.84
2026-05-02T04:50:00Z,NEM,NSW1,37.89,6734.82
2026-05-02T04:50:00Z,NEM,QLD1,34.88,5594.7
2026-05-02T04:50:00Z,NEM,SA1,59.55,1603.36
2026-05-02T04:50:00Z,NEM,TAS1,88.24,939.75
2026-05-02T04:50:00Z,NEM,VIC1,-0.1,3901.64
2026-05-02T04:55:00Z,NEM,NSW1,42.97,6817.71
2026-05-02T04:55:00Z,NEM,QLD1,40.22,5637.06
2026-05-02T04:55:00Z,NEM,SA1,59.55,1549.12
2026-05-02T04:55:00Z,NEM,TAS1,88.24,940.43
2026-05-02T04:55:00Z,NEM,VIC1,-0.1,4001.23
2026-05-02T05:00:00Z,NEM,NSW1,54.86,6907.29
2026-05-02T05:00:00Z,NEM,QLD1,50.5,5649.91
2026-05-02T05:00:00Z,NEM,SA1,31.31,1551.97
2026-05-02T05:00:00Z,NEM,TAS1,88.24,950.21
2026-05-02T05:00:00Z,NEM,VIC1,-0.1,4021.67
2026-05-02T05:05:00Z,NEM,NSW1,35.88,6834.76
2026-05-02T05:05:00Z,NEM,QLD1,29.6,5702.93
2026-05-02T05:05:00Z,NEM,SA1,59.55,1535.52
2026-05-02T05:05:00Z,NEM,TAS1,88.24,947.14
2026-05-02T05:05:00Z,NEM,VIC1,-0.1,3948.35
2026-05-02T05:10:00Z,NEM,NSW1,76.99,7009.96
2026-05-02T05:10:00Z,NEM,QLD1,64.65,5778.85
2026-05-02T05:10:00Z,NEM,SA1,8.53,1518.57
2026-05-02T05:10:00Z,NEM,TAS1,88.24,948.75
2026-05-02T05:10:00Z,NEM,VIC1,-2.0,3991.68
2026-05-02T05:15:00Z,NEM,NSW1,59.86,7081.42
2026-05-02T05:15:00Z,NEM,QLD1,47.99,5937.22
2026-05-02T05:15:00Z,NEM,SA1,11.1,1521.64
2026-05-02T05:15:00Z,NEM,TAS1,87.89,941.12
2026-05-02T05:15:00Z,NEM,VIC1,-0.1,4088.14
2026-05-02T05:20:00Z,NEM,NSW1,57.51,7221.47
2026-05-02T05:20:00Z,NEM,QLD1,52.77,6010.62
2026-05-02T05:20:00Z,NEM,SA1,10.54,1576.2
2026-05-02T05:20:00Z,NEM,TAS1,88.24,948.79
2026-05-02T05:20:00Z,NEM,VIC1,-0.1,4137.35
2026-05-02T05:25:00Z,NEM,NSW1,59.28,7292.54
2026-05-02T05:25:00Z,NEM,QLD1,52.75,6070.78
2026-05-02T05:25:00Z,NEM,SA1,10.81,1586.34
2026-05-02T05:25:00Z,NEM,TAS1,88.24,954.63
2026-05-02T05:25:00Z,NEM,VIC1,-0.1,4116.8
2026-05-02T05:30:00Z,NEM,NSW1,56.06,7226.12
2026-05-02T05:30:00Z,NEM,QLD1,51.83,6138.62
2026-05-02T05:30:00Z,NEM,SA1,10.22,1560.27
2026-05-02T05:30:00Z,NEM,TAS1,88.24,964.64
2026-05-02T05:30:00Z,NEM,VIC1,-0.1,4125.91
2026-05-02T05:35:00Z,NEM,NSW1,37.89,7243.47
2026-05-02T05:35:00Z,NEM,QLD1,35.97,6115.12
2026-05-02T05:35:00Z,NEM,SA1,4.55,1564.61
2026-05-02T05:35:00Z,NEM,TAS1,88.24,974.23
2026-05-02T05:35:00Z,NEM,VIC1,-2.26,4088.04
2026-05-02T05:40:00Z,NEM,NSW1,41.32,7343.23
2026-05-02T05:40:00Z,NEM,QLD1,39.75,6287.4
2026-05-02T05:40:00Z,NEM,SA1,-1.02,1520.15
2026-05-02T05:40:00Z,NEM,TAS1,88.24,979.29
2026-05-02T05:40:00Z,NEM,VIC1,-2.29,4087.14
2026-05-02T05:45:00Z,NEM,NSW1,56.06,7349.73
2026-05-02T05:45:00Z,NEM,QLD1,55.19,6366.14
2026-05-02T05:45:00Z,NEM,SA1,-2.0,1542.76
2026-05-02T05:45:00Z,NEM,TAS1,88.24,994.22
2026-05-02T05:45:00Z,NEM,VIC1,-3.01,4164.3
2026-05-02T05:50:00Z,NEM,NSW1,57.51,7312.34
2026-05-02T05:50:00Z,NEM,QLD1,56.56,6396.46
2026-05-02T05:50:00Z,NEM,SA1,-2.0,1527.16
2026-05-02T05:50:00Z,NEM,TAS1,88.24,996.68
2026-05-02T05:50:00Z,NEM,VIC1,-3.01,4168.23
2026-05-02T05:55:00Z,NEM,NSW1,64.89,7310.08
2026-05-02T05:55:00Z,NEM,QLD1,63.99,6489.72
2026-05-02T05:55:00Z,NEM,SA1,9.72,1546.0
2026-05-02T05:55:00Z,NEM,TAS1,88.24,995.3
2026-05-02T05:55:00Z,NEM,VIC1,-3.01,4156.08
2026-05-02T06:00:00Z,NEM,NSW1,66.53,7432.24
2026-05-02T06:00:00Z,NEM,QLD1,64.83,6525.74
2026-05-02T06:00:00Z,NEM,SA1,10.59,1539.87
2026-05-02T06:00:00Z,NEM,TAS1,88.24,1006.66
2026-05-02T06:00:00Z,NEM,VIC1,-2.0,4301.92
2026-05-02T06:05:00Z,NEM,NSW1,57.51,7443.41
2026-05-02T06:05:00Z,NEM,QLD1,56.62,6627.88
2026-05-02T06:05:00Z,NEM,SA1,9.05,1530.58
2026-05-02T06:05:00Z,NEM,TAS1,85.92,1009.74
2026-05-02T06:05:00Z,NEM,VIC1,-2.0,4399.94
2026-05-02T06:10:00Z,NEM,NSW1,57.51,7560.44
2026-05-02T06:10:00Z,NEM,QLD1,55.33,6626.72
2026-05-02T06:10:00Z,NEM,SA1,-2.0,1538.02
2026-05-02T06:10:00Z,NEM,TAS1,85.91,1023.76
2026-05-02T06:10:00Z,NEM,VIC1,-2.0,4479.48
2026-05-02T06:15:00Z,NEM,NSW1,57.51,7590.27
2026-05-02T06:15:00Z,NEM,QLD1,56.55,6696.73
2026-05-02T06:15:00Z,NEM,SA1,18.2,1593.64
2026-05-02T06:15:00Z,NEM,TAS1,76.9,1026.45
2026-05-02T06:15:00Z,NEM,VIC1,-0.1,4537.2
2026-05-02T06:20:00Z,NEM,NSW1,71.4,7549.2
2026-05-02T06:20:00Z,NEM,QLD1,71.57,6764.89
2026-05-02T06:20:00Z,NEM,SA1,11.25,1533.67
2026-05-02T06:20:00Z,NEM,TAS1,74.63,1025.18
2026-05-02T06:20:00Z,NEM,VIC1,-2.29,4630.25
2026-05-02T06:25:00Z,NEM,NSW1,57.51,7632.95
2026-05-02T06:25:00Z,NEM,QLD1,56.96,6759.89
2026-05-02T06:25:00Z,NEM,SA1,8.51,1542.99
2026-05-02T06:25:00Z,NEM,TAS1,74.93,1027.72
2026-05-02T06:25:00Z,NEM,VIC1,-2.0,4717.62
2026-05-02T06:30:00Z,NEM,NSW1,56.72,7811.31
2026-05-02T06:30:00Z,NEM,QLD1,54.5,6751.33
2026-05-02T06:30:00Z,NEM,SA1,8.51,1535.74
2026-05-02T06:30:00Z,NEM,TAS1,74.93,1030.2
2026-05-02T06:30:00Z,NEM,VIC1,-2.0,4797.1
2026-05-02T06:35:00Z,NEM,NSW1,56.06,7823.85
2026-05-02T06:35:00Z,NEM,QLD1,55.99,6852.41
2026-05-02T06:35:00Z,NEM,SA1,9.54,1572.2
2026-05-02T06:35:00Z,NEM,TAS1,76.9,1042.47
2026-05-02T06:35:00Z,NEM,VIC1,-0.1,4849.46
2026-05-02T06:40:00Z,NEM,NSW1,61.1,7852.89
2026-05-02T06:40:00Z,NEM,QLD1,61.47,6925.45
2026-05-02T06:40:00Z,NEM,SA1,9.63,1550.19
2026-05-02T06:40:00Z,NEM,TAS1,74.25,1042.54
2026-05-02T06:40:00Z,NEM,VIC1,-2.0,4836.03
2026-05-02T06:45:00Z,NEM,NSW1,61.1,7955.86
2026-05-02T06:45:00Z,NEM,QLD1,60.8,6971.35
2026-05-02T06:45:00Z,NEM,SA1,10.5,1549.5
2026-05-02T06:45:00Z,NEM,TAS1,76.9,1060.14
2026-05-02T06:45:00Z,NEM,VIC1,-0.1,4901.94
2026-05-02T06:50:00Z,NEM,NSW1,65.06,8073.24
2026-05-02T06:50:00Z,NEM,QLD1,63.99,6979.31
2026-05-02T06:50:00Z,NEM,SA1,11.12,1557.23
2026-05-02T06:50:00Z,NEM,TAS1,87.9,1069.75
2026-05-02T06:50:00Z,NEM,VIC1,-0.1,4919.68
2026-05-02T06:55:00Z,NEM,NSW1,64.89,8037.18
2026-05-02T06:55:00Z,NEM,QLD1,65.09,7075.03
2026-05-02T06:55:00Z,NEM,SA1,8.51,1570.72
2026-05-02T06:55:00Z,NEM,TAS1,87.9,1067.33
2026-05-02T06:55:00Z,NEM,VIC1,-0.1,4988.42
2026-05-02T07:00:00Z,NEM,NSW1,64.89,7990.15
2026-05-02T07:00:00Z,NEM,QLD1,65.56,7143.82
2026-05-02T07:00:00Z,NEM,SA1,8.51,1577.41
2026-05-02T07:00:00Z,NEM,TAS1,87.9,1068.6
2026-05-02T07:00:00Z,NEM,VIC1,-0.1,5053.54
2026-05-02T07:05:00Z,NEM,NSW1,68.31,8099.09
2026-05-02T07:05:00Z,NEM,QLD1,68.66,7204.6
2026-05-02T07:05:00Z,NEM,SA1,8.51,1586.2
2026-05-02T07:05:00Z,NEM,TAS1,76.18,1078.14
2026-05-02T07:05:00Z,NEM,VIC1,-0.1,5068.95
2026-05-02T07:10:00Z,NEM,NSW1,64.99,8101.02
2026-05-02T07:10:00Z,NEM,QLD1,64.83,7104.02
2026-05-02T07:10:00Z,NEM,SA1,8.51,1596.36
2026-05-02T07:10:00Z,NEM,TAS1,76.18,1080.9
2026-05-02T07:10:00Z,NEM,VIC1,-0.1,5089.35
2026-05-02T07:15:00Z,NEM,NSW1,64.89,8144.45
2026-05-02T07:15:00Z,NEM,QLD1,64.83,7118.5
2026-05-02T07:15:00Z,NEM,SA1,-0.11,1583.83
2026-05-02T07:15:00Z,NEM,TAS1,76.18,1087.41
2026-05-02T07:15:00Z,NEM,VIC1,-0.1,5145.9
2026-05-02T07:20:00Z,NEM,NSW1,64.27,8131.9
2026-05-02T07:20:00Z,NEM,QLD1,64.83,7256.84
2026-05-02T07:20:00Z,NEM,SA1,-0.1,1568.49
2026-05-02T07:20:00Z,NEM,TAS1,76.9,1094.24
2026-05-02T07:20:00Z,NEM,VIC1,-0.1,5226.55
2026-05-02T07:25:00Z,NEM,NSW1,64.89,8147.18
2026-05-02T07:25:00Z,NEM,QLD1,64.84,7198.68
2026-05-02T07:25:00Z,NEM,SA1,-0.1,1578.05
2026-05-02T07:25:00Z,NEM,TAS1,76.9,1099.68
2026-05-02T07:25:00Z,NEM,VIC1,-0.1,5144.04
2026-05-02T07:30:00Z,NEM,NSW1,64.89,8219.34
2026-05-02T07:30:00Z,NEM,QLD1,64.83,7252.92
2026-05-02T07:30:00Z,NEM,SA1,-0.05,1583.29
2026-05-02T07:30:00Z,NEM,TAS1,76.95,1107.4
2026-05-02T07:30:00Z,NEM,VIC1,-0.05,5158.41
2026-05-02T07:35:00Z,NEM,NSW1,73.55,8243.02
2026-05-02T07:35:00Z,NEM,QLD1,73.63,7290.03
2026-05-02T07:35:00Z,NEM,SA1,0.0,1601.27
2026-05-02T07:35:00Z,NEM,TAS1,77.0,1112.13
2026-05-02T07:35:00Z,NEM,VIC1,0.0,5284.22
2026-05-02T07:40:00Z,NEM,NSW1,64.1,8318.34
2026-05-02T07:40:00Z,NEM,QLD1,63.8,7287.75
2026-05-02T07:40:00Z,NEM,SA1,0.01,1634.56
2026-05-02T07:40:00Z,NEM,TAS1,88.01,1125.1
2026-05-02T07:40:00Z,NEM,VIC1,0.01,5331.71
2026-05-02T07:45:00Z,NEM,NSW1,65.22,8407.22
2026-05-02T07:45:00Z,NEM,QLD1,63.8,7331.81
2026-05-02T07:45:00Z,NEM,SA1,0.0,1629.68
2026-05-02T07:45:00Z,NEM,TAS1,77.0,1129.02
2026-05-02T07:45:00Z,NEM,VIC1,0.0,5327.36
2026-05-02T07:50:00Z,NEM,NSW1,69.27,8399.55
2026-05-02T07:50:00Z,NEM,QLD1,68.66,7371.43
2026-05-02T07:50:00Z,NEM,SA1,0.0,1628.9
2026-05-02T07:50:00Z,NEM,TAS1,88.0,1134.5
2026-05-02T07:50:00Z,NEM,VIC1,0.0,5331.71
2026-05-02T07:55:00Z,NEM,NSW1,61.1,8329.75
2026-05-02T07:55:00Z,NEM,QLD1,60.5,7327.66
2026-05-02T07:55:00Z,NEM,SA1,0.0,1632.97
2026-05-02T07:55:00Z,NEM,TAS1,77.0,1133.42
2026-05-02T07:55:00Z,NEM,VIC1,0.0,5408.99
2026-05-02T08:00:00Z,NEM,NSW1,63.46,8313.89
2026-05-02T08:00:00Z,NEM,QLD1,64.83,7382.76
2026-05-02T08:00:00Z,NEM,SA1,0.0,1640.8
2026-05-02T08:00:00Z,NEM,TAS1,88.0,1148.1
2026-05-02T08:00:00Z,NEM,VIC1,0.0,5412.33
2026-05-02T08:05:00Z,NEM,NSW1,62.82,8403.67
2026-05-02T08:05:00Z,NEM,QLD1,64.83,7325.5
2026-05-02T08:05:00Z,NEM,SA1,0.0,1635.2
2026-05-02T08:05:00Z,NEM,TAS1,87.99,1146.1
2026-05-02T08:05:00Z,NEM,VIC1,-0.05,5367.3
2026-05-02T08:10:00Z,NEM,NSW1,61.96,8330.8
2026-05-02T08:10:00Z,NEM,QLD1,64.83,7368.13
2026-05-02T08:10:00Z,NEM,SA1,-0.01,1658.18
2026-05-02T08:10:00Z,NEM,TAS1,87.99,1139.43
2026-05-02T08:10:00Z,NEM,VIC1,-0.1,5307.11
2026-05-02T08:15:00Z,NEM,NSW1,61.1,8282.21
2026-05-02T08:15:00Z,NEM,QLD1,64.65,7334.88
2026-05-02T08:15:00Z,NEM,SA1,-0.11,1652.2
2026-05-02T08:15:00Z,NEM,TAS1,76.9,1132.45
2026-05-02T08:15:00Z,NEM,VIC1,-0.1,5336.6
2026-05-02T08:20:00Z,NEM,NSW1,61.1,8234.01
2026-05-02T08:20:00Z,NEM,QLD1,63.46,7312.83
2026-05-02T08:20:00Z,NEM,SA1,-0.1,1648.5
2026-05-02T08:20:00Z,NEM,TAS1,76.9,1128.75
2026-05-02T08:20:00Z,NEM,VIC1,-0.1,5401.45
2026-05-02T08:25:00Z,NEM,NSW1,61.1,8228.79
2026-05-02T08:25:00Z,NEM,QLD1,64.65,7264.76
2026-05-02T08:25:00Z,NEM,SA1,-0.11,1645.1
2026-05-02T08:25:00Z,NEM,TAS1,76.9,1124.8
2026-05-02T08:25:00Z,NEM,VIC1,-0.1,5331.75
2026-05-02T08:30:00Z,NEM,NSW1,61.1,8235.28
2026-05-02T08:30:00Z,NEM,QLD1,64.65,7285.08
2026-05-02T08:30:00Z,NEM,SA1,-0.1,1655.05
2026-05-02T08:30:00Z,NEM,TAS1,76.9,1118.46
2026-05-02T08:30:00Z,NEM,VIC1,-0.1,5208.22
2026-05-02T08:35:00Z,NEM,NSW1,61.2,8201.03
2026-05-02T08:35:00Z,NEM,QLD1,64.65,7235.48
2026-05-02T08:35:00Z,NEM,SA1,-0.1,1659.08
2026-05-02T08:35:00Z,NEM,TAS1,87.9,1108.2
2026-05-02T08:35:00Z,NEM,VIC1,-0.1,5186.62
2026-05-02T08:40:00Z,NEM,NSW1,61.1,8161.75
2026-05-02T08:40:00Z,NEM,QLD1,64.41,7159.1
2026-05-02T08:40:00Z,NEM,SA1,-0.11,1649.81
2026-05-02T08:40:00Z,NEM,TAS1,76.9,1096.17
2026-05-02T08:40:00Z,NEM,VIC1,-0.1,5188.54
2026-05-02T08:45:00Z,NEM,NSW1,61.1,8194.32
2026-05-02T08:45:00Z,NEM,QLD1,64.52,7204.55
2026-05-02T08:45:00Z,NEM,SA1,-0.11,1649.53
2026-05-02T08:45:00Z,NEM,TAS1,76.9,1093.87
2026-05-02T08:45:00Z,NEM,VIC1,-0.1,5253.09
2026-05-02T08:50:00Z,NEM,NSW1,50.27,8175.87
2026-05-02T08:50:00Z,NEM,QLD1,52.75,7192.58
2026-05-02T08:50:00Z,NEM,SA1,-0.05,1640.78
2026-05-02T08:50:00Z,NEM,TAS1,76.95,1095.34
2026-05-02T08:50:00Z,NEM,VIC1,-0.05,5230.67
2026-05-02T08:55:00Z,NEM,NSW1,53.43,8089.73
2026-05-02T08:55:00Z,NEM,QLD1,54.63,7071.48
2026-05-02T08:55:00Z,NEM,SA1,8.51,1670.31
2026-05-02T08:55:00Z,NEM,TAS1,88.24,1098.91
2026-05-02T08:55:00Z,NEM,VIC1,-0.1,5180.16
2026-05-02T09:00:00Z,NEM,NSW1,57.51,8020.14
2026-05-02T09:00:00Z,NEM,QLD1,59.54,7118.82
2026-05-02T09:00:00Z,NEM,SA1,-0.11,1668.42
2026-05-02T09:00:00Z,NEM,TAS1,87.9,1094.88
2026-05-02T09:00:00Z,NEM,VIC1,-0.1,5077.17
2026-05-02T09:05:00Z,NEM,NSW1,57.51,7977.2
2026-05-02T09:05:00Z,NEM,QLD1,58.02,7038.43
2026-05-02T09:05:00Z,NEM,SA1,-0.11,1655.09
2026-05-02T09:05:00Z,NEM,TAS1,87.9,1094.38
2026-05-02T09:05:00Z,NEM,VIC1,-0.1,5056.04
2026-05-02T09:10:00Z,NEM,NSW1,57.51,8032.78
2026-05-02T09:10:00Z,NEM,QLD1,57.66,7010.68
2026-05-02T09:10:00Z,NEM,SA1,-0.11,1636.04
2026-05-02T09:10:00Z,NEM,TAS1,87.9,1090.39
2026-05-02T09:10:00Z,NEM,VIC1,-0.1,5038.38
2026-05-02T09:15:00Z,NEM,NSW1,61.1,7994.56
2026-05-02T09:15:00Z,NEM,QLD1,63.15,7037.2
2026-05-02T09:15:00Z,NEM,SA1,-0.11,1635.82
2026-05-02T09:15:00Z,NEM,TAS1,87.9,1084.99
2026-05-02T09:15:00Z,NEM,VIC1,-0.1,5051.95
2026-05-02T09:20:00Z,NEM,NSW1,57.51,7960.82
2026-05-02T09:20:00Z,NEM,QLD1,59.39,6997.83
2026-05-02T09:20:00Z,NEM,SA1,-0.11,1635.47
2026-05-02T09:20:00Z,NEM,TAS1,76.9,1083.82
2026-05-02T09:20:00Z,NEM,VIC1,-0.1,5028.96
2026-05-02T09:25:00Z,NEM,NSW1,56.06,7971.63
2026-05-02T09:25:00Z,NEM,QLD1,56.82,6944.17
2026-05-02T09:25:00Z,NEM,SA1,8.51,1633.45
2026-05-02T09:25:00Z,NEM,TAS1,87.9,1085.58
2026-05-02T09:25:00Z,NEM,VIC1,-0.1,4976.92
2026-05-02T09:30:00Z,NEM,NSW1,56.06,7936.8
2026-05-02T09:30:00Z,NEM,QLD1,55.76,6921.08
2026-05-02T09:30:00Z,NEM,SA1,9.5,1649.82
2026-05-02T09:30:00Z,NEM,TAS1,76.9,1082.35
2026-05-02T09:30:00Z,NEM,VIC1,-0.1,5004.74
2026-05-02T09:35:00Z,NEM,NSW1,57.51,7866.58
2026-05-02T09:35:00Z,NEM,QLD1,56.45,6868.98
2026-05-02T09:35:00Z,NEM,SA1,8.51,1628.57
2026-05-02T09:35:00Z,NEM,TAS1,87.9,1085.51
2026-05-02T09:35:00Z,NEM,VIC1,-0.1,5001.67
2026-05-02T09:40:00Z,NEM,NSW1,57.51,7776.18
2026-05-02T09:40:00Z,NEM,QLD1,57.17,6922.25
2026-05-02T09:40:00Z,NEM,SA1,8.51,1615.3
2026-05-02T09:40:00Z,NEM,TAS1,87.9,1087.45
2026-05-02T09:40:00Z,NEM,VIC1,-0.1,5013.6
2026-05-02T09:45:00Z,NEM,NSW1,57.51,7776.59
2026-05-02T09:45:00Z,NEM,QLD1,57.46,6872.46
2026-05-02T09:45:00Z,NEM,SA1,-0.11,1587.77
2026-05-02T09:45:00Z,NEM,TAS1,87.9,1082.84
2026-05-02T09:45:00Z,NEM,VIC1,-0.1,4983.96
2026-05-02T09:50:00Z,NEM,NSW1,61.32,7764.01
2026-05-02T09:50:00Z,NEM,QLD1,64.65,6931.44
2026-05-02T09:50:00Z,NEM,SA1,-0.11,1585.89
2026-05-02T09:50:00Z,NEM,TAS1,76.9,1071.4
2026-05-02T09:50:00Z,NEM,VIC1,-0.1,4898.53
2026-05-02T09:55:00Z,NEM,NSW1,61.99,7821.99
2026-05-02T09:55:00Z,NEM,QLD1,64.65,6883.14
2026-05-02T09:55:00Z,NEM,SA1,0.0,1583.11
2026-05-02T09:55:00Z,NEM,TAS1,76.9,1068.54
2026-05-02T09:55:00Z,NEM,VIC1,-0.1,4924.03
2026-05-02T10:00:00Z,NEM,NSW1,57.51,7701.55
2026-05-02T10:00:00Z,NEM,QLD1,59.35,6867.02
2026-05-02T10:00:00Z,NEM,SA1,-0.11,1597.3
2026-05-02T10:00:00Z,NEM,TAS1,76.9,1072.42
2026-05-02T10:00:00Z,NEM,VIC1,-0.1,4851.87
2026-05-02T10:05:00Z,NEM,NSW1,56.06,7741.47
2026-05-02T10:05:00Z,NEM,QLD1,57.37,6828.34
2026-05-02T10:05:00Z,NEM,SA1,-0.11,1566.51
2026-05-02T10:05:00Z,NEM,TAS1,87.9,1080.15
2026-05-02T10:05:00Z,NEM,VIC1,-0.1,4827.39
2026-05-02T10:10:00Z,NEM,NSW1,61.1,7682.11
2026-05-02T10:10:00Z,NEM,QLD1,64.65,6837.28
2026-05-02T10:10:00Z,NEM,SA1,-0.11,1585.61
2026-05-02T10:10:00Z,NEM,TAS1,87.9,1078.24
2026-05-02T10:10:00Z,NEM,VIC1,-0.1,4873.73
2026-05-02T10:15:00Z,NEM,NSW1,61.1,7764.94
2026-05-02T10:15:00Z,NEM,QLD1,63.23,6775.67
2026-05-02T10:15:00Z,NEM,SA1,-0.56,1540.36
2026-05-02T10:15:00Z,NEM,TAS1,87.45,1077.18
2026-05-02T10:15:00Z,NEM,VIC1,-0.53,4789.93
2026-05-02T10:20:00Z,NEM,NSW1,57.51,7717.7
2026-05-02T10:20:00Z,NEM,QLD1,59.12,6750.79
2026-05-02T10:20:00Z,NEM,SA1,-2.0,1554.28
2026-05-02T10:20:00Z,NEM,TAS1,75.1,1079.0
2026-05-02T10:20:00Z,NEM,VIC1,-1.83,4716.73
2026-05-02T10:25:00Z,NEM,NSW1,56.06,7703.2
2026-05-02T10:25:00Z,NEM,QLD1,56.9,6725.36
2026-05-02T10:25:00Z,NEM,SA1,-2.0,1549.32
2026-05-02T10:25:00Z,NEM,TAS1,74.21,1075.31
2026-05-02T10:25:00Z,NEM,VIC1,-2.0,4756.28
2026-05-02T10:30:00Z,NEM,NSW1,56.06,7712.35
2026-05-02T10:30:00Z,NEM,QLD1,56.55,6734.85
2026-05-02T10:30:00Z,NEM,SA1,-2.0,1565.29
2026-05-02T10:30:00Z,NEM,TAS1,74.4,1062.58
2026-05-02T10:30:00Z,NEM,VIC1,-1.82,4693.39
2026-05-02T10:35:00Z,NEM,NSW1,56.06,7622.26
2026-05-02T10:35:00Z,NEM,QLD1,56.19,6715.05
2026-05-02T10:35:00Z,NEM,SA1,-2.0,1542.49
2026-05-02T10:35:00Z,NEM,TAS1,75.1,1054.96
2026-05-02T10:35:00Z,NEM,VIC1,-1.84,4748.09
2026-05-02T10:40:00Z,NEM,NSW1,56.06,7662.01
2026-05-02T10:40:00Z,NEM,QLD1,56.98,6814.41
2026-05-02T10:40:00Z,NEM,SA1,-2.01,1559.99
2026-05-02T10:40:00Z,NEM,TAS1,63.79,1053.16
2026-05-02T10:40:00Z,NEM,VIC1,-12.1,4367.97
2026-05-02T10:45:00Z,NEM,NSW1,56.03,7596.55
2026-05-02T10:45:00Z,NEM,QLD1,56.23,6798.37
2026-05-02T10:45:00Z,NEM,SA1,-3.0,1557.86
2026-05-02T10:45:00Z,NEM,TAS1,63.79,1051.24
2026-05-02T10:45:00Z,NEM,VIC1,-12.1,4350.2
2026-05-02T10:50:00Z,NEM,NSW1,56.06,7663.22
2026-05-02T10:50:00Z,NEM,QLD1,55.19,6717.43
2026-05-02T10:50:00Z,NEM,SA1,-3.0,1523.15
2026-05-02T10:50:00Z,NEM,TAS1,74.19,1057.08
2026-05-02T10:50:00Z,NEM,VIC1,-2.71,4401.96
2026-05-02T10:55:00Z,NEM,NSW1,56.06,7620.01
2026-05-02T10:55:00Z,NEM,QLD1,55.9,6782.8
2026-05-02T10:55:00Z,NEM,SA1,-3.0,1506.4
2026-05-02T10:55:00Z,NEM,TAS1,85.11,1057.12
2026-05-02T10:55:00Z,NEM,VIC1,-2.79,4425.55
2026-05-02T11:00:00Z,NEM,NSW1,54.83,7563.16
2026-05-02T11:00:00Z,NEM,QLD1,54.63,6746.74
2026-05-02T11:00:00Z,NEM,SA1,-2.16,1488.88
2026-05-02T11:00:00Z,NEM,TAS1,85.93,1056.28
2026-05-02T11:00:00Z,NEM,VIC1,-2.0,4483.26
2026-05-02T11:05:00Z,NEM,NSW1,57.51,7585.26
2026-05-02T11:05:00Z,NEM,QLD1,59.05,6716.84
2026-05-02T11:05:00Z,NEM,SA1,-2.0,1502.3
2026-05-02T11:05:00Z,NEM,TAS1,86.07,1050.82
2026-05-02T11:05:00Z,NEM,VIC1,-1.86,4425.73
2026-05-02T11:10:00Z,NEM,NSW1,57.51,7543.09
2026-05-02T11:10:00Z,NEM,QLD1,59.82,6779.15
2026-05-02T11:10:00Z,NEM,SA1,-2.74,1507.74
2026-05-02T11:10:00Z,NEM,TAS1,74.42,1047.07
2026-05-02T11:10:00Z,NEM,VIC1,-2.5,4330.02
2026-05-02T11:15:00Z,NEM,NSW1,57.51,7547.89
2026-05-02T11:15:00Z,NEM,QLD1,59.03,6694.47
2026-05-02T11:15:00Z,NEM,SA1,-2.0,1507.21
2026-05-02T11:15:00Z,NEM,TAS1,74.34,1041.87
2026-05-02T11:15:00Z,NEM,VIC1,-1.86,4395.04
2026-05-02T11:20:00Z,NEM,NSW1,56.03,7440.56
2026-05-02T11:20:00Z,NEM,QLD1,57.82,6699.98
2026-05-02T11:20:00Z,NEM,SA1,-0.1,1506.94
2026-05-02T11:20:00Z,NEM,TAS1,76.16,1041.91
2026-05-02T11:20:00Z,NEM,VIC1,-0.1,4525.25
2026-05-02T11:25:00Z,NEM,NSW1,56.06,7429.74
2026-05-02T11:25:00Z,NEM,QLD1,56.78,6651.43
2026-05-02T11:25:00Z,NEM,SA1,-2.0,1509.36
2026-05-02T11:25:00Z,NEM,TAS1,74.31,1042.85
2026-05-02T11:25:00Z,NEM,VIC1,-1.89,4542.41
2026-05-02T11:30:00Z,NEM,NSW1,56.06,7407.1
2026-05-02T11:30:00Z,NEM,QLD1,57.17,6699.21
2026-05-02T11:30:00Z,NEM,SA1,-0.11,1515.57
2026-05-02T11:30:00Z,NEM,TAS1,76.9,1034.06
2026-05-02T11:30:00Z,NEM,VIC1,-0.1,4613.81
2026-05-02T11:35:00Z,NEM,NSW1,53.4,7399.4
2026-05-02T11:35:00Z,NEM,QLD1,52.75,6619.88
2026-05-02T11:35:00Z,NEM,SA1,-2.0,1501.11
2026-05-02T11:35:00Z,NEM,TAS1,86.07,1026.04
2026-05-02T11:35:00Z,NEM,VIC1,-1.86,4486.19
2026-05-02T11:40:00Z,NEM,NSW1,57.51,7412.27
2026-05-02T11:40:00Z,NEM,QLD1,58.01,6642.39
2026-05-02T11:40:00Z,NEM,SA1,-2.0,1494.98
2026-05-02T11:40:00Z,NEM,TAS1,86.08,1026.89
2026-05-02T11:40:00Z,NEM,VIC1,-1.85,4540.86
2026-05-02T11:45:00Z,NEM,NSW1,56.06,7346.9
2026-05-02T11:45:00Z,NEM,QLD1,56.44,6675.97
2026-05-02T11:45:00Z,NEM,SA1,-2.0,1490.76
2026-05-02T11:45:00Z,NEM,TAS1,85.92,1025.04
2026-05-02T11:45:00Z,NEM,VIC1,-2.0,4551.67
2026-05-02T11:50:00Z,NEM,NSW1,56.06,7367.58
2026-05-02T11:50:00Z,NEM,QLD1,56.72,6624.02
2026-05-02T11:50:00Z,NEM,SA1,-2.01,1477.92
2026-05-02T11:50:00Z,NEM,TAS1,86.06,1025.86
2026-05-02T11:50:00Z,NEM,VIC1,-1.87,4479.91
2026-05-02T11:55:00Z,NEM,NSW1,57.51,7360.79
2026-05-02T11:55:00Z,NEM,QLD1,58.58,6669.8
2026-05-02T11:55:00Z,NEM,SA1,-2.0,1471.91
2026-05-02T11:55:00Z,NEM,TAS1,86.05,1025.38
2026-05-02T11:55:00Z,NEM,VIC1,-1.87,4500.96
2026-05-02T12:00:00Z,NEM,NSW1,56.06,7321.98
2026-05-02T12:00:00Z,NEM,QLD1,56.67,6568.58
2026-05-02T12:00:00Z,NEM,SA1,-2.01,1467.02
2026-05-02T12:00:00Z,NEM,TAS1,86.05,1020.96
2026-05-02T12:00:00Z,NEM,VIC1,-1.88,4510.47
2026-05-02T12:05:00Z,NEM,NSW1,38.3,7267.6
2026-05-02T12:05:00Z,NEM,QLD1,38.18,6464.02
2026-05-02T12:05:00Z,NEM,SA1,-2.09,1472.48
2026-05-02T12:05:00Z,NEM,TAS1,85.92,1014.83
2026-05-02T12:05:00Z,NEM,VIC1,-2.0,4480.55
2026-05-02T12:10:00Z,NEM,NSW1,57.51,7421.3
2026-05-02T12:10:00Z,NEM,QLD1,58.1,6498.63
2026-05-02T12:10:00Z,NEM,SA1,-5.13,1440.89
2026-05-02T12:10:00Z,NEM,TAS1,82.95,1009.08
2026-05-02T12:10:00Z,NEM,VIC1,-4.87,4470.93
2026-05-02T12:15:00Z,NEM,NSW1,57.03,7442.35
2026-05-02T12:15:00Z,NEM,QLD1,56.88,6439.43
2026-05-02T12:15:00Z,NEM,SA1,-10.23,1426.28
2026-05-02T12:15:00Z,NEM,TAS1,78.09,1011.5
2026-05-02T12:15:00Z,NEM,VIC1,-9.55,4437.19
2026-05-02T12:20:00Z,NEM,NSW1,40.04,7424.83
2026-05-02T12:20:00Z,NEM,QLD1,40.43,6451.63
2026-05-02T12:20:00Z,NEM,SA1,-3.0,1429.46
2026-05-02T12:20:00Z,NEM,TAS1,84.99,1004.29
2026-05-02T12:20:00Z,NEM,VIC1,-2.9,4454.15
2026-05-02T12:25:00Z,NEM,NSW1,57.51,7413.99
2026-05-02T12:25:00Z,NEM,QLD1,58.91,6413.73
2026-05-02T12:25:00Z,NEM,SA1,-3.0,1426.72
2026-05-02T12:25:00Z,NEM,TAS1,73.99,990.93
2026-05-02T12:25:00Z,NEM,VIC1,-2.9,4468.05
2026-05-02T12:30:00Z,NEM,NSW1,39.93,7334.12
2026-05-02T12:30:00Z,NEM,QLD1,40.0,6345.67
2026-05-02T12:30:00Z,NEM,SA1,-3.01,1428.66
2026-05-02T12:30:00Z,NEM,TAS1,74.12,980.34
2026-05-02T12:30:00Z,NEM,VIC1,-2.79,4484.42
2026-05-02T12:35:00Z,NEM,NSW1,53.58,7385.72
2026-05-02T12:35:00Z,NEM,QLD1,52.75,6323.87
2026-05-02T12:35:00Z,NEM,SA1,-3.0,1434.51
2026-05-02T12:35:00Z,NEM,TAS1,85.0,982.11
2026-05-02T12:35:00Z,NEM,VIC1,-2.88,4481.09
2026-05-02T12:40:00Z,NEM,NSW1,57.51,7373.88
2026-05-02T12:40:00Z,NEM,QLD1,57.68,6411.97
2026-05-02T12:40:00Z,NEM,SA1,-3.0,1412.86
2026-05-02T12:40:00Z,NEM,TAS1,84.99,982.39
2026-05-02T12:40:00Z,NEM,VIC1,-2.89,4507.04
2026-05-02T12:45:00Z,NEM,NSW1,56.03,7332.19
2026-05-02T12:45:00Z,NEM,QLD1,55.79,6356.99
2026-05-02T12:45:00Z,NEM,SA1,-3.01,1421.94
2026-05-02T12:45:00Z,NEM,TAS1,84.98,974.45
2026-05-02T12:45:00Z,NEM,VIC1,-2.9,4508.89
2026-05-02T12:50:00Z,NEM,NSW1,56.03,7303.75
2026-05-02T12:50:00Z,NEM,QLD1,56.74,6273.88
2026-05-02T12:50:00Z,NEM,SA1,-3.0,1417.83
2026-05-02T12:50:00Z,NEM,TAS1,74.02,968.8
2026-05-02T12:50:00Z,NEM,VIC1,-2.88,4510.89
2026-05-02T12:55:00Z,NEM,NSW1,52.51,7209.5
2026-05-02T12:55:00Z,NEM,QLD1,52.75,6180.97
2026-05-02T12:55:00Z,NEM,SA1,-2.38,1421.43
2026-05-02T12:55:00Z,NEM,TAS1,74.63,973.15
2026-05-02T12:55:00Z,NEM,VIC1,-2.29,4376.89
2026-05-02T13:00:00Z,NEM,NSW1,55.25,7195.26
2026-05-02T13:00:00Z,NEM,QLD1,55.53,6223.85
2026-05-02T13:00:00Z,NEM,SA1,-10.23,1425.7
2026-05-02T13:00:00Z,NEM,TAS1,67.47,977.13
2026-05-02T13:00:00Z,NEM,VIC1,-9.22,4309.89
2026-05-02T13:05:00Z,NEM,NSW1,38.3,7224.03
2026-05-02T13:05:00Z,NEM,QLD1,37.08,6187.7
2026-05-02T13:05:00Z,NEM,SA1,-5.14,1419.95
2026-05-02T13:05:00Z,NEM,TAS1,82.99,974.28
2026-05-02T13:05:00Z,NEM,VIC1,-4.83,4454.83
2026-05-02T13:10:00Z,NEM,NSW1,55.61,7254.89
2026-05-02T13:10:00Z,NEM,QLD1,54.5,6161.66
2026-05-02T13:10:00Z,NEM,SA1,-3.0,1392.48
2026-05-02T13:10:00Z,NEM,TAS1,84.98,967.29
2026-05-02T13:10:00Z,NEM,VIC1,-2.91,4529.61
2026-05-02T13:15:00Z,NEM,NSW1,56.03,7176.13
2026-05-02T13:15:00Z,NEM,QLD1,55.57,6160.98
2026-05-02T13:15:00Z,NEM,SA1,-2.0,1401.61
2026-05-02T13:15:00Z,NEM,TAS1,74.91,961.21
2026-05-02T13:15:00Z,NEM,VIC1,-2.02,4617.75
2026-05-02T13:20:00Z,NEM,NSW1,56.03,7167.08
2026-05-02T13:20:00Z,NEM,QLD1,55.19,6109.48
2026-05-02T13:20:00Z,NEM,SA1,-2.0,1398.17
2026-05-02T13:20:00Z,NEM,TAS1,85.86,971.48
2026-05-02T13:20:00Z,NEM,VIC1,-2.06,4625.83
2026-05-02T13:25:00Z,NEM,NSW1,56.06,7160.89
2026-05-02T13:25:00Z,NEM,QLD1,54.85,6080.38
2026-05-02T13:25:00Z,NEM,SA1,-2.0,1406.29
2026-05-02T13:25:00Z,NEM,TAS1,74.88,958.95
2026-05-02T13:25:00Z,NEM,VIC1,-2.05,4606.26
2026-05-02T13:30:00Z,NEM,NSW1,56.63,7157.82
2026-05-02T13:30:00Z,NEM,QLD1,55.53,6086.01
2026-05-02T13:30:00Z,NEM,SA1,-1.93,1427.81
2026-05-02T13:30:00Z,NEM,TAS1,74.93,956.08
2026-05-02T13:30:00Z,NEM,VIC1,-2.0,4638.53
2026-05-02T13:35:00Z,NEM,NSW1,40.04,7121.62
2026-05-02T13:35:00Z,NEM,QLD1,38.43,6061.3
2026-05-02T13:35:00Z,NEM,SA1,-0.1,1461.5
2026-05-02T13:35:00Z,NEM,TAS1,76.9,947.76
2026-05-02T13:35:00Z,NEM,VIC1,-0.1,4566.86
2026-05-02T13:40:00Z,NEM,NSW1,56.64,7043.06
2026-05-02T13:40:00Z,NEM,QLD1,55.76,6113.74
2026-05-02T13:40:00Z,NEM,SA1,-0.1,1492.85
2026-05-02T13:40:00Z,NEM,TAS1,76.9,946.21
2026-05-02T13:40:00Z,NEM,VIC1,-0.1,4554.64
2026-05-02T13:45:00Z,NEM,NSW1,56.06,6996.13
2026-05-02T13:45:00Z,NEM,QLD1,55.15,6077.96
2026-05-02T13:45:00Z,NEM,SA1,-0.1,1481.74
2026-05-02T13:45:00Z,NEM,TAS1,76.9,944.26
2026-05-02T13:45:00Z,NEM,VIC1,-0.1,4559.95
2026-05-02T13:50:00Z,NEM,NSW1,56.03,6942.14
2026-05-02T13:50:00Z,NEM,QLD1,55.12,6100.99
2026-05-02T13:50:00Z,NEM,SA1,-0.1,1456.72
2026-05-02T13:50:00Z,NEM,TAS1,76.9,944.15
2026-05-02T13:50:00Z,NEM,VIC1,-0.1,4539.78
2026-05-02T13:55:00Z,NEM,NSW1,56.06,6967.64
2026-05-02T13:55:00Z,NEM,QLD1,54.79,6068.8
2026-05-02T13:55:00Z,NEM,SA1,-0.1,1448.0
2026-05-02T13:55:00Z,NEM,TAS1,87.9,944.63
2026-05-02T13:55:00Z,NEM,VIC1,-0.1,4494.3
2026-05-02T14:00:00Z,NEM,NSW1,22.81,6924.44
2026-05-02T14:00:00Z,NEM,QLD1,21.73,6031.32
2026-05-02T14:00:00Z,NEM,SA1,-0.1,1454.34
2026-05-02T14:00:00Z,NEM,TAS1,87.9,952.67
2026-05-02T14:00:00Z,NEM,VIC1,-0.1,4500.15
2026-05-02T14:05:00Z,NEM,NSW1,49.41,6988.21
2026-05-02T14:05:00Z,NEM,QLD1,48.22,5977.04
2026-05-02T14:05:00Z,NEM,SA1,-0.1,1452.41
2026-05-02T14:05:00Z,NEM,TAS1,87.9,947.86
2026-05-02T14:05:00Z,NEM,VIC1,-0.1,4431.24
2026-05-02T14:10:00Z,NEM,NSW1,55.08,6997.61
2026-05-02T14:10:00Z,NEM,QLD1,52.75,5947.62
2026-05-02T14:10:00Z,NEM,SA1,0.0,1444.54
2026-05-02T14:10:00Z,NEM,TAS1,87.95,952.16
2026-05-02T14:10:00Z,NEM,VIC1,-0.05,4456.59
2026-05-02T14:15:00Z,NEM,NSW1,56.03,6968.79
2026-05-02T14:15:00Z,NEM,QLD1,52.75,5922.63
2026-05-02T14:15:00Z,NEM,SA1,0.0,1443.67
2026-05-02T14:15:00Z,NEM,TAS1,88.0,949.65
2026-05-02T14:15:00Z,NEM,VIC1,0.0,4417.72
2026-05-02T14:20:00Z,NEM,NSW1,56.03,6994.74
2026-05-02T14:20:00Z,NEM,QLD1,52.75,5886.92
2026-05-02T14:20:00Z,NEM,SA1,-0.01,1484.07
2026-05-02T14:20:00Z,NEM,TAS1,87.99,940.89
2026-05-02T14:20:00Z,NEM,VIC1,-0.01,4311.01
2026-05-02T14:25:00Z,NEM,NSW1,38.51,6916.47
2026-05-02T14:25:00Z,NEM,QLD1,36.09,5791.94
2026-05-02T14:25:00Z,NEM,SA1,0.0,1485.02
2026-05-02T14:25:00Z,NEM,TAS1,88.0,941.78
2026-05-02T14:25:00Z,NEM,VIC1,0.0,4353.21
2026-05-02T14:30:00Z,NEM,NSW1,45.44,6895.93
2026-05-02T14:30:00Z,NEM,QLD1,42.86,5816.57
2026-05-02T14:30:00Z,NEM,SA1,0.0,1474.29
2026-05-02T14:30:00Z,NEM,TAS1,88.0,940.04
2026-05-02T14:30:00Z,NEM,VIC1,0.0,4341.4
2026-05-02T14:35:00Z,NEM,NSW1,56.06,6965.98
2026-05-02T14:35:00Z,NEM,QLD1,52.75,5837.28
2026-05-02T14:35:00Z,NEM,SA1,0.0,1463.05
2026-05-02T14:35:00Z,NEM,TAS1,88.0,934.04
2026-05-02T14:35:00Z,NEM,VIC1,0.0,4275.88
2026-05-02T14:40:00Z,NEM,NSW1,56.06,6978.61
2026-05-02T14:40:00Z,NEM,QLD1,52.75,5801.91
2026-05-02T14:40:00Z,NEM,SA1,0.0,1461.08
2026-05-02T14:40:00Z,NEM,TAS1,88.0,927.62
2026-05-02T14:40:00Z,NEM,VIC1,0.0,4308.03
2026-05-02T14:45:00Z,NEM,NSW1,45.44,6831.71
2026-05-02T14:45:00Z,NEM,QLD1,42.81,5752.46
2026-05-02T14:45:00Z,NEM,SA1,0.0,1450.89
2026-05-02T14:45:00Z,NEM,TAS1,88.0,919.09
2026-05-02T14:45:00Z,NEM,VIC1,0.0,4258.3
2026-05-02T14:50:00Z,NEM,NSW1,55.56,6878.08
2026-05-02T14:50:00Z,NEM,QLD1,52.73,5811.02
2026-05-02T14:50:00Z,NEM,SA1,-0.01,1459.44
2026-05-02T14:50:00Z,NEM,TAS1,76.23,905.62
2026-05-02T14:50:00Z,NEM,VIC1,-0.05,4253.97
2026-05-02T14:55:00Z,NEM,NSW1,55.98,6852.31
2026-05-02T14:55:00Z,NEM,QLD1,52.73,5731.8
2026-05-02T14:55:00Z,NEM,SA1,-0.01,1470.0
2026-05-02T14:55:00Z,NEM,TAS1,76.22,904.12
2026-05-02T14:55:00Z,NEM,VIC1,-0.05,4216.11
2026-05-02T15:00:00Z,NEM,NSW1,42.22,6801.85
2026-05-02T15:00:00Z,NEM,QLD1,39.75,5723.4
2026-05-02T15:00:00Z,NEM,SA1,-0.01,1465.53
2026-05-02T15:00:00Z,NEM,TAS1,76.22,899.76
2026-05-02T15:00:00Z,NEM,VIC1,-0.05,4125.31
2026-05-02T15:05:00Z,NEM,NSW1,42.74,6786.26
2026-05-02T15:05:00Z,NEM,QLD1,40.0,5748.65
2026-05-02T15:05:00Z,NEM,SA1,-0.1,1443.82
2026-05-02T15:05:00Z,NEM,TAS1,76.19,897.21
2026-05-02T15:05:00Z,NEM,VIC1,-0.1,4107.03
2026-05-02T15:10:00Z,NEM,NSW1,38.51,6697.28
2026-05-02T15:10:00Z,NEM,QLD1,36.48,5748.95
2026-05-02T15:10:00Z,NEM,SA1,-0.1,1440.53
2026-05-02T15:10:00Z,NEM,TAS1,76.18,894.03
2026-05-02T15:10:00Z,NEM,VIC1,-0.1,4124.41
2026-05-02T15:15:00Z,NEM,NSW1,38.51,6716.19
2026-05-02T15:15:00Z,NEM,QLD1,36.22,5674.52
2026-05-02T15:15:00Z,NEM,SA1,-0.1,1429.9
2026-05-02T15:15:00Z,NEM,TAS1,76.9,905.01
2026-05-02T15:15:00Z,NEM,VIC1,-0.1,4101.45
2026-05-02T15:20:00Z,NEM,NSW1,42.0,6600.36
2026-05-02T15:20:00Z,NEM,QLD1,39.75,5701.34
2026-05-02T15:20:00Z,NEM,SA1,-0.1,1425.59
2026-05-02T15:20:00Z,NEM,TAS1,76.9,905.34
2026-05-02T15:20:00Z,NEM,VIC1,-0.1,4138.15
2026-05-02T15:25:00Z,NEM,NSW1,42.24,6597.24
2026-05-02T15:25:00Z,NEM,QLD1,39.75,5725.97
2026-05-02T15:25:00Z,NEM,SA1,-0.1,1428.4
2026-05-02T15:25:00Z,NEM,TAS1,76.9,909.71
2026-05-02T15:25:00Z,NEM,VIC1,-0.1,4104.16
2026-05-02T15:30:00Z,NEM,NSW1,38.5,6490.01
2026-05-02T15:30:00Z,NEM,QLD1,36.9,5750.94
2026-05-02T15:30:00Z,NEM,SA1,-0.1,1417.55
2026-05-02T15:30:00Z,NEM,TAS1,76.9,908.41
2026-05-02T15:30:00Z,NEM,VIC1,-0.1,4070.83
2026-05-02T15:35:00Z,NEM,NSW1,42.33,6495.29
2026-05-02T15:35:00Z,NEM,QLD1,39.75,5646.49
2026-05-02T15:35:00Z,NEM,SA1,-0.1,1408.66
2026-05-02T15:35:00Z,NEM,TAS1,87.9,904.91
2026-05-02T15:35:00Z,NEM,VIC1,-0.1,4066.43
2026-05-02T15:40:00Z,NEM,NSW1,57.51,6678.55
2026-05-02T15:40:00Z,NEM,QLD1,52.75,5689.82
2026-05-02T15:40:00Z,NEM,SA1,-0.1,1413.24
2026-05-02T15:40:00Z,NEM,TAS1,87.9,899.47
2026-05-02T15:40:00Z,NEM,VIC1,-0.1,4004.43
2026-05-02T15:45:00Z,NEM,NSW1,56.03,6687.83
2026-05-02T15:45:00Z,NEM,QLD1,51.2,5640.43
2026-05-02T15:45:00Z,NEM,SA1,-0.1,1417.8
2026-05-02T15:45:00Z,NEM,TAS1,87.9,903.11
2026-05-02T15:45:00Z,NEM,VIC1,-0.1,4029.67
2026-05-02T15:50:00Z,NEM,NSW1,56.06,6684.52
2026-05-02T15:50:00Z,NEM,QLD1,51.2,5630.78
2026-05-02T15:50:00Z,NEM,SA1,-0.1,1411.61
2026-05-02T15:50:00Z,NEM,TAS1,87.9,905.52
2026-05-02T15:50:00Z,NEM,VIC1,-0.1,3912.62
2026-05-02T15:55:00Z,NEM,NSW1,56.03,6600.35
2026-05-02T15:55:00Z,NEM,QLD1,51.2,5645.27
2026-05-02T15:55:00Z,NEM,SA1,-0.1,1411.93
2026-05-02T15:55:00Z,NEM,TAS1,87.9,901.96
2026-05-02T15:55:00Z,NEM,VIC1,-0.1,3873.76
2026-05-02T16:00:00Z,NEM,NSW1,43.7,6536.38
2026-05-02T16:00:00Z,NEM,QLD1,39.75,5598.15
2026-05-02T16:00:00Z,NEM,SA1,-0.1,1393.86
2026-05-02T16:00:00Z,NEM,TAS1,87.9,898.07
2026-05-02T16:00:00Z,NEM,VIC1,-0.1,3902.63
2026-05-02T16:05:00Z,NEM,NSW1,57.51,6564.8
2026-05-02T16:05:00Z,NEM,QLD1,52.63,5579.96
2026-05-02T16:05:00Z,NEM,SA1,-0.01,1382.27
2026-05-02T16:05:00Z,NEM,TAS1,88.24,903.63
2026-05-02T16:05:00Z,NEM,VIC1,-0.1,3909.03
2026-05-02T16:10:00Z,NEM,NSW1,56.23,6470.27
2026-05-02T16:10:00Z,NEM,QLD1,51.43,5573.63
2026-05-02T16:10:00Z,NEM,SA1,-0.1,1386.63
2026-05-02T16:10:00Z,NEM,TAS1,87.9,896.14
2026-05-02T16:10:00Z,NEM,VIC1,-0.1,3904.27
2026-05-02T16:15:00Z,NEM,NSW1,56.06,6384.59
2026-05-02T16:15:00Z,NEM,QLD1,51.61,5611.57
2026-05-02T16:15:00Z,NEM,SA1,-1.98,1385.02
2026-05-02T16:15:00Z,NEM,TAS1,74.93,897.25
2026-05-02T16:15:00Z,NEM,VIC1,-2.0,3897.64
2026-05-02T16:20:00Z,NEM,NSW1,56.03,6353.89
2026-05-02T16:20:00Z,NEM,QLD1,51.56,5582.4
2026-05-02T16:20:00Z,NEM,SA1,-1.98,1378.98
2026-05-02T16:20:00Z,NEM,TAS1,74.93,899.24
2026-05-02T16:20:00Z,NEM,VIC1,-2.0,3863.34
2026-05-02T16:25:00Z,NEM,NSW1,56.03,6292.09
2026-05-02T16:25:00Z,NEM,QLD1,51.57,5603.45
2026-05-02T16:25:00Z,NEM,SA1,-1.97,1371.11
2026-05-02T16:25:00Z,NEM,TAS1,74.93,904.37
2026-05-02T16:25:00Z,NEM,VIC1,-2.0,3853.25
2026-05-02T16:30:00Z,NEM,NSW1,56.06,6292.33
2026-05-02T16:30:00Z,NEM,QLD1,51.89,5561.92
2026-05-02T16:30:00Z,NEM,SA1,-2.0,1358.05
2026-05-02T16:30:00Z,NEM,TAS1,85.88,902.92
2026-05-02T16:30:00Z,NEM,VIC1,-2.05,3828.91
2026-05-02T16:35:00Z,NEM,NSW1,56.06,6259.51
2026-05-02T16:35:00Z,NEM,QLD1,52.56,5582.41
2026-05-02T16:35:00Z,NEM,SA1,-2.01,1341.28
2026-05-02T16:35:00Z,NEM,TAS1,85.93,904.54
2026-05-02T16:35:00Z,NEM,VIC1,-1.99,3770.33
2026-05-02T16:40:00Z,NEM,NSW1,56.03,6254.51
2026-05-02T16:40:00Z,NEM,QLD1,51.58,5520.48
2026-05-02T16:40:00Z,NEM,SA1,-2.0,1345.74
2026-05-02T16:40:00Z,NEM,TAS1,85.8,908.04
2026-05-02T16:40:00Z,NEM,VIC1,-2.11,3821.23
2026-05-02T16:45:00Z,NEM,NSW1,56.06,6252.54
2026-05-02T16:45:00Z,NEM,QLD1,51.88,5561.06
2026-05-02T16:45:00Z,NEM,SA1,-2.0,1341.69
2026-05-02T16:45:00Z,NEM,TAS1,85.92,914.59
2026-05-02T16:45:00Z,NEM,VIC1,-2.0,3821.31
2026-05-02T16:50:00Z,NEM,NSW1,56.06,6238.54
2026-05-02T16:50:00Z,NEM,QLD1,51.86,5532.61
2026-05-02T16:50:00Z,NEM,SA1,-2.01,1319.1
2026-05-02T16:50:00Z,NEM,TAS1,85.82,919.79
2026-05-02T16:50:00Z,NEM,VIC1,-2.1,3763.9
2026-05-02T16:55:00Z,NEM,NSW1,56.06,6261.51
2026-05-02T16:55:00Z,NEM,QLD1,51.22,5539.45
2026-05-02T16:55:00Z,NEM,SA1,-1.82,1325.4
2026-05-02T16:55:00Z,NEM,TAS1,85.92,921.89
2026-05-02T16:55:00Z,NEM,VIC1,-2.0,3860.74
2026-05-02T17:00:00Z,NEM,NSW1,56.06,6213.54
2026-05-02T17:00:00Z,NEM,QLD1,51.57,5584.59
2026-05-02T17:00:00Z,NEM,SA1,-2.0,1332.88
2026-05-02T17:00:00Z,NEM,TAS1,85.72,922.42
2026-05-02T17:00:00Z,NEM,VIC1,-2.2,3801.42
2026-05-02T17:05:00Z,NEM,NSW1,56.06,6266.38
2026-05-02T17:05:00Z,NEM,QLD1,51.19,5497.19
2026-05-02T17:05:00Z,NEM,SA1,-2.0,1314.53
2026-05-02T17:05:00Z,NEM,TAS1,74.08,918.88
2026-05-02T17:05:00Z,NEM,VIC1,-2.15,3815.46
2026-05-02T17:10:00Z,NEM,NSW1,56.06,6239.71
2026-05-02T17:10:00Z,NEM,QLD1,51.54,5544.09
2026-05-02T17:10:00Z,NEM,SA1,-2.0,1311.16
2026-05-02T17:10:00Z,NEM,TAS1,74.09,911.47
2026-05-02T17:10:00Z,NEM,VIC1,-2.13,3793.28
2026-05-02T17:15:00Z,NEM,NSW1,56.06,6128.41
2026-05-02T17:15:00Z,NEM,QLD1,51.83,5529.29
2026-05-02T17:15:00Z,NEM,SA1,-2.01,1303.46
2026-05-02T17:15:00Z,NEM,TAS1,74.17,915.3
2026-05-02T17:15:00Z,NEM,VIC1,-2.06,3725.26
2026-05-02T17:20:00Z,NEM,NSW1,57.51,6288.14
2026-05-02T17:20:00Z,NEM,QLD1,52.75,5522.6
2026-05-02T17:20:00Z,NEM,SA1,-2.0,1293.18
2026-05-02T17:20:00Z,NEM,TAS1,74.16,913.16
2026-05-02T17:20:00Z,NEM,VIC1,-2.08,3787.14
2026-05-02T17:25:00Z,NEM,NSW1,56.06,6249.06
2026-05-02T17:25:00Z,NEM,QLD1,51.5,5494.76
2026-05-02T17:25:00Z,NEM,SA1,-2.01,1292.68
2026-05-02T17:25:00Z,NEM,TAS1,74.11,908.17
2026-05-02T17:25:00Z,NEM,VIC1,-2.12,3830.89
2026-05-02T17:30:00Z,NEM,NSW1,56.06,6236.65
2026-05-02T17:30:00Z,NEM,QLD1,51.52,5517.92
2026-05-02T17:30:00Z,NEM,SA1,-3.0,1300.14
2026-05-02T17:30:00Z,NEM,TAS1,73.19,905.45
2026-05-02T17:30:00Z,NEM,VIC1,-3.02,3797.48
2026-05-02T17:35:00Z,NEM,NSW1,53.92,6118.64
2026-05-02T17:35:00Z,NEM,QLD1,49.52,5507.58
2026-05-02T17:35:00Z,NEM,SA1,-4.0,1282.7
2026-05-02T17:35:00Z,NEM,TAS1,72.12,904.05
2026-05-02T17:35:00Z,NEM,VIC1,-4.05,3798.54
2026-05-02T17:40:00Z,NEM,NSW1,56.03,6082.5
2026-05-02T17:40:00Z,NEM,QLD1,51.44,5509.62
2026-05-02T17:40:00Z,NEM,SA1,-2.23,1272.41
2026-05-02T17:40:00Z,NEM,TAS1,73.92,900.73
2026-05-02T17:40:00Z,NEM,VIC1,-2.29,3791.54
2026-05-02T17:45:00Z,NEM,NSW1,56.06,6096.13
2026-05-02T17:45:00Z,NEM,QLD1,52.16,5557.83
2026-05-02T17:45:00Z,NEM,SA1,-2.23,1276.78
2026-05-02T17:45:00Z,NEM,TAS1,73.92,901.62
2026-05-02T17:45:00Z,NEM,VIC1,-2.29,3795.51
2026-05-02T17:50:00Z,NEM,NSW1,56.06,6160.52
2026-05-02T17:50:00Z,NEM,QLD1,51.47,5501.31
2026-05-02T17:50:00Z,NEM,SA1,-2.98,1285.58
2026-05-02T17:50:00Z,NEM,TAS1,73.21,902.68
2026-05-02T17:50:00Z,NEM,VIC1,-3.01,3779.05
2026-05-02T17:55:00Z,NEM,NSW1,56.03,6094.1
2026-05-02T17:55:00Z,NEM,QLD1,51.11,5501.05
2026-05-02T17:55:00Z,NEM,SA1,-3.01,1281.5
2026-05-02T17:55:00Z,NEM,TAS1,73.27,897.28
2026-05-02T17:55:00Z,NEM,VIC1,-2.93,3654.47
2026-05-02T18:00:00Z,NEM,NSW1,56.03,6116.37
2026-05-02T18:00:00Z,NEM,QLD1,51.13,5500.45
2026-05-02T18:00:00Z,NEM,SA1,-3.01,1298.34
2026-05-02T18:00:00Z,NEM,TAS1,73.3,901.6
2026-05-02T18:00:00Z,NEM,VIC1,-2.9,3618.04
2026-05-02T18:05:00Z,NEM,NSW1,57.02,6097.69
2026-05-02T18:05:00Z,NEM,QLD1,52.75,5581.06
2026-05-02T18:05:00Z,NEM,SA1,-3.0,1281.05
2026-05-02T18:05:00Z,NEM,TAS1,71.85,905.29
2026-05-02T18:05:00Z,NEM,VIC1,-3.04,3633.85
2026-05-02T18:10:00Z,NEM,NSW1,56.06,6119.59
2026-05-02T18:10:00Z,NEM,QLD1,51.15,5489.58
2026-05-02T18:10:00Z,NEM,SA1,-2.27,1294.71
2026-05-02T18:10:00Z,NEM,TAS1,84.63,904.69
2026-05-02T18:10:00Z,NEM,VIC1,-2.29,3705.73
2026-05-02T18:15:00Z,NEM,NSW1,56.03,5961.64
2026-05-02T18:15:00Z,NEM,QLD1,51.43,5517.02
2026-05-02T18:15:00Z,NEM,SA1,-2.01,1290.3
2026-05-02T18:15:00Z,NEM,TAS1,72.87,901.84
2026-05-02T18:15:00Z,NEM,VIC1,-2.05,3719.37
2026-05-02T18:20:00Z,NEM,NSW1,56.06,6015.26
2026-05-02T18:20:00Z,NEM,QLD1,51.16,5519.27
2026-05-02T18:20:00Z,NEM,SA1,-2.24,1298.85
2026-05-02T18:20:00Z,NEM,TAS1,84.65,911.93
2026-05-02T18:20:00Z,NEM,VIC1,-2.26,3693.48
2026-05-02T18:25:00Z,NEM,NSW1,56.03,6000.26
2026-05-02T18:25:00Z,NEM,QLD1,50.78,5489.38
2026-05-02T18:25:00Z,NEM,SA1,-2.01,1295.27
2026-05-02T18:25:00Z,NEM,TAS1,84.85,920.86
2026-05-02T18:25:00Z,NEM,VIC1,-2.06,3743.14
2026-05-02T18:30:00Z,NEM,NSW1,56.03,6007.44
2026-05-02T18:30:00Z,NEM,QLD1,50.45,5487.87
2026-05-02T18:30:00Z,NEM,SA1,-2.01,1291.77
2026-05-02T18:30:00Z,NEM,TAS1,84.87,919.63
2026-05-02T18:30:00Z,NEM,VIC1,-2.05,3727.74
2026-05-02T18:35:00Z,NEM,NSW1,51.75,5990.72
2026-05-02T18:35:00Z,NEM,QLD1,46.92,5521.7
2026-05-02T18:35:00Z,NEM,SA1,-3.0,1310.96
2026-05-02T18:35:00Z,NEM,TAS1,83.87,929.44
2026-05-02T18:35:00Z,NEM,VIC1,-3.02,3713.68
2026-05-02T18:40:00Z,NEM,NSW1,56.03,6015.65
2026-05-02T18:40:00Z,NEM,QLD1,50.82,5530.85
2026-05-02T18:40:00Z,NEM,SA1,-3.0,1300.61
2026-05-02T18:40:00Z,NEM,TAS1,71.95,926.92
2026-05-02T18:40:00Z,NEM,VIC1,-2.95,3641.48
2026-05-02T18:45:00Z,NEM,NSW1,57.51,6094.6
2026-05-02T18:45:00Z,NEM,QLD1,52.18,5532.79
2026-05-02T18:45:00Z,NEM,SA1,-3.0,1309.8
2026-05-02T18:45:00Z,NEM,TAS1,71.93,922.56
2026-05-02T18:45:00Z,NEM,VIC1,-2.97,3635.49
2026-05-02T18:50:00Z,NEM,NSW1,44.12,6016.2
2026-05-02T18:50:00Z,NEM,QLD1,39.75,5513.92
2026-05-02T18:50:00Z,NEM,SA1,-2.01,1296.84
2026-05-02T18:50:00Z,NEM,TAS1,72.88,932.73
2026-05-02T18:50:00Z,NEM,VIC1,-2.05,3726.59
2026-05-02T18:55:00Z,NEM,NSW1,56.06,6123.79
2026-05-02T18:55:00Z,NEM,QLD1,50.53,5509.98
2026-05-02T18:55:00Z,NEM,SA1,-1.1,1306.1
2026-05-02T18:55:00Z,NEM,TAS1,73.84,932.84
2026-05-02T18:55:00Z,NEM,VIC1,-1.12,3725.23
2026-05-02T19:00:00Z,NEM,NSW1,56.79,6170.55
2026-05-02T19:00:00Z,NEM,QLD1,51.2,5510.93
2026-05-02T19:00:00Z,NEM,SA1,-2.25,1318.05
2026-05-02T19:00:00Z,NEM,TAS1,84.66,935.09
2026-05-02T19:00:00Z,NEM,VIC1,-2.26,3688.14
2026-05-02T19:05:00Z,NEM,NSW1,56.06,6150.28
2026-05-02T19:05:00Z,NEM,QLD1,51.2,5536.67
2026-05-02T19:05:00Z,NEM,SA1,-1.05,1307.38
2026-05-02T19:05:00Z,NEM,TAS1,73.88,923.38
2026-05-02T19:05:00Z,NEM,VIC1,-1.08,3780.59
2026-05-02T19:10:00Z,NEM,NSW1,56.06,6086.44
2026-05-02T19:10:00Z,NEM,QLD1,51.2,5525.84
2026-05-02T19:10:00Z,NEM,SA1,-2.01,1306.18
2026-05-02T19:10:00Z,NEM,TAS1,84.85,929.52
2026-05-02T19:10:00Z,NEM,VIC1,-2.08,3723.57
2026-05-02T19:15:00Z,NEM,NSW1,56.06,6121.09
2026-05-02T19:15:00Z,NEM,QLD1,50.83,5494.63
2026-05-02T19:15:00Z,NEM,SA1,-3.0,1298.64
2026-05-02T19:15:00Z,NEM,TAS1,71.74,927.06
2026-05-02T19:15:00Z,NEM,VIC1,-3.15,3774.44
2026-05-02T19:20:00Z,NEM,NSW1,56.41,6178.74
2026-05-02T19:20:00Z,NEM,QLD1,51.2,5541.47
2026-05-02T19:20:00Z,NEM,SA1,-3.0,1303.28
2026-05-02T19:20:00Z,NEM,TAS1,71.86,922.83
2026-05-02T19:20:00Z,NEM,VIC1,-3.04,3709.8
2026-05-02T19:25:00Z,NEM,NSW1,56.06,6069.33
2026-05-02T19:25:00Z,NEM,QLD1,51.2,5604.34
2026-05-02T19:25:00Z,NEM,SA1,-3.0,1311.76
2026-05-02T19:25:00Z,NEM,TAS1,71.93,919.01
2026-05-02T19:25:00Z,NEM,VIC1,-2.97,3700.92
2026-05-02T19:30:00Z,NEM,NSW1,56.06,6119.27
2026-05-02T19:30:00Z,NEM,QLD1,51.2,5602.22
2026-05-02T19:30:00Z,NEM,SA1,-3.0,1308.35
2026-05-02T19:30:00Z,NEM,TAS1,71.87,914.48
2026-05-02T19:30:00Z,NEM,VIC1,-3.03,3790.8
2026-05-02T19:35:00Z,NEM,NSW1,56.03,6203.44
2026-05-02T19:35:00Z,NEM,QLD1,51.19,5537.44
2026-05-02T19:35:00Z,NEM,SA1,-2.01,1300.16
2026-05-02T19:35:00Z,NEM,TAS1,72.91,904.27
2026-05-02T19:35:00Z,NEM,VIC1,-2.03,3776.39
2026-05-02T19:40:00Z,NEM,NSW1,56.03,6199.36
2026-05-02T19:40:00Z,NEM,QLD1,51.2,5607.93
2026-05-02T19:40:00Z,NEM,SA1,-2.01,1279.75
2026-05-02T19:40:00Z,NEM,TAS1,72.94,904.22
2026-05-02T19:40:00Z,NEM,VIC1,-2.0,3715.51
2026-05-02T19:45:00Z,NEM,NSW1,57.51,6269.77
2026-05-02T19:45:00Z,NEM,QLD1,51.97,5628.24
2026-05-02T19:45:00Z,NEM,SA1,-3.0,1277.38
2026-05-02T19:45:00Z,NEM,TAS1,71.19,913.2
2026-05-02T19:45:00Z,NEM,VIC1,-3.01,3739.97
2026-05-02T19:50:00Z,NEM,NSW1,56.64,6242.07
2026-05-02T19:50:00Z,NEM,QLD1,51.2,5604.07
2026-05-02T19:50:00Z,NEM,SA1,-2.01,1282.67
2026-05-02T19:50:00Z,NEM,TAS1,72.89,915.15
2026-05-02T19:50:00Z,NEM,VIC1,-2.04,3752.88
2026-05-02T19:55:00Z,NEM,NSW1,56.06,6292.3
2026-05-02T19:55:00Z,NEM,QLD1,50.94,5578.67
2026-05-02T19:55:00Z,NEM,SA1,-2.01,1280.51
2026-05-02T19:55:00Z,NEM,TAS1,72.88,917.92
2026-05-02T19:55:00Z,NEM,VIC1,-2.05,3783.4
2026-05-02T20:00:00Z,NEM,NSW1,56.06,6260.74
2026-05-02T20:00:00Z,NEM,QLD1,51.3,5635.37
2026-05-02T20:00:00Z,NEM,SA1,-3.0,1275.25
2026-05-02T20:00:00Z,NEM,TAS1,71.86,928.82
2026-05-02T20:00:00Z,NEM,VIC1,-3.03,3710.33
2026-05-02T20:05:00Z,NEM,NSW1,56.06,6232.37
2026-05-02T20:05:00Z,NEM,QLD1,50.91,5566.27
2026-05-02T20:05:00Z,NEM,SA1,-2.01,1270.92
2026-05-02T20:05:00Z,NEM,TAS1,72.84,930.93
2026-05-02T20:05:00Z,NEM,VIC1,-2.08,3791.95
2026-05-02T20:10:00Z,NEM,NSW1,57.14,6259.15
2026-05-02T20:10:00Z,NEM,QLD1,51.95,5631.95
2026-05-02T20:10:00Z,NEM,SA1,-1.1,1263.49
2026-05-02T20:10:00Z,NEM,TAS1,85.82,939.2
2026-05-02T20:10:00Z,NEM,VIC1,-1.14,3789.98
2026-05-02T20:15:00Z,NEM,NSW1,56.06,6427.57
2026-05-02T20:15:00Z,NEM,QLD1,51.2,5633.57
2026-05-02T20:15:00Z,NEM,SA1,-1.1,1271.5
2026-05-02T20:15:00Z,NEM,TAS1,85.83,950.96
2026-05-02T20:15:00Z,NEM,VIC1,-1.12,3761.84
2026-05-02T20:20:00Z,NEM,NSW1,57.51,6385.49
2026-05-02T20:20:00Z,NEM,QLD1,52.73,5659.66
2026-05-02T20:20:00Z,NEM,SA1,-2.22,1285.36
2026-05-02T20:20:00Z,NEM,TAS1,71.95,953.93
2026-05-02T20:20:00Z,NEM,VIC1,-2.26,3767.34
2026-05-02T20:25:00Z,NEM,NSW1,56.06,6384.11
2026-05-02T20:25:00Z,NEM,QLD1,49.4,5636.38
2026-05-02T20:25:00Z,NEM,SA1,-1.05,1283.07
2026-05-02T20:25:00Z,NEM,TAS1,73.17,953.57
2026-05-02T20:25:00Z,NEM,VIC1,-1.09,3853.44
2026-05-02T20:30:00Z,NEM,NSW1,57.51,6441.56
2026-05-02T20:30:00Z,NEM,QLD1,51.2,5670.44
2026-05-02T20:30:00Z,NEM,SA1,-2.23,1279.06
2026-05-02T20:30:00Z,NEM,TAS1,71.95,953.37
2026-05-02T20:30:00Z,NEM,VIC1,-2.26,3777.73
2026-05-02T20:35:00Z,NEM,NSW1,56.06,6493.67
2026-05-02T20:35:00Z,NEM,QLD1,50.07,5642.91
2026-05-02T20:35:00Z,NEM,SA1,-2.18,1273.57
2026-05-02T20:35:00Z,NEM,TAS1,84.62,944.37
2026-05-02T20:35:00Z,NEM,VIC1,-2.29,3935.11
2026-05-02T20:40:00Z,NEM,NSW1,56.06,6503.57
2026-05-02T20:40:00Z,NEM,QLD1,49.75,5646.15
2026-05-02T20:40:00Z,NEM,SA1,-2.16,1259.38
2026-05-02T20:40:00Z,NEM,TAS1,71.93,946.85
2026-05-02T20:40:00Z,NEM,VIC1,-2.29,3876.87
2026-05-02T20:45:00Z,NEM,NSW1,56.06,6537.66
2026-05-02T20:45:00Z,NEM,QLD1,49.45,5662.08
2026-05-02T20:45:00Z,NEM,SA1,-2.16,1298.14
2026-05-02T20:45:00Z,NEM,TAS1,71.92,941.49
2026-05-02T20:45:00Z,NEM,VIC1,-2.29,3852.31
2026-05-02T20:50:00Z,NEM,NSW1,57.51,6437.89
2026-05-02T20:50:00Z,NEM,QLD1,51.05,5682.68
2026-05-02T20:50:00Z,NEM,SA1,-2.15,1296.4
2026-05-02T20:50:00Z,NEM,TAS1,71.96,937.35
2026-05-02T20:50:00Z,NEM,VIC1,-2.26,3909.17
2026-05-02T20:55:00Z,NEM,NSW1,56.06,6408.72
2026-05-02T20:55:00Z,NEM,QLD1,48.74,5596.16
2026-05-02T20:55:00Z,NEM,SA1,-2.01,1306.15
2026-05-02T20:55:00Z,NEM,TAS1,72.8,945.47
2026-05-02T20:55:00Z,NEM,VIC1,-2.13,3953.63
2026-05-02T21:00:00Z,NEM,NSW1,56.06,6496.39
2026-05-02T21:00:00Z,NEM,QLD1,49.05,5550.64
2026-05-02T21:00:00Z,NEM,SA1,-1.87,1296.82
2026-05-02T21:00:00Z,NEM,TAS1,72.93,952.42
2026-05-02T21:00:00Z,NEM,VIC1,-2.0,3960.17
2026-05-02T21:05:00Z,NEM,NSW1,57.51,6490.0
2026-05-02T21:05:00Z,NEM,QLD1,50.3,5532.07
2026-05-02T21:05:00Z,NEM,SA1,-2.01,1313.55
2026-05-02T21:05:00Z,NEM,TAS1,72.03,951.73
2026-05-02T21:05:00Z,NEM,VIC1,-2.19,3935.6
2026-05-02T21:10:00Z,NEM,NSW1,56.06,6427.81
2026-05-02T21:10:00Z,NEM,QLD1,48.38,5526.9
2026-05-02T21:10:00Z,NEM,SA1,-1.1,1313.58
2026-05-02T21:10:00Z,NEM,TAS1,73.74,957.5
2026-05-02T21:10:00Z,NEM,VIC1,-1.22,3953.08
2026-05-02T21:15:00Z,NEM,NSW1,56.06,6481.85
2026-05-02T21:15:00Z,NEM,QLD1,47.46,5520.6
2026-05-02T21:15:00Z,NEM,SA1,-1.1,1333.03
2026-05-02T21:15:00Z,NEM,TAS1,73.04,959.95
2026-05-02T21:15:00Z,NEM,VIC1,-1.23,3984.16
2026-05-02T21:20:00Z,NEM,NSW1,56.03,6493.25
2026-05-02T21:20:00Z,NEM,QLD1,42.6,5448.76
2026-05-02T21:20:00Z,NEM,SA1,-1.02,1326.53
2026-05-02T21:20:00Z,NEM,TAS1,73.07,956.84
2026-05-02T21:20:00Z,NEM,VIC1,-1.18,4023.08
2026-05-02T21:25:00Z,NEM,NSW1,56.06,6488.39
2026-05-02T21:25:00Z,NEM,QLD1,5.23,5383.86
2026-05-02T21:25:00Z,NEM,SA1,-0.09,1323.79
2026-05-02T21:25:00Z,NEM,TAS1,74.2,963.83
2026-05-02T21:25:00Z,NEM,VIC1,-0.1,4016.88
2026-05-02T21:30:00Z,NEM,NSW1,25.01,6401.04
2026-05-02T21:30:00Z,NEM,QLD1,0.89,5426.82
2026-05-02T21:30:00Z,NEM,SA1,-0.09,1319.68
2026-05-02T21:30:00Z,NEM,TAS1,74.9,969.58
2026-05-02T21:30:00Z,NEM,VIC1,-0.1,3996.99
2026-05-02T21:35:00Z,NEM,NSW1,56.06,6435.3
2026-05-02T21:35:00Z,NEM,QLD1,0.74,5365.43
2026-05-02T21:35:00Z,NEM,SA1,-0.04,1333.19
2026-05-02T21:35:00Z,NEM,TAS1,74.25,981.06
2026-05-02T21:35:00Z,NEM,VIC1,-0.05,3989.68
2026-05-02T21:40:00Z,NEM,NSW1,56.06,6447.6
2026-05-02T21:40:00Z,NEM,QLD1,-2.01,5258.54
2026-05-02T21:40:00Z,NEM,SA1,0.0,1328.21
2026-05-02T21:40:00Z,NEM,TAS1,74.23,962.67
2026-05-02T21:40:00Z,NEM,VIC1,-0.05,3968.78
2026-05-02T21:45:00Z,NEM,NSW1,38.51,6346.58
2026-05-02T21:45:00Z,NEM,QLD1,-1.8,5230.66
2026-05-02T21:45:00Z,NEM,SA1,6.5,1303.21
2026-05-02T21:45:00Z,NEM,TAS1,74.28,962.95
2026-05-02T21:45:00Z,NEM,VIC1,0.0,4045.14
2026-05-02T21:50:00Z,NEM,NSW1,56.03,6390.37
2026-05-02T21:50:00Z,NEM,QLD1,37.93,5220.47
2026-05-02T21:50:00Z,NEM,SA1,-0.04,1305.74
2026-05-02T21:50:00Z,NEM,TAS1,74.23,970.36
2026-05-02T21:50:00Z,NEM,VIC1,-0.05,3998.66
2026-05-02T21:55:00Z,NEM,NSW1,38.5,6300.43
2026-05-02T21:55:00Z,NEM,QLD1,5.25,5058.33
2026-05-02T21:55:00Z,NEM,SA1,-0.09,1276.67
2026-05-02T21:55:00Z,NEM,TAS1,74.18,978.26
2026-05-02T21:55:00Z,NEM,VIC1,-0.1,3908.67
2026-05-02T22:00:00Z,NEM,NSW1,0.92,6265.17
2026-05-02T22:00:00Z,NEM,QLD1,0.74,5042.46
2026-05-02T22:00:00Z,NEM,SA1,-0.09,1273.03
2026-05-02T22:00:00Z,NEM,TAS1,74.9,988.23
2026-05-02T22:00:00Z,NEM,VIC1,-0.1,3896.76
2026-05-02T22:05:00Z,NEM,NSW1,40.54,6367.74
2026-05-02T22:05:00Z,NEM,QLD1,-2.01,5004.99
2026-05-02T22:05:00Z,NEM,SA1,-0.09,1258.36
2026-05-02T22:05:00Z,NEM,TAS1,86.9,998.76
2026-05-02T22:05:00Z,NEM,VIC1,-0.1,3902.1
2026-05-02T22:10:00Z,NEM,NSW1,23.88,6289.71
2026-05-02T22:10:00Z,NEM,QLD1,-1.8,5053.28
2026-05-02T22:10:00Z,NEM,SA1,-0.04,1225.15
2026-05-02T22:10:00Z,NEM,TAS1,86.95,1004.72
2026-05-02T22:10:00Z,NEM,VIC1,-0.05,3981.86
2026-05-02T22:15:00Z,NEM,NSW1,15.24,6248.73
2026-05-02T22:15:00Z,NEM,QLD1,-2.01,5030.39
2026-05-02T22:15:00Z,NEM,SA1,-0.01,1216.1
2026-05-02T22:15:00Z,NEM,TAS1,87.0,1007.42
2026-05-02T22:15:00Z,NEM,VIC1,0.0,3978.27
2026-05-02T22:20:00Z,NEM,NSW1,15.24,6173.49
2026-05-02T22:20:00Z,NEM,QLD1,0.0,5091.79
2026-05-02T22:20:00Z,NEM,SA1,-0.01,1208.47
2026-05-02T22:20:00Z,NEM,TAS1,87.0,1032.1
2026-05-02T22:20:00Z,NEM,VIC1,0.0,3854.62
2026-05-02T22:25:00Z,NEM,NSW1,15.24,6241.99
2026-05-02T22:25:00Z,NEM,QLD1,0.74,5066.7
2026-05-02T22:25:00Z,NEM,SA1,-0.01,1215.8
2026-05-02T22:25:00Z,NEM,TAS1,87.0,1031.64
2026-05-02T22:25:00Z,NEM,VIC1,0.0,3892.85
2026-05-02T22:30:00Z,NEM,NSW1,23.88,6196.34
2026-05-02T22:30:00Z,NEM,QLD1,-2.01,5000.64
2026-05-02T22:30:00Z,NEM,SA1,-1.02,1193.39
2026-05-02T22:30:00Z,NEM,TAS1,74.95,1027.8
2026-05-02T22:30:00Z,NEM,VIC1,-0.05,3842.35
2026-05-02T22:35:00Z,NEM,NSW1,0.92,6218.32
2026-05-02T22:35:00Z,NEM,QLD1,0.0,4876.75
2026-05-02T22:35:00Z,NEM,SA1,0.0,1169.19
2026-05-02T22:35:00Z,NEM,TAS1,74.29,1026.54
2026-05-02T22:35:00Z,NEM,VIC1,0.0,3830.55
2026-05-02T22:40:00Z,NEM,NSW1,15.24,6199.54
2026-05-02T22:40:00Z,NEM,QLD1,0.0,4773.38
2026-05-02T22:40:00Z,NEM,SA1,0.0,1146.93
2026-05-02T22:40:00Z,NEM,TAS1,74.28,1025.19
2026-05-02T22:40:00Z,NEM,VIC1,0.0,3874.8
2026-05-02T22:45:00Z,NEM,NSW1,0.92,6103.35
2026-05-02T22:45:00Z,NEM,QLD1,0.0,4758.7
2026-05-02T22:45:00Z,NEM,SA1,0.0,1103.46
2026-05-02T22:45:00Z,NEM,TAS1,74.28,1036.53
2026-05-02T22:45:00Z,NEM,VIC1,0.0,3884.95
2026-05-02T22:50:00Z,NEM,NSW1,0.92,6126.24
2026-05-02T22:50:00Z,NEM,QLD1,0.0,4739.75
2026-05-02T22:50:00Z,NEM,SA1,0.0,1110.81
2026-05-02T22:50:00Z,NEM,TAS1,74.28,1034.67
2026-05-02T22:50:00Z,NEM,VIC1,0.0,4003.23
2026-05-02T22:55:00Z,NEM,NSW1,0.92,6137.88
2026-05-02T22:55:00Z,NEM,QLD1,0.0,4637.16
2026-05-02T22:55:00Z,NEM,SA1,-1.0,1090.61
2026-05-02T22:55:00Z,NEM,TAS1,75.78,1037.98
2026-05-02T22:55:00Z,NEM,VIC1,0.75,4068.35
2026-05-02T23:00:00Z,NEM,NSW1,0.92,6013.34
2026-05-02T23:00:00Z,NEM,QLD1,0.0,4690.79
2026-05-02T23:00:00Z,NEM,SA1,-1.1,1062.78
2026-05-02T23:00:00Z,NEM,TAS1,75.8,1044.52
2026-05-02T23:00:00Z,NEM,VIC1,0.77,4178.42
2026-05-02T23:05:00Z,NEM,NSW1,1.41,5951.42
2026-05-02T23:05:00Z,NEM,QLD1,-1.8,4533.79
2026-05-02T23:05:00Z,NEM,SA1,-3.0,1036.0
2026-05-02T23:05:00Z,NEM,TAS1,88.24,1043.76
2026-05-02T23:05:00Z,NEM,VIC1,1.18,4298.93
2026-05-02T23:10:00Z,NEM,NSW1,1.45,5966.99
2026-05-02T23:10:00Z,NEM,QLD1,0.0,4507.52
2026-05-02T23:10:00Z,NEM,SA1,-0.01,1042.52
2026-05-02T23:10:00Z,NEM,TAS1,88.24,1046.05
2026-05-02T23:10:00Z,NEM,VIC1,1.19,4334.31
2026-05-02T23:15:00Z,NEM,NSW1,28.01,6037.52
2026-05-02T23:15:00Z,NEM,QLD1,-1.8,4428.26
2026-05-02T23:15:00Z,NEM,SA1,-2.01,975.9
2026-05-02T23:15:00Z,NEM,TAS1,88.24,1036.6
2026-05-02T23:15:00Z,NEM,VIC1,1.18,4308.08
2026-05-02T23:20:00Z,NEM,NSW1,23.88,5921.62
2026-05-02T23:20:00Z,NEM,QLD1,0.0,4451.0
2026-05-02T23:20:00Z,NEM,SA1,-2.01,964.67
2026-05-02T23:20:00Z,NEM,TAS1,96.07,1043.37
2026-05-02T23:20:00Z,NEM,VIC1,8.69,4432.27
2026-05-02T23:25:00Z,NEM,NSW1,10.78,5908.54
2026-05-02T23:25:00Z,NEM,QLD1,0.0,4464.3
2026-05-02T23:25:00Z,NEM,SA1,-3.0,935.1
2026-05-02T23:25:00Z,NEM,TAS1,96.07,1033.15
2026-05-02T23:25:00Z,NEM,VIC1,8.69,4446.75
2026-05-02T23:30:00Z,NEM,NSW1,0.92,5992.37
2026-05-02T23:30:00Z,NEM,QLD1,0.0,4441.73
2026-05-02T23:30:00Z,NEM,SA1,-3.0,941.36
2026-05-02T23:30:00Z,NEM,TAS1,88.24,1028.47
2026-05-02T23:30:00Z,NEM,VIC1,1.17,4473.84
2026-05-02T23:35:00Z,NEM,NSW1,40.54,6052.5
2026-05-02T23:35:00Z,NEM,QLD1,-2.01,4289.96
2026-05-02T23:35:00Z,NEM,SA1,-2.01,941.24
2026-05-02T23:35:00Z,NEM,TAS1,88.24,1025.45
2026-05-02T23:35:00Z,NEM,VIC1,1.16,4521.89
2026-05-02T23:40:00Z,NEM,NSW1,40.54,6052.52
2026-05-02T23:40:00Z,NEM,QLD1,-2.01,4301.49
2026-05-02T23:40:00Z,NEM,SA1,-2.01,914.98
2026-05-02T23:40:00Z,NEM,TAS1,88.58,1026.3
2026-05-02T23:40:00Z,NEM,VIC1,1.49,4667.03
2026-05-02T23:45:00Z,NEM,NSW1,37.89,6010.46
2026-05-02T23:45:00Z,NEM,QLD1,-2.0,4352.51
2026-05-02T23:45:00Z,NEM,SA1,-3.0,869.84
2026-05-02T23:45:00Z,NEM,TAS1,96.14,1008.77
2026-05-02T23:45:00Z,NEM,VIC1,8.69,4681.36
2026-05-02T23:50:00Z,NEM,NSW1,11.3,5955.2
2026-05-02T23:50:00Z,NEM,QLD1,-2.45,4310.01
2026-05-02T23:50:00Z,NEM,SA1,-4.0,841.85
2026-05-02T23:50:00Z,NEM,TAS1,96.14,1019.37
2026-05-02T23:50:00Z,NEM,VIC1,8.69,4618.57
2026-05-02T23:55:00Z,NEM,NSW1,10.51,5846.16
2026-05-02T23:55:00Z,NEM,QLD1,-2.44,4279.53
2026-05-02T23:55:00Z,NEM,SA1,-3.01,813.38
2026-05-02T23:55:00Z,NEM,TAS1,96.12,1011.51
2026-05-02T23:55:00Z,NEM,VIC1,8.69,4698.14
2026-05-03T00:00:00Z,NEM,NSW1,1.4,5813.45
2026-05-03T00:00:00Z,NEM,QLD1,-2.45,4202.57
2026-05-03T00:00:00Z,NEM,SA1,-4.0,781.32
2026-05-03T00:00:00Z,NEM,TAS1,88.24,1011.58
2026-05-03T00:00:00Z,NEM,VIC1,1.18,4715.44
2026-05-03T00:05:00Z,NEM,NSW1,0.92,5772.07
2026-05-03T00:05:00Z,NEM,QLD1,-2.0,4244.05
2026-05-03T00:05:00Z,NEM,SA1,-4.0,756.75
2026-05-03T00:05:00Z,NEM,TAS1,88.24,1007.29
2026-05-03T00:05:00Z,NEM,VIC1,0.77,4684.13
2026-05-03T00:10:00Z,NEM,NSW1,11.3,5955.91
2026-05-03T00:10:00Z,NEM,QLD1,-2.01,4314.03
2026-05-03T00:10:00Z,NEM,SA1,-4.0,789.31
2026-05-03T00:10:00Z,NEM,TAS1,96.12,1004.34
2026-05-03T00:10:00Z,NEM,VIC1,8.69,4644.82
2026-05-03T00:15:00Z,NEM,NSW1,11.3,5805.75
2026-05-03T00:15:00Z,NEM,QLD1,0.0,4323.64
2026-05-03T00:15:00Z,NEM,SA1,-4.0,835.95
2026-05-03T00:15:00Z,NEM,TAS1,88.24,1004.22
2026-05-03T00:15:00Z,NEM,VIC1,1.18,4711.93
2026-05-03T00:20:00Z,NEM,NSW1,0.92,5800.61
2026-05-03T00:20:00Z,NEM,QLD1,0.0,4312.05
2026-05-03T00:20:00Z,NEM,SA1,-4.0,819.84
2026-05-03T00:20:00Z,NEM,TAS1,88.24,1002.58
2026-05-03T00:20:00Z,NEM,VIC1,0.0,4693.33
2026-05-03T00:25:00Z,NEM,NSW1,11.3,5854.85
2026-05-03T00:25:00Z,NEM,QLD1,-1.8,4189.98
2026-05-03T00:25:00Z,NEM,SA1,-5.15,811.8
2026-05-03T00:25:00Z,NEM,TAS1,91.7,999.3
2026-05-03T00:25:00Z,NEM,VIC1,4.5,4736.25
2026-05-03T00:30:00Z,NEM,NSW1,11.3,5696.63
2026-05-03T00:30:00Z,NEM,QLD1,0.0,4221.15
2026-05-03T00:30:00Z,NEM,SA1,-3.01,826.65
2026-05-03T00:30:00Z,NEM,TAS1,88.24,1004.24
2026-05-03T00:30:00Z,NEM,VIC1,1.19,4753.36
2026-05-03T00:35:00Z,NEM,NSW1,0.0,5605.54
2026-05-03T00:35:00Z,NEM,QLD1,-2.0,4239.39
2026-05-03T00:35:00Z,NEM,SA1,-4.0,832.01
2026-05-03T00:35:00Z,NEM,TAS1,88.24,1005.89
2026-05-03T00:35:00Z,NEM,VIC1,0.0,4700.4
2026-05-03T00:40:00Z,NEM,NSW1,-2.01,5585.14
2026-05-03T00:40:00Z,NEM,QLD1,-2.02,4201.84
2026-05-03T00:40:00Z,NEM,SA1,-3.0,930.49
2026-05-03T00:40:00Z,NEM,TAS1,88.24,996.84
2026-05-03T00:40:00Z,NEM,VIC1,1.18,4735.37
2026-05-03T00:45:00Z,NEM,NSW1,-2.18,5462.6
2026-05-03T00:45:00Z,NEM,QLD1,-1.8,4197.82
2026-05-03T00:45:00Z,NEM,SA1,-2.01,915.98
2026-05-03T00:45:00Z,NEM,TAS1,88.24,1007.13
2026-05-03T00:45:00Z,NEM,VIC1,0.0,4777.38
2026-05-03T00:50:00Z,NEM,NSW1,0.0,5452.81
2026-05-03T00:50:00Z,NEM,QLD1,0.0,4267.63
2026-05-03T00:50:00Z,NEM,SA1,-3.0,901.42
2026-05-03T00:50:00Z,NEM,TAS1,88.24,1008.57
2026-05-03T00:50:00Z,NEM,VIC1,0.0,4757.37
2026-05-03T00:55:00Z,NEM,NSW1,0.0,5432.93
2026-05-03T00:55:00Z,NEM,QLD1,-2.26,4267.51
2026-05-03T00:55:00Z,NEM,SA1,-3.01,896.96
2026-05-03T00:55:00Z,NEM,TAS1,88.24,1022.06
2026-05-03T00:55:00Z,NEM,VIC1,1.18,4806.67
2026-05-03T01:00:00Z,NEM,NSW1,-2.01,5377.49
2026-05-03T01:00:00Z,NEM,QLD1,-2.01,4277.34
2026-05-03T01:00:00Z,NEM,SA1,-3.01,899.43
2026-05-03T01:00:00Z,NEM,TAS1,88.24,1016.01
2026-05-03T01:00:00Z,NEM,VIC1,1.19,4756.59
2026-05-03T01:05:00Z,NEM,NSW1,0.0,5298.14
2026-05-03T01:05:00Z,NEM,QLD1,-2.0,4298.13
2026-05-03T01:05:00Z,NEM,SA1,-3.0,918.83
2026-05-03T01:05:00Z,NEM,TAS1,91.69,1001.2
2026-05-03T01:05:00Z,NEM,VIC1,4.5,4878.9
2026-05-03T01:10:00Z,NEM,NSW1,0.0,5415.0
2026-05-03T01:10:00Z,NEM,QLD1,0.0,4218.16
2026-05-03T01:10:00Z,NEM,SA1,-3.0,942.75
2026-05-03T01:10:00Z,NEM,TAS1,90.51,994.4
2026-05-03T01:10:00Z,NEM,VIC1,3.38,4924.98
2026-05-03T01:15:00Z,NEM,NSW1,-2.01,5393.68
2026-05-03T01:15:00Z,NEM,QLD1,-2.02,4312.97
2026-05-03T01:15:00Z,NEM,SA1,-2.01,936.3
2026-05-03T01:15:00Z,NEM,TAS1,96.05,996.06
2026-05-03T01:15:00Z,NEM,VIC1,8.69,5014.37
2026-05-03T01:20:00Z,NEM,NSW1,-2.7,5302.02
2026-05-03T01:20:00Z,NEM,QLD1,-2.21,4327.9
2026-05-03T01:20:00Z,NEM,SA1,-2.01,979.7
2026-05-03T01:20:00Z,NEM,TAS1,96.05,996.5
2026-05-03T01:20:00Z,NEM,VIC1,8.69,5000.53
2026-05-03T01:25:00Z,NEM,NSW1,0.0,5408.1
2026-05-03T01:25:00Z,NEM,QLD1,0.0,4570.57
2026-05-03T01:25:00Z,NEM,SA1,-3.0,933.8
2026-05-03T01:25:00Z,NEM,TAS1,96.07,1006.46
2026-05-03T01:25:00Z,NEM,VIC1,8.69,5030.87
2026-05-03T01:30:00Z,NEM,NSW1,0.0,5382.87
2026-05-03T01:30:00Z,NEM,QLD1,0.0,4500.06
2026-05-03T01:30:00Z,NEM,SA1,-3.01,861.0
2026-05-03T01:30:00Z,NEM,TAS1,96.05,995.96
2026-05-03T01:30:00Z,NEM,VIC1,8.69,5025.59
2026-05-03T01:35:00Z,NEM,NSW1,0.0,5426.11
2026-05-03T01:35:00Z,NEM,QLD1,-2.5,4346.58
2026-05-03T01:35:00Z,NEM,SA1,-3.01,836.53
2026-05-03T01:35:00Z,NEM,TAS1,96.07,1001.13
2026-05-03T01:35:00Z,NEM,VIC1,8.69,5018.32
2026-05-03T01:40:00Z,NEM,NSW1,11.3,5453.22
2026-05-03T01:40:00Z,NEM,QLD1,-2.46,4351.4
2026-05-03T01:40:00Z,NEM,SA1,-1.1,899.44
2026-05-03T01:40:00Z,NEM,TAS1,96.1,1016.39
2026-05-03T01:40:00Z,NEM,VIC1,8.69,4882.03
2026-05-03T01:45:00Z,NEM,NSW1,0.0,5454.97
2026-05-03T01:45:00Z,NEM,QLD1,-2.0,4415.97
2026-05-03T01:45:00Z,NEM,SA1,-1.1,949.0
2026-05-03T01:45:00Z,NEM,TAS1,88.24,1016.94
2026-05-03T01:45:00Z,NEM,VIC1,0.0,4683.04
2026-05-03T01:50:00Z,NEM,NSW1,-0.12,5500.25
2026-05-03T01:50:00Z,NEM,QLD1,-2.21,4445.47
2026-05-03T01:50:00Z,NEM,SA1,-2.01,920.88
2026-05-03T01:50:00Z,NEM,TAS1,94.89,1045.42
2026-05-03T01:50:00Z,NEM,VIC1,-0.1,4682.02
2026-05-03T01:55:00Z,NEM,NSW1,-0.12,5442.95
2026-05-03T01:55:00Z,NEM,QLD1,-2.0,4541.7
2026-05-03T01:55:00Z,NEM,SA1,-3.01,859.5
2026-05-03T01:55:00Z,NEM,TAS1,94.89,1048.42
2026-05-03T01:55:00Z,NEM,VIC1,-0.1,4543.62
2026-05-03T02:00:00Z,NEM,NSW1,0.0,5407.93
2026-05-03T02:00:00Z,NEM,QLD1,-2.21,4394.62
2026-05-03T02:00:00Z,NEM,SA1,-4.0,799.41
2026-05-03T02:00:00Z,NEM,TAS1,95.0,1037.11
2026-05-03T02:00:00Z,NEM,VIC1,0.0,4463.88
2026-05-03T02:05:00Z,NEM,NSW1,-0.12,5385.11
2026-05-03T02:05:00Z,NEM,QLD1,-2.42,4272.8
2026-05-03T02:05:00Z,NEM,SA1,-3.01,832.49
2026-05-03T02:05:00Z,NEM,TAS1,88.24,1038.07
2026-05-03T02:05:00Z,NEM,VIC1,-0.1,4346.28
2026-05-03T02:10:00Z,NEM,NSW1,-2.01,5423.26
2026-05-03T02:10:00Z,NEM,QLD1,-2.49,4284.38
2026-05-03T02:10:00Z,NEM,SA1,-3.0,867.23
2026-05-03T02:10:00Z,NEM,TAS1,88.24,1009.52
2026-05-03T02:10:00Z,NEM,VIC1,-1.72,4269.71
2026-05-03T02:15:00Z,NEM,NSW1,-2.01,5497.03
2026-05-03T02:15:00Z,NEM,QLD1,-2.45,4265.8
2026-05-03T02:15:00Z,NEM,SA1,-1.42,861.0
2026-05-03T02:15:00Z,NEM,TAS1,85.2,988.2
2026-05-03T02:15:00Z,NEM,VIC1,-1.71,4235.19
2026-05-03T02:20:00Z,NEM,NSW1,-2.62,5378.78
2026-05-03T02:20:00Z,NEM,QLD1,-2.44,4279.45
2026-05-03T02:20:00Z,NEM,SA1,-3.0,820.42
2026-05-03T02:20:00Z,NEM,TAS1,88.24,999.5
2026-05-03T02:20:00Z,NEM,VIC1,-2.29,4182.01
2026-05-03T02:25:00Z,NEM,NSW1,-3.02,5270.43
2026-05-03T02:25:00Z,NEM,QLD1,-2.65,4292.29
2026-05-03T02:25:00Z,NEM,SA1,-3.01,830.3
2026-05-03T02:25:00Z,NEM,TAS1,88.24,1003.57
2026-05-03T02:25:00Z,NEM,VIC1,-2.6,4063.84
2026-05-03T02:30:00Z,NEM,NSW1,-2.65,5347.63
2026-05-03T02:30:00Z,NEM,QLD1,-2.73,4223.27
2026-05-03T02:30:00Z,NEM,SA1,-1.92,854.17
2026-05-03T02:30:00Z,NEM,TAS1,88.24,995.55
2026-05-03T02:30:00Z,NEM,VIC1,-2.29,4066.47
2026-05-03T02:35:00Z,NEM,NSW1,-2.66,5379.63
2026-05-03T02:35:00Z,NEM,QLD1,-2.65,4322.01
2026-05-03T02:35:00Z,NEM,SA1,-1.95,919.89
2026-05-03T02:35:00Z,NEM,TAS1,88.24,990.39
2026-05-03T02:35:00Z,NEM,VIC1,-2.29,4076.69
2026-05-03T02:40:00Z,NEM,NSW1,-3.0,5345.95
2026-05-03T02:40:00Z,NEM,QLD1,-2.65,4274.16
2026-05-03T02:40:00Z,NEM,SA1,-3.0,969.7
2026-05-03T02:40:00Z,NEM,TAS1,88.24,993.24
2026-05-03T02:40:00Z,NEM,VIC1,-2.63,4174.94
2026-05-03T02:45:00Z,NEM,NSW1,-2.18,5400.8
2026-05-03T02:45:00Z,NEM,QLD1,-2.65,4311.94
2026-05-03T02:45:00Z,NEM,SA1,-3.0,1000.31
2026-05-03T02:45:00Z,NEM,TAS1,88.24,999.74
2026-05-03T02:45:00Z,NEM,VIC1,-1.9,4312.6
2026-05-03T02:50:00Z,NEM,NSW1,-2.01,5473.36
2026-05-03T02:50:00Z,NEM,QLD1,-2.73,4282.58
2026-05-03T02:50:00Z,NEM,SA1,-1.8,974.98
2026-05-03T02:50:00Z,NEM,TAS1,88.24,997.05
2026-05-03T02:50:00Z,NEM,VIC1,-1.77,4412.97
2026-05-03T02:55:00Z,NEM,NSW1,-0.12,5582.49
2026-05-03T02:55:00Z,NEM,QLD1,-2.5,4267.26
2026-05-03T02:55:00Z,NEM,SA1,-2.01,949.81
2026-05-03T02:55:00Z,NEM,TAS1,88.24,988.93
2026-05-03T02:55:00Z,NEM,VIC1,-0.1,4382.79
2026-05-03T03:00:00Z,NEM,NSW1,0.0,5728.08
2026-05-03T03:00:00Z,NEM,QLD1,-2.73,4297.69
2026-05-03T03:00:00Z,NEM,SA1,-3.0,942.65
2026-05-03T03:00:00Z,NEM,TAS1,88.24,1003.41
2026-05-03T03:00:00Z,NEM,VIC1,0.0,4597.66
2026-05-03T03:05:00Z,NEM,NSW1,10.41,5811.45
2026-05-03T03:05:00Z,NEM,QLD1,-2.73,4291.21
2026-05-03T03:05:00Z,NEM,SA1,-10.23,850.58
2026-05-03T03:05:00Z,NEM,TAS1,88.24,998.16
2026-05-03T03:05:00Z,NEM,VIC1,1.18,4607.48
2026-05-03T03:10:00Z,NEM,NSW1,23.89,5847.4
2026-05-03T03:10:00Z,NEM,QLD1,-2.73,4328.52
2026-05-03T03:10:00Z,NEM,SA1,-11.45,730.82
2026-05-03T03:10:00Z,NEM,TAS1,88.24,1007.11
2026-05-03T03:10:00Z,NEM,VIC1,0.02,4587.26
2026-05-03T03:15:00Z,NEM,NSW1,23.89,5888.44
2026-05-03T03:15:00Z,NEM,QLD1,-2.73,4307.12
2026-05-03T03:15:00Z,NEM,SA1,-15.46,643.51
2026-05-03T03:15:00Z,NEM,TAS1,88.24,994.42
2026-05-03T03:15:00Z,NEM,VIC1,0.0,4602.58
2026-05-03T03:20:00Z,NEM,NSW1,23.89,5871.27
2026-05-03T03:20:00Z,NEM,QLD1,-2.26,4301.34
2026-05-03T03:20:00Z,NEM,SA1,-34.6,653.52
2026-05-03T03:20:00Z,NEM,TAS1,88.24,1000.46
2026-05-03T03:20:00Z,NEM,VIC1,-0.05,4522.96
2026-05-03T03:25:00Z,NEM,NSW1,-0.1,5758.19
2026-05-03T03:25:00Z,NEM,QLD1,-2.21,4324.27
2026-05-03T03:25:00Z,NEM,SA1,-20.0,696.45
2026-05-03T03:25:00Z,NEM,TAS1,88.24,1008.16
2026-05-03T03:25:00Z,NEM,VIC1,-0.09,4568.0
2026-05-03T03:30:00Z,NEM,NSW1,-2.01,5763.08
2026-05-03T03:30:00Z,NEM,QLD1,-2.21,4346.24
2026-05-03T03:30:00Z,NEM,SA1,-20.0,700.72
2026-05-03T03:30:00Z,NEM,TAS1,88.24,1010.91
2026-05-03T03:30:00Z,NEM,VIC1,-2.25,4480.15
2026-05-03T03:35:00Z,NEM,NSW1,23.89,5816.5
2026-05-03T03:35:00Z,NEM,QLD1,-1.99,4438.87
2026-05-03T03:35:00Z,NEM,SA1,-20.0,719.33
2026-05-03T03:35:00Z,NEM,TAS1,88.24,1022.38
2026-05-03T03:35:00Z,NEM,VIC1,-2.0,4453.77
2026-05-03T03:40:00Z,NEM,NSW1,22.34,5786.2
2026-05-03T03:40:00Z,NEM,QLD1,-1.99,4491.36
2026-05-03T03:40:00Z,NEM,SA1,-3.0,741.06
2026-05-03T03:40:00Z,NEM,TAS1,88.24,1037.16
2026-05-03T03:40:00Z,NEM,VIC1,-2.0,4399.53
2026-05-03T03:45:00Z,NEM,NSW1,23.89,5859.0
2026-05-03T03:45:00Z,NEM,QLD1,-2.0,4502.85
2026-05-03T03:45:00Z,NEM,SA1,-4.0,722.29
2026-05-03T03:45:00Z,NEM,TAS1,88.24,1039.21
2026-05-03T03:45:00Z,NEM,VIC1,-2.29,4335.48
2026-05-03T03:50:00Z,NEM,NSW1,23.89,5859.54
2026-05-03T03:50:00Z,NEM,QLD1,0.02,4563.3
2026-05-03T03:50:00Z,NEM,SA1,-5.15,744.8
2026-05-03T03:50:00Z,NEM,TAS1,88.24,1038.22
2026-05-03T03:50:00Z,NEM,VIC1,-2.26,4342.16
2026-05-03T03:55:00Z,NEM,NSW1,23.89,5787.35
2026-05-03T03:55:00Z,NEM,QLD1,0.73,4655.72
2026-05-03T03:55:00Z,NEM,SA1,-4.0,769.29
2026-05-03T03:55:00Z,NEM,TAS1,88.24,1036.84
2026-05-03T03:55:00Z,NEM,VIC1,-2.26,4260.12
2026-05-03T04:00:00Z,NEM,NSW1,23.89,5902.54
2026-05-03T04:00:00Z,NEM,QLD1,0.02,4646.68
2026-05-03T04:00:00Z,NEM,SA1,-3.01,801.84
2026-05-03T04:00:00Z,NEM,TAS1,88.24,1038.71
2026-05-03T04:00:00Z,NEM,VIC1,-2.26,4323.47
2026-05-03T04:05:00Z,NEM,NSW1,23.89,5922.21
2026-05-03T04:05:00Z,NEM,QLD1,0.0,4593.57
2026-05-03T04:05:00Z,NEM,SA1,-3.01,745.98
2026-05-03T04:05:00Z,NEM,TAS1,88.24,1044.56
2026-05-03T04:05:00Z,NEM,VIC1,-2.29,4291.16
2026-05-03T04:10:00Z,NEM,NSW1,23.89,6028.88
2026-05-03T04:10:00Z,NEM,QLD1,12.3,4599.19
2026-05-03T04:10:00Z,NEM,SA1,-3.01,742.16
2026-05-03T04:10:00Z,NEM,TAS1,88.24,1028.55
2026-05-03T04:10:00Z,NEM,VIC1,-2.29,4284.89
2026-05-03T04:15:00Z,NEM,NSW1,40.54,6060.14
2026-05-03T04:15:00Z,NEM,QLD1,34.76,4647.11
2026-05-03T04:15:00Z,NEM,SA1,-3.0,833.57
2026-05-03T04:15:00Z,NEM,TAS1,88.24,1023.63
2026-05-03T04:15:00Z,NEM,VIC1,-2.29,4252.3
2026-05-03T04:20:00Z,NEM,NSW1,23.89,5991.53
2026-05-03T04:20:00Z,NEM,QLD1,20.89,4699.65
2026-05-03T04:20:00Z,NEM,SA1,-3.0,840.96
2026-05-03T04:20:00Z,NEM,TAS1,88.24,1027.94
2026-05-03T04:20:00Z,NEM,VIC1,-2.29,4338.81
2026-05-03T04:25:00Z,NEM,NSW1,23.89,6030.81
2026-05-03T04:25:00Z,NEM,QLD1,21.03,4749.78
2026-05-03T04:25:00Z,NEM,SA1,-4.0,824.66
2026-05-03T04:25:00Z,NEM,TAS1,84.58,1018.9
2026-05-03T04:25:00Z,NEM,VIC1,-2.29,4362.72
2026-05-03T04:30:00Z,NEM,NSW1,40.55,6124.44
2026-05-03T04:30:00Z,NEM,QLD1,36.2,4802.87
2026-05-03T04:30:00Z,NEM,SA1,-3.0,854.85
2026-05-03T04:30:00Z,NEM,TAS1,88.24,1023.23
2026-05-03T04:30:00Z,NEM,VIC1,-2.29,4417.06
2026-05-03T04:35:00Z,NEM,NSW1,37.89,6164.35
2026-05-03T04:35:00Z,NEM,QLD1,34.11,4882.29
2026-05-03T04:35:00Z,NEM,SA1,-3.0,893.76
2026-05-03T04:35:00Z,NEM,TAS1,84.89,1027.94
2026-05-03T04:35:00Z,NEM,VIC1,-2.0,4514.66
2026-05-03T04:40:00Z,NEM,NSW1,35.88,6212.72
2026-05-03T04:40:00Z,NEM,QLD1,31.91,4902.44
2026-05-03T04:40:00Z,NEM,SA1,-3.01,883.26
2026-05-03T04:40:00Z,NEM,TAS1,88.24,1022.8
2026-05-03T04:40:00Z,NEM,VIC1,-2.25,4505.27
2026-05-03T04:45:00Z,NEM,NSW1,-2.0,6230.57
2026-05-03T04:45:00Z,NEM,QLD1,-1.84,4931.66
2026-05-03T04:45:00Z,NEM,SA1,-3.0,878.75
2026-05-03T04:45:00Z,NEM,TAS1,88.24,1036.15
2026-05-03T04:45:00Z,NEM,VIC1,-2.0,4534.36
2026-05-03T04:50:00Z,NEM,NSW1,23.87,6297.86
2026-05-03T04:50:00Z,NEM,QLD1,21.3,5095.11
2026-05-03T04:50:00Z,NEM,SA1,-3.0,914.17
2026-05-03T04:50:00Z,NEM,TAS1,88.24,1034.5
2026-05-03T04:50:00Z,NEM,VIC1,-2.29,4462.37
2026-05-03T04:55:00Z,NEM,NSW1,43.93,6301.7
2026-05-03T04:55:00Z,NEM,QLD1,39.75,5191.98
2026-05-03T04:55:00Z,NEM,SA1,-3.0,931.74
2026-05-03T04:55:00Z,NEM,TAS1,88.24,1032.6
2026-05-03T04:55:00Z,NEM,VIC1,-2.29,4453.33
2026-05-03T05:00:00Z,NEM,NSW1,43.33,6365.83
2026-05-03T05:00:00Z,NEM,QLD1,39.75,5248.39
2026-05-03T05:00:00Z,NEM,SA1,-3.0,888.58
2026-05-03T05:00:00Z,NEM,TAS1,88.24,1028.15
2026-05-03T05:00:00Z,NEM,VIC1,-2.29,4498.15
2026-05-03T05:05:00Z,NEM,NSW1,35.88,6348.37
2026-05-03T05:05:00Z,NEM,QLD1,32.72,5287.92
2026-05-03T05:05:00Z,NEM,SA1,-5.15,857.83
2026-05-03T05:05:00Z,NEM,TAS1,84.58,1029.43
2026-05-03T05:05:00Z,NEM,VIC1,-2.29,4467.66
2026-05-03T05:10:00Z,NEM,NSW1,37.89,6385.12
2026-05-03T05:10:00Z,NEM,QLD1,35.25,5400.99
2026-05-03T05:10:00Z,NEM,SA1,-3.0,907.64
2026-05-03T05:10:00Z,NEM,TAS1,84.61,1032.34
2026-05-03T05:10:00Z,NEM,VIC1,-2.26,4438.93
2026-05-03T05:15:00Z,NEM,NSW1,35.88,6487.18
2026-05-03T05:15:00Z,NEM,QLD1,32.37,5412.2
2026-05-03T05:15:00Z,NEM,SA1,-3.01,891.35
2026-05-03T05:15:00Z,NEM,TAS1,83.83,1053.45
2026-05-03T05:15:00Z,NEM,VIC1,-3.01,4414.69
2026-05-03T05:20:00Z,NEM,NSW1,55.88,6494.16
2026-05-03T05:20:00Z,NEM,QLD1,50.5,5510.82
2026-05-03T05:20:00Z,NEM,SA1,-3.0,940.38
2026-05-03T05:20:00Z,NEM,TAS1,83.26,1067.94
2026-05-03T05:20:00Z,NEM,VIC1,-3.55,4457.27
2026-05-03T05:25:00Z,NEM,NSW1,57.48,6692.34
2026-05-03T05:25:00Z,NEM,QLD1,50.5,5527.14
2026-05-03T05:25:00Z,NEM,SA1,-3.0,1010.59
2026-05-03T05:25:00Z,NEM,TAS1,84.57,1077.69
2026-05-03T05:25:00Z,NEM,VIC1,-2.29,4432.34
2026-05-03T05:30:00Z,NEM,NSW1,56.56,6743.2
2026-05-03T05:30:00Z,NEM,QLD1,50.5,5738.35
2026-05-03T05:30:00Z,NEM,SA1,-3.0,1094.24
2026-05-03T05:30:00Z,NEM,TAS1,84.56,1068.03
2026-05-03T05:30:00Z,NEM,VIC1,-2.29,4448.34
2026-05-03T05:35:00Z,NEM,NSW1,57.37,6877.15
2026-05-03T05:35:00Z,NEM,QLD1,50.5,5784.18
2026-05-03T05:35:00Z,NEM,SA1,-3.0,1149.82
2026-05-03T05:35:00Z,NEM,TAS1,83.28,1083.27
2026-05-03T05:35:00Z,NEM,VIC1,-3.49,4332.67
2026-05-03T05:40:00Z,NEM,NSW1,57.51,7009.7
2026-05-03T05:40:00Z,NEM,QLD1,51.78,5852.72
2026-05-03T05:40:00Z,NEM,SA1,-3.0,1190.25
2026-05-03T05:40:00Z,NEM,TAS1,83.78,1073.7
2026-05-03T05:40:00Z,NEM,VIC1,-3.01,4381.09
2026-05-03T05:45:00Z,NEM,NSW1,58.59,7069.9
2026-05-03T05:45:00Z,NEM,QLD1,52.75,5986.07
2026-05-03T05:45:00Z,NEM,SA1,-3.0,1229.82
2026-05-03T05:45:00Z,NEM,TAS1,83.26,1078.77
2026-05-03T05:45:00Z,NEM,VIC1,-3.49,4393.8
2026-05-03T05:50:00Z,NEM,NSW1,57.85,7165.79
2026-05-03T05:50:00Z,NEM,QLD1,52.75,5989.75
2026-05-03T05:50:00Z,NEM,SA1,-2.49,1247.96
2026-05-03T05:50:00Z,NEM,TAS1,83.94,1085.57
2026-05-03T05:50:00Z,NEM,VIC1,-2.87,4360.65
2026-05-03T05:55:00Z,NEM,NSW1,64.89,7188.31
2026-05-03T05:55:00Z,NEM,QLD1,59.63,6065.4
2026-05-03T05:55:00Z,NEM,SA1,-2.49,1264.81
2026-05-03T05:55:00Z,NEM,TAS1,83.93,1090.17
2026-05-03T05:55:00Z,NEM,VIC1,-2.89,4418.66
2026-05-03T06:00:00Z,NEM,NSW1,69.96,7260.03
2026-05-03T06:00:00Z,NEM,QLD1,63.99,6146.06
2026-05-03T06:00:00Z,NEM,SA1,-1.96,1265.07
2026-05-03T06:00:00Z,NEM,TAS1,84.56,1094.42
2026-05-03T06:00:00Z,NEM,VIC1,-2.29,4456.33
2026-05-03T06:05:00Z,NEM,NSW1,61.1,7411.03
2026-05-03T06:05:00Z,NEM,QLD1,56.02,6261.94
2026-05-03T06:05:00Z,NEM,SA1,-3.0,1264.63
2026-05-03T06:05:00Z,NEM,TAS1,83.4,1079.2
2026-05-03T06:05:00Z,NEM,VIC1,-3.42,4443.05
2026-05-03T06:10:00Z,NEM,NSW1,64.89,7519.24
2026-05-03T06:10:00Z,NEM,QLD1,61.07,6318.05
2026-05-03T06:10:00Z,NEM,SA1,-3.0,1213.72
2026-05-03T06:10:00Z,NEM,TAS1,83.82,1087.69
2026-05-03T06:10:00Z,NEM,VIC1,-3.01,4489.24
2026-05-03T06:15:00Z,NEM,NSW1,64.89,7531.29
2026-05-03T06:15:00Z,NEM,QLD1,61.95,6411.71
2026-05-03T06:15:00Z,NEM,SA1,-3.0,1225.22
2026-05-03T06:15:00Z,NEM,TAS1,83.36,1079.52
2026-05-03T06:15:00Z,NEM,VIC1,-3.45,4436.84
2026-05-03T06:20:00Z,NEM,NSW1,66.12,7655.23
2026-05-03T06:20:00Z,NEM,QLD1,63.99,6468.48
2026-05-03T06:20:00Z,NEM,SA1,-2.01,1214.91
2026-05-03T06:20:00Z,NEM,TAS1,84.48,1089.0
2026-05-03T06:20:00Z,NEM,VIC1,-2.35,4555.49
2026-05-03T06:25:00Z,NEM,NSW1,67.94,7687.28
2026-05-03T06:25:00Z,NEM,QLD1,64.65,6565.53
2026-05-03T06:25:00Z,NEM,SA1,-1.74,1251.71
2026-05-03T06:25:00Z,NEM,TAS1,85.56,1106.29
2026-05-03T06:25:00Z,NEM,VIC1,-2.0,4611.5
2026-05-03T06:30:00Z,NEM,NSW1,67.88,7771.52
2026-05-03T06:30:00Z,NEM,QLD1,64.65,6585.1
2026-05-03T06:30:00Z,NEM,SA1,-0.09,1266.97
2026-05-03T06:30:00Z,NEM,TAS1,87.58,1119.1
2026-05-03T06:30:00Z,NEM,VIC1,-0.1,4686.53
2026-05-03T06:35:00Z,NEM,NSW1,64.89,7853.37
2026-05-03T06:35:00Z,NEM,QLD1,63.89,6648.4
2026-05-03T06:35:00Z,NEM,SA1,-1.73,1293.46
2026-05-03T06:35:00Z,NEM,TAS1,84.87,1128.77
2026-05-03T06:35:00Z,NEM,VIC1,-2.0,4690.12
2026-05-03T06:40:00Z,NEM,NSW1,64.97,7902.16
2026-05-03T06:40:00Z,NEM,QLD1,64.83,6755.8
2026-05-03T06:40:00Z,NEM,SA1,-1.74,1267.74
2026-05-03T06:40:00Z,NEM,TAS1,84.89,1133.75
2026-05-03T06:40:00Z,NEM,VIC1,-2.0,4755.68
2026-05-03T06:45:00Z,NEM,NSW1,66.09,7877.42
2026-05-03T06:45:00Z,NEM,QLD1,64.83,6851.37
2026-05-03T06:45:00Z,NEM,SA1,-1.77,1305.64
2026-05-03T06:45:00Z,NEM,TAS1,84.88,1130.18
2026-05-03T06:45:00Z,NEM,VIC1,-2.0,4783.83
2026-05-03T06:50:00Z,NEM,NSW1,62.67,7987.28
2026-05-03T06:50:00Z,NEM,QLD1,63.8,6861.37
2026-05-03T06:50:00Z,NEM,SA1,-0.08,1323.76
2026-05-03T06:50:00Z,NEM,TAS1,86.89,1143.98
2026-05-03T06:50:00Z,NEM,VIC1,-0.1,4866.83
2026-05-03T06:55:00Z,NEM,NSW1,62.01,8034.77
2026-05-03T06:55:00Z,NEM,QLD1,63.99,6914.58
2026-05-03T06:55:00Z,NEM,SA1,-0.04,1338.63
2026-05-03T06:55:00Z,NEM,TAS1,86.95,1144.92
2026-05-03T06:55:00Z,NEM,VIC1,-0.05,4827.85
2026-05-03T07:00:00Z,NEM,NSW1,70.64,8107.51
2026-05-03T07:00:00Z,NEM,QLD1,71.65,6961.17
2026-05-03T07:00:00Z,NEM,SA1,-0.04,1352.72
2026-05-03T07:00:00Z,NEM,TAS1,86.95,1164.09
2026-05-03T07:00:00Z,NEM,VIC1,-0.05,4893.08
2026-05-03T07:05:00Z,NEM,NSW1,64.97,8232.88
2026-05-03T07:05:00Z,NEM,QLD1,64.83,7064.72
2026-05-03T07:05:00Z,NEM,SA1,-1.02,1379.62
2026-05-03T07:05:00Z,NEM,TAS1,85.74,1174.98
2026-05-03T07:05:00Z,NEM,VIC1,-1.21,4991.02
2026-05-03T07:10:00Z,NEM,NSW1,66.0,8295.01
2026-05-03T07:10:00Z,NEM,QLD1,64.65,7049.67
2026-05-03T07:10:00Z,NEM,SA1,-0.09,1421.3
2026-05-03T07:10:00Z,NEM,TAS1,74.9,1186.09
2026-05-03T07:10:00Z,NEM,VIC1,-0.1,5009.14
2026-05-03T07:15:00Z,NEM,NSW1,66.11,8302.97
2026-05-03T07:15:00Z,NEM,QLD1,64.83,7112.71
2026-05-03T07:15:00Z,NEM,SA1,0.0,1485.94
2026-05-03T07:15:00Z,NEM,TAS1,75.0,1194.24
2026-05-03T07:15:00Z,NEM,VIC1,0.0,5174.3
2026-05-03T07:20:00Z,NEM,NSW1,66.11,8266.41
2026-05-03T07:20:00Z,NEM,QLD1,64.83,7117.28
2026-05-03T07:20:00Z,NEM,SA1,0.0,1513.79
2026-05-03T07:20:00Z,NEM,TAS1,87.0,1203.45
2026-05-03T07:20:00Z,NEM,VIC1,0.0,5194.74
2026-05-03T07:25:00Z,NEM,NSW1,75.29,8415.82
2026-05-03T07:25:00Z,NEM,QLD1,71.69,7187.15
2026-05-03T07:25:00Z,NEM,SA1,1.07,1530.88
2026-05-03T07:25:00Z,NEM,TAS1,88.24,1203.95
2026-05-03T07:25:00Z,NEM,VIC1,1.2,5247.96
2026-05-03T07:30:00Z,NEM,NSW1,68.08,8389.89
2026-05-03T07:30:00Z,NEM,QLD1,64.83,7193.75
2026-05-03T07:30:00Z,NEM,SA1,7.83,1554.8
2026-05-03T07:30:00Z,NEM,TAS1,88.24,1202.08
2026-05-03T07:30:00Z,NEM,VIC1,8.69,5333.83
2026-05-03T07:35:00Z,NEM,NSW1,70.72,8473.38
2026-05-03T07:35:00Z,NEM,QLD1,68.66,7229.65
2026-05-03T07:35:00Z,NEM,SA1,7.84,1578.49
2026-05-03T07:35:00Z,NEM,TAS1,83.96,1204.53
2026-05-03T07:35:00Z,NEM,VIC1,8.69,5380.19
2026-05-03T07:40:00Z,NEM,NSW1,66.93,8486.74
2026-05-03T07:40:00Z,NEM,QLD1,64.65,7293.53
2026-05-03T07:40:00Z,NEM,SA1,8.25,1597.67
2026-05-03T07:40:00Z,NEM,TAS1,84.25,1211.05
2026-05-03T07:40:00Z,NEM,VIC1,8.95,5365.94
2026-05-03T07:45:00Z,NEM,NSW1,76.07,8626.65
2026-05-03T07:45:00Z,NEM,QLD1,71.75,7333.97
2026-05-03T07:45:00Z,NEM,SA1,8.45,1613.66
2026-05-03T07:45:00Z,NEM,TAS1,84.23,1208.64
2026-05-03T07:45:00Z,NEM,VIC1,8.95,5420.45
2026-05-03T07:50:00Z,NEM,NSW1,68.69,8590.46
2026-05-03T07:50:00Z,NEM,QLD1,64.83,7367.87
2026-05-03T07:50:00Z,NEM,SA1,8.51,1649.48
2026-05-03T07:50:00Z,NEM,TAS1,84.31,1208.89
2026-05-03T07:50:00Z,NEM,VIC1,9.06,5541.41
2026-05-03T07:55:00Z,NEM,NSW1,68.7,8543.9
2026-05-03T07:55:00Z,NEM,QLD1,64.83,7364.79
2026-05-03T07:55:00Z,NEM,SA1,8.53,1650.95
2026-05-03T07:55:00Z,NEM,TAS1,84.43,1205.09
2026-05-03T07:55:00Z,NEM,VIC1,9.18,5609.71
2026-05-03T08:00:00Z,NEM,NSW1,69.54,8608.79
2026-05-03T08:00:00Z,NEM,QLD1,64.83,7370.79
2026-05-03T08:00:00Z,NEM,SA1,18.2,1661.84
2026-05-03T08:00:00Z,NEM,TAS1,93.45,1204.92
2026-05-03T08:00:00Z,NEM,VIC1,15.11,5631.85
2026-05-03T08:05:00Z,NEM,NSW1,76.89,8586.39
2026-05-03T08:05:00Z,NEM,QLD1,73.02,7348.95
2026-05-03T08:05:00Z,NEM,SA1,31.63,1671.44
2026-05-03T08:05:00Z,NEM,TAS1,105.9,1203.79
2026-05-03T08:05:00Z,NEM,VIC1,15.11,5716.3
2026-05-03T08:10:00Z,NEM,NSW1,65.82,8520.46
2026-05-03T08:10:00Z,NEM,QLD1,63.99,7287.95
2026-05-03T08:10:00Z,NEM,SA1,18.2,1681.74
2026-05-03T08:10:00Z,NEM,TAS1,94.13,1199.25
2026-05-03T08:10:00Z,NEM,VIC1,19.56,5624.19
2026-05-03T08:15:00Z,NEM,NSW1,66.23,8561.09
2026-05-03T08:15:00Z,NEM,QLD1,63.99,7274.17
2026-05-03T08:15:00Z,NEM,SA1,13.71,1681.45
2026-05-03T08:15:00Z,NEM,TAS1,88.24,1194.68
2026-05-03T08:15:00Z,NEM,VIC1,9.0,5596.84
2026-05-03T08:20:00Z,NEM,NSW1,67.97,8481.89
2026-05-03T08:20:00Z,NEM,QLD1,64.83,7266.13
2026-05-03T08:20:00Z,NEM,SA1,8.51,1723.89
2026-05-03T08:20:00Z,NEM,TAS1,84.31,1194.54
2026-05-03T08:20:00Z,NEM,VIC1,9.0,5598.13
2026-05-03T08:25:00Z,NEM,NSW1,66.26,8487.84
2026-05-03T08:25:00Z,NEM,QLD1,63.99,7271.73
2026-05-03T08:25:00Z,NEM,SA1,8.51,1714.73
2026-05-03T08:25:00Z,NEM,TAS1,84.2,1186.04
2026-05-03T08:25:00Z,NEM,VIC1,8.95,5499.76
2026-05-03T08:30:00Z,NEM,NSW1,68.64,8597.01
2026-05-03T08:30:00Z,NEM,QLD1,63.8,7181.48
2026-05-03T08:30:00Z,NEM,SA1,8.2,1735.7
2026-05-03T08:30:00Z,NEM,TAS1,83.91,1185.35
2026-05-03T08:30:00Z,NEM,VIC1,8.69,5554.74
2026-05-03T08:35:00Z,NEM,NSW1,61.1,8509.87
2026-05-03T08:35:00Z,NEM,QLD1,57.88,7225.5
2026-05-03T08:35:00Z,NEM,SA1,8.36,1724.74
2026-05-03T08:35:00Z,NEM,TAS1,84.25,1180.34
2026-05-03T08:35:00Z,NEM,VIC1,8.95,5545.75
2026-05-03T08:40:00Z,NEM,NSW1,66.36,8475.12
2026-05-03T08:40:00Z,NEM,QLD1,63.99,7187.64
2026-05-03T08:40:00Z,NEM,SA1,8.06,1727.66
2026-05-03T08:40:00Z,NEM,TAS1,88.24,1180.8
2026-05-03T08:40:00Z,NEM,VIC1,8.69,5487.13
2026-05-03T08:45:00Z,NEM,NSW1,61.1,8381.84
2026-05-03T08:45:00Z,NEM,QLD1,58.49,7128.89
2026-05-03T08:45:00Z,NEM,SA1,8.01,1735.15
2026-05-03T08:45:00Z,NEM,TAS1,83.98,1176.88
2026-05-03T08:45:00Z,NEM,VIC1,8.69,5531.68
2026-05-03T08:50:00Z,NEM,NSW1,61.1,8413.82
2026-05-03T08:50:00Z,NEM,QLD1,58.47,7109.8
2026-05-03T08:50:00Z,NEM,SA1,7.84,1689.42
2026-05-03T08:50:00Z,NEM,TAS1,88.24,1174.99
2026-05-03T08:50:00Z,NEM,VIC1,8.69,5517.84
2026-05-03T08:55:00Z,NEM,NSW1,61.1,8393.4
2026-05-03T08:55:00Z,NEM,QLD1,58.07,7077.54
2026-05-03T08:55:00Z,NEM,SA1,7.85,1696.0
2026-05-03T08:55:00Z,NEM,TAS1,83.96,1174.22
2026-05-03T08:55:00Z,NEM,VIC1,8.69,5495.44
2026-05-03T09:00:00Z,NEM,NSW1,68.45,8377.88
2026-05-03T09:00:00Z,NEM,QLD1,64.65,7077.08
2026-05-03T09:00:00Z,NEM,SA1,7.96,1699.08
2026-05-03T09:00:00Z,NEM,TAS1,83.93,1167.8
2026-05-03T09:00:00Z,NEM,VIC1,8.69,5470.78
2026-05-03T09:05:00Z,NEM,NSW1,61.1,8286.63
2026-05-03T09:05:00Z,NEM,QLD1,56.54,6998.47
2026-05-03T09:05:00Z,NEM,SA1,7.98,1715.06
2026-05-03T09:05:00Z,NEM,TAS1,83.96,1164.65
2026-05-03T09:05:00Z,NEM,VIC1,8.69,5391.17
2026-05-03T09:10:00Z,NEM,NSW1,61.1,8294.62
2026-05-03T09:10:00Z,NEM,QLD1,56.52,6960.69
2026-05-03T09:10:00Z,NEM,SA1,8.01,1702.23
2026-05-03T09:10:00Z,NEM,TAS1,83.93,1154.53
2026-05-03T09:10:00Z,NEM,VIC1,8.69,5344.84
2026-05-03T09:15:00Z,NEM,NSW1,69.24,8287.48
2026-05-03T09:15:00Z,NEM,QLD1,64.83,6933.57
2026-05-03T09:15:00Z,NEM,SA1,8.09,1693.7
2026-05-03T09:15:00Z,NEM,TAS1,83.93,1157.18
2026-05-03T09:15:00Z,NEM,VIC1,8.69,5289.44
2026-05-03T09:20:00Z,NEM,NSW1,61.1,8176.29
2026-05-03T09:20:00Z,NEM,QLD1,57.2,6960.71
2026-05-03T09:20:00Z,NEM,SA1,8.05,1699.75
2026-05-03T09:20:00Z,NEM,TAS1,84.0,1156.6
2026-05-03T09:20:00Z,NEM,VIC1,8.69,5315.22
2026-05-03T09:25:00Z,NEM,NSW1,61.1,8120.97
2026-05-03T09:25:00Z,NEM,QLD1,57.49,6891.56
2026-05-03T09:25:00Z,NEM,SA1,0.0,1680.19
2026-05-03T09:25:00Z,NEM,TAS1,75.0,1153.79
2026-05-03T09:25:00Z,NEM,VIC1,0.0,5303.72
2026-05-03T09:30:00Z,NEM,NSW1,61.1,8072.96
2026-05-03T09:30:00Z,NEM,QLD1,57.5,6917.96
2026-05-03T09:30:00Z,NEM,SA1,0.0,1656.29
2026-05-03T09:30:00Z,NEM,TAS1,74.28,1147.77
2026-05-03T09:30:00Z,NEM,VIC1,0.0,5223.37
2026-05-03T09:35:00Z,NEM,NSW1,70.22,8104.25
2026-05-03T09:35:00Z,NEM,QLD1,64.83,6889.01
2026-05-03T09:35:00Z,NEM,SA1,0.0,1655.21
2026-05-03T09:35:00Z,NEM,TAS1,74.28,1137.35
2026-05-03T09:35:00Z,NEM,VIC1,0.0,5262.42
2026-05-03T09:40:00Z,NEM,NSW1,61.1,8101.02
2026-05-03T09:40:00Z,NEM,QLD1,55.23,6759.17
2026-05-03T09:40:00Z,NEM,SA1,8.5,1654.34
2026-05-03T09:40:00Z,NEM,TAS1,74.28,1131.03
2026-05-03T09:40:00Z,NEM,VIC1,0.0,5295.53
2026-05-03T09:45:00Z,NEM,NSW1,61.1,8049.11
2026-05-03T09:45:00Z,NEM,QLD1,56.25,6824.93
2026-05-03T09:45:00Z,NEM,SA1,7.85,1647.91
2026-05-03T09:45:00Z,NEM,TAS1,84.0,1120.66
2026-05-03T09:45:00Z,NEM,VIC1,8.69,5240.52
2026-05-03T09:50:00Z,NEM,NSW1,64.89,8033.17
2026-05-03T09:50:00Z,NEM,QLD1,60.18,6782.28
2026-05-03T09:50:00Z,NEM,SA1,4.07,1642.03
2026-05-03T09:50:00Z,NEM,TAS1,79.7,1119.25
2026-05-03T09:50:00Z,NEM,VIC1,4.55,5283.14
2026-05-03T09:55:00Z,NEM,NSW1,61.1,8041.89
2026-05-03T09:55:00Z,NEM,QLD1,56.6,6715.64
2026-05-03T09:55:00Z,NEM,SA1,0.01,1628.03
2026-05-03T09:55:00Z,NEM,TAS1,75.01,1117.93
2026-05-03T09:55:00Z,NEM,VIC1,0.01,5181.74
2026-05-03T10:00:00Z,NEM,NSW1,61.1,8023.1
2026-05-03T10:00:00Z,NEM,QLD1,56.61,6728.17
2026-05-03T10:00:00Z,NEM,SA1,4.15,1632.97
2026-05-03T10:00:00Z,NEM,TAS1,88.24,1115.01
2026-05-03T10:00:00Z,NEM,VIC1,4.55,5236.56
2026-05-03T10:05:00Z,NEM,NSW1,64.89,7964.1
2026-05-03T10:05:00Z,NEM,QLD1,60.46,6699.58
2026-05-03T10:05:00Z,NEM,SA1,4.19,1644.1
2026-05-03T10:05:00Z,NEM,TAS1,79.7,1115.71
2026-05-03T10:05:00Z,NEM,VIC1,4.55,5188.1
2026-05-03T10:10:00Z,NEM,NSW1,64.89,7915.48
2026-05-03T10:10:00Z,NEM,QLD1,60.43,6687.06
2026-05-03T10:10:00Z,NEM,SA1,4.21,1646.09
2026-05-03T10:10:00Z,NEM,TAS1,79.69,1111.95
2026-05-03T10:10:00Z,NEM,VIC1,4.55,5169.85
2026-05-03T10:15:00Z,NEM,NSW1,61.1,7942.41
2026-05-03T10:15:00Z,NEM,QLD1,56.55,6689.98
2026-05-03T10:15:00Z,NEM,SA1,4.25,1650.78
2026-05-03T10:15:00Z,NEM,TAS1,79.68,1104.5
2026-05-03T10:15:00Z,NEM,VIC1,4.55,5162.4
2026-05-03T10:20:00Z,NEM,NSW1,61.1,7837.4
2026-05-03T10:20:00Z,NEM,QLD1,56.91,6707.52
2026-05-03T10:20:00Z,NEM,SA1,0.01,1640.94
2026-05-03T10:20:00Z,NEM,TAS1,75.01,1102.19
2026-05-03T10:20:00Z,NEM,VIC1,0.01,5110.27
2026-05-03T10:25:00Z,NEM,NSW1,61.1,7848.97
2026-05-03T10:25:00Z,NEM,QLD1,55.79,6647.7
2026-05-03T10:25:00Z,NEM,SA1,4.27,1629.83
2026-05-03T10:25:00Z,NEM,TAS1,79.67,1098.44
2026-05-03T10:25:00Z,NEM,VIC1,4.55,5124.11
2026-05-03T10:30:00Z,NEM,NSW1,61.1,7858.76
2026-05-03T10:30:00Z,NEM,QLD1,56.14,6639.2
2026-05-03T10:30:00Z,NEM,SA1,4.24,1613.85
2026-05-03T10:30:00Z,NEM,TAS1,79.68,1094.94
2026-05-03T10:30:00Z,NEM,VIC1,4.55,5128.29
2026-05-03T10:35:00Z,NEM,NSW1,76.98,7868.03
2026-05-03T10:35:00Z,NEM,QLD1,68.03,6602.59
2026-05-03T10:35:00Z,NEM,SA1,0.01,1609.48
2026-05-03T10:35:00Z,NEM,TAS1,75.01,1090.64
2026-05-03T10:35:00Z,NEM,VIC1,0.01,5047.16
2026-05-03T10:40:00Z,NEM,NSW1,72.08,7858.98
2026-05-03T10:40:00Z,NEM,QLD1,64.65,6720.45
2026-05-03T10:40:00Z,NEM,SA1,0.0,1600.58
2026-05-03T10:40:00Z,NEM,TAS1,75.0,1085.43
2026-05-03T10:40:00Z,NEM,VIC1,0.0,4982.68
2026-05-03T10:45:00Z,NEM,NSW1,76.89,7795.02
2026-05-03T10:45:00Z,NEM,QLD1,70.7,6710.88
2026-05-03T10:45:00Z,NEM,SA1,0.01,1600.18
2026-05-03T10:45:00Z,NEM,TAS1,75.01,1080.88
2026-05-03T10:45:00Z,NEM,VIC1,0.01,5043.35
2026-05-03T10:50:00Z,NEM,NSW1,69.84,7779.27
2026-05-03T10:50:00Z,NEM,QLD1,63.8,6704.37
2026-05-03T10:50:00Z,NEM,SA1,0.01,1599.4
2026-05-03T10:50:00Z,NEM,TAS1,75.01,1079.66
2026-05-03T10:50:00Z,NEM,VIC1,0.01,5022.04
2026-05-03T10:55:00Z,NEM,NSW1,76.98,7858.03
2026-05-03T10:55:00Z,NEM,QLD1,71.65,6794.38
2026-05-03T10:55:00Z,NEM,SA1,0.01,1588.84
2026-05-03T10:55:00Z,NEM,TAS1,75.01,1078.8
2026-05-03T10:55:00Z,NEM,VIC1,0.01,4925.7
2026-05-03T11:00:00Z,NEM,NSW1,71.25,7803.12
2026-05-03T11:00:00Z,NEM,QLD1,64.65,6669.86
2026-05-03T11:00:00Z,NEM,SA1,-0.05,1579.32
2026-05-03T11:00:00Z,NEM,TAS1,74.95,1077.3
2026-05-03T11:00:00Z,NEM,VIC1,-0.05,4880.1
2026-05-03T11:05:00Z,NEM,NSW1,58.36,7684.28
2026-05-03T11:05:00Z,NEM,QLD1,54.63,6686.54
2026-05-03T11:05:00Z,NEM,SA1,-0.05,1582.46
2026-05-03T11:05:00Z,NEM,TAS1,86.95,1069.06
2026-05-03T11:05:00Z,NEM,VIC1,-0.05,4918.92
2026-05-03T11:10:00Z,NEM,NSW1,67.93,7793.48
2026-05-03T11:10:00Z,NEM,QLD1,63.99,6661.9
2026-05-03T11:10:00Z,NEM,SA1,-0.05,1560.3
2026-05-03T11:10:00Z,NEM,TAS1,74.95,1065.27
2026-05-03T11:10:00Z,NEM,VIC1,-0.05,4908.45
2026-05-03T11:15:00Z,NEM,NSW1,57.51,7774.98
2026-05-03T11:15:00Z,NEM,QLD1,53.75,6566.44
2026-05-03T11:15:00Z,NEM,SA1,-0.09,1547.98
2026-05-03T11:15:00Z,NEM,TAS1,74.9,1052.97
2026-05-03T11:15:00Z,NEM,VIC1,-0.1,4797.9
2026-05-03T11:20:00Z,NEM,NSW1,57.51,7694.5
2026-05-03T11:20:00Z,NEM,QLD1,53.72,6551.49
2026-05-03T11:20:00Z,NEM,SA1,-0.04,1530.05
2026-05-03T11:20:00Z,NEM,TAS1,74.95,1049.13
2026-05-03T11:20:00Z,NEM,VIC1,-0.05,4789.55
2026-05-03T11:25:00Z,NEM,NSW1,57.51,7549.79
2026-05-03T11:25:00Z,NEM,QLD1,54.43,6613.06
2026-05-03T11:25:00Z,NEM,SA1,-0.04,1549.01
2026-05-03T11:25:00Z,NEM,TAS1,74.95,1044.74
2026-05-03T11:25:00Z,NEM,VIC1,-0.05,4817.2
2026-05-03T11:30:00Z,NEM,NSW1,57.51,7549.49
2026-05-03T11:30:00Z,NEM,QLD1,54.43,6607.47
2026-05-03T11:30:00Z,NEM,SA1,-0.09,1542.16
2026-05-03T11:30:00Z,NEM,TAS1,74.9,1042.94
2026-05-03T11:30:00Z,NEM,VIC1,-0.1,4784.64
2026-05-03T11:35:00Z,NEM,NSW1,57.51,7493.54
2026-05-03T11:35:00Z,NEM,QLD1,54.39,6569.21
2026-05-03T11:35:00Z,NEM,SA1,-1.02,1536.24
2026-05-03T11:35:00Z,NEM,TAS1,86.9,1038.32
2026-05-03T11:35:00Z,NEM,VIC1,-0.1,4691.81
2026-05-03T11:40:00Z,NEM,NSW1,57.51,7473.62
2026-05-03T11:40:00Z,NEM,QLD1,54.41,6610.81
2026-05-03T11:40:00Z,NEM,SA1,-1.02,1533.1
2026-05-03T11:40:00Z,NEM,TAS1,86.9,1045.26
2026-05-03T11:40:00Z,NEM,VIC1,-0.1,4768.65
2026-05-03T11:45:00Z,NEM,NSW1,57.51,7494.82
2026-05-03T11:45:00Z,NEM,QLD1,53.67,6540.76
2026-05-03T11:45:00Z,NEM,SA1,-1.05,1506.66
2026-05-03T11:45:00Z,NEM,TAS1,74.9,1041.88
2026-05-03T11:45:00Z,NEM,VIC1,-0.1,4747.82
2026-05-03T11:50:00Z,NEM,NSW1,57.51,7437.44
2026-05-03T11:50:00Z,NEM,QLD1,53.67,6542.5
2026-05-03T11:50:00Z,NEM,SA1,-1.05,1514.27
2026-05-03T11:50:00Z,NEM,TAS1,74.9,1034.86
2026-05-03T11:50:00Z,NEM,VIC1,-0.1,4707.94
2026-05-03T11:55:00Z,NEM,NSW1,57.51,7454.92
2026-05-03T11:55:00Z,NEM,QLD1,52.97,6501.77
2026-05-03T11:55:00Z,NEM,SA1,-1.05,1509.47
2026-05-03T11:55:00Z,NEM,TAS1,73.08,1021.72
2026-05-03T11:55:00Z,NEM,VIC1,-1.16,4624.63
2026-05-03T12:00:00Z,NEM,NSW1,57.51,7378.82
2026-05-03T12:00:00Z,NEM,QLD1,52.75,6456.72
2026-05-03T12:00:00Z,NEM,SA1,-0.09,1500.95
2026-05-03T12:00:00Z,NEM,TAS1,73.16,1004.25
2026-05-03T12:00:00Z,NEM,VIC1,-0.1,4686.73
2026-05-03T12:05:00Z,NEM,NSW1,57.51,7294.82
2026-05-03T12:05:00Z,NEM,QLD1,54.17,6380.24
2026-05-03T12:05:00Z,NEM,SA1,8.5,1497.61
2026-05-03T12:05:00Z,NEM,TAS1,88.24,998.86
2026-05-03T12:05:00Z,NEM,VIC1,-0.1,4560.54
2026-05-03T12:10:00Z,NEM,NSW1,57.51,7375.77
2026-05-03T12:10:00Z,NEM,QLD1,54.51,6372.72
2026-05-03T12:10:00Z,NEM,SA1,-1.02,1491.52
2026-05-03T12:10:00Z,NEM,TAS1,86.9,1000.74
2026-05-03T12:10:00Z,NEM,VIC1,-0.1,4579.15
2026-05-03T12:15:00Z,NEM,NSW1,57.51,7340.36
2026-05-03T12:15:00Z,NEM,QLD1,54.84,6371.52
2026-05-03T12:15:00Z,NEM,SA1,-1.02,1465.13
2026-05-03T12:15:00Z,NEM,TAS1,86.9,1001.96
2026-05-03T12:15:00Z,NEM,VIC1,-0.1,4550.82
2026-05-03T12:20:00Z,NEM,NSW1,77.02,7396.53
2026-05-03T12:20:00Z,NEM,QLD1,73.48,6382.31
2026-05-03T12:20:00Z,NEM,SA1,-1.1,1485.77
2026-05-03T12:20:00Z,NEM,TAS1,73.05,994.3
2026-05-03T12:20:00Z,NEM,VIC1,-1.2,4491.77
2026-05-03T12:25:00Z,NEM,NSW1,64.89,7399.48
2026-05-03T12:25:00Z,NEM,QLD1,61.75,6239.02
2026-05-03T12:25:00Z,NEM,SA1,-1.03,1488.94
2026-05-03T12:25:00Z,NEM,TAS1,74.16,981.93
2026-05-03T12:25:00Z,NEM,VIC1,-0.1,4532.42
2026-05-03T12:30:00Z,NEM,NSW1,61.56,7340.11
2026-05-03T12:30:00Z,NEM,QLD1,58.91,6227.1
2026-05-03T12:30:00Z,NEM,SA1,-1.1,1473.03
2026-05-03T12:30:00Z,NEM,TAS1,70.03,972.49
2026-05-03T12:30:00Z,NEM,VIC1,-1.22,4502.1
2026-05-03T12:35:00Z,NEM,NSW1,58.5,7293.58
2026-05-03T12:35:00Z,NEM,QLD1,55.62,6196.65
2026-05-03T12:35:00Z,NEM,SA1,-1.1,1453.51
2026-05-03T12:35:00Z,NEM,TAS1,73.73,963.77
2026-05-03T12:35:00Z,NEM,VIC1,-1.24,4486.97
2026-05-03T12:40:00Z,NEM,NSW1,58.51,7302.08
2026-05-03T12:40:00Z,NEM,QLD1,56.01,6237.68
2026-05-03T12:40:00Z,NEM,SA1,-1.8,1440.25
2026-05-03T12:40:00Z,NEM,TAS1,68.76,858.3
2026-05-03T12:40:00Z,NEM,VIC1,-2.0,4455.3
2026-05-03T12:45:00Z,NEM,NSW1,58.5,7351.39
2026-05-03T12:45:00Z,NEM,QLD1,55.62,6182.9
2026-05-03T12:45:00Z,NEM,SA1,-2.05,1429.14
2026-05-03T12:45:00Z,NEM,TAS1,68.41,855.45
2026-05-03T12:45:00Z,NEM,VIC1,-2.29,4359.68
2026-05-03T12:50:00Z,NEM,NSW1,57.51,7260.02
2026-05-03T12:50:00Z,NEM,QLD1,54.64,6168.17
2026-05-03T12:50:00Z,NEM,SA1,-1.1,1441.87
2026-05-03T12:50:00Z,NEM,TAS1,85.74,930.73
2026-05-03T12:50:00Z,NEM,VIC1,-1.22,4401.83
2026-05-03T12:55:00Z,NEM,NSW1,56.1,7126.84
2026-05-03T12:55:00Z,NEM,QLD1,53.59,6137.19
2026-05-03T12:55:00Z,NEM,SA1,-1.83,1449.92
2026-05-03T12:55:00Z,NEM,TAS1,84.92,957.86
2026-05-03T12:55:00Z,NEM,VIC1,-2.0,4372.5
2026-05-03T13:00:00Z,NEM,NSW1,57.51,7218.25
2026-05-03T13:00:00Z,NEM,QLD1,54.56,6073.24
2026-05-03T13:00:00Z,NEM,SA1,-2.04,1426.46
2026-05-03T13:00:00Z,NEM,TAS1,72.66,956.54
2026-05-03T13:00:00Z,NEM,VIC1,-2.26,4354.26
2026-05-03T13:05:00Z,NEM,NSW1,64.89,7193.27
2026-05-03T13:05:00Z,NEM,QLD1,60.36,6023.41
2026-05-03T13:05:00Z,NEM,SA1,-1.8,1415.86
2026-05-03T13:05:00Z,NEM,TAS1,84.93,952.25
2026-05-03T13:05:00Z,NEM,VIC1,-2.0,4391.17
2026-05-03T13:10:00Z,NEM,NSW1,69.46,7196.79
2026-05-03T13:10:00Z,NEM,QLD1,64.65,6057.34
2026-05-03T13:10:00Z,NEM,SA1,-1.78,1406.26
2026-05-03T13:10:00Z,NEM,TAS1,72.93,950.38
2026-05-03T13:10:00Z,NEM,VIC1,-2.0,4493.01
2026-05-03T13:15:00Z,NEM,NSW1,67.89,7119.77
2026-05-03T13:15:00Z,NEM,QLD1,63.99,6080.88
2026-05-03T13:15:00Z,NEM,SA1,-1.79,1403.57
2026-05-03T13:15:00Z,NEM,TAS1,72.93,941.14
2026-05-03T13:15:00Z,NEM,VIC1,-2.0,4527.68
2026-05-03T13:20:00Z,NEM,NSW1,64.89,7127.84
2026-05-03T13:20:00Z,NEM,QLD1,60.74,6036.87
2026-05-03T13:20:00Z,NEM,SA1,-1.81,1404.69
2026-05-03T13:20:00Z,NEM,TAS1,72.94,939.04
2026-05-03T13:20:00Z,NEM,VIC1,-2.0,4497.09
2026-05-03T13:25:00Z,NEM,NSW1,57.51,7019.88
2026-05-03T13:25:00Z,NEM,QLD1,53.77,5996.26
2026-05-03T13:25:00Z,NEM,SA1,-2.04,1396.48
2026-05-03T13:25:00Z,NEM,TAS1,72.67,932.13
2026-05-03T13:25:00Z,NEM,VIC1,-2.26,4448.65
2026-05-03T13:30:00Z,NEM,NSW1,59.77,6986.38
2026-05-03T13:30:00Z,NEM,QLD1,55.53,5999.74
2026-05-03T13:30:00Z,NEM,SA1,-2.05,1422.18
2026-05-03T13:30:00Z,NEM,TAS1,72.66,929.62
2026-05-03T13:30:00Z,NEM,VIC1,-2.26,4488.63
2026-05-03T13:35:00Z,NEM,NSW1,59.8,6975.43
2026-05-03T13:35:00Z,NEM,QLD1,55.53,5959.22
2026-05-03T13:35:00Z,NEM,SA1,-1.83,1436.22
2026-05-03T13:35:00Z,NEM,TAS1,72.93,923.33
2026-05-03T13:35:00Z,NEM,VIC1,-2.0,4551.24
2026-05-03T13:40:00Z,NEM,NSW1,69.3,7054.0
2026-05-03T13:40:00Z,NEM,QLD1,63.99,5983.32
2026-05-03T13:40:00Z,NEM,SA1,-1.86,1466.98
2026-05-03T13:40:00Z,NEM,TAS1,72.94,919.89
2026-05-03T13:40:00Z,NEM,VIC1,-2.0,4479.44
2026-05-03T13:45:00Z,NEM,NSW1,64.89,6996.55
2026-05-03T13:45:00Z,NEM,QLD1,60.31,6019.87
2026-05-03T13:45:00Z,NEM,SA1,-2.09,1442.82
2026-05-03T13:45:00Z,NEM,TAS1,72.67,918.16
2026-05-03T13:45:00Z,NEM,VIC1,-2.26,4447.83
2026-05-03T13:50:00Z,NEM,NSW1,59.19,6959.67
2026-05-03T13:50:00Z,NEM,QLD1,54.63,5986.95
2026-05-03T13:50:00Z,NEM,SA1,-2.01,1450.06
2026-05-03T13:50:00Z,NEM,TAS1,72.8,912.9
2026-05-03T13:50:00Z,NEM,VIC1,-2.14,4439.77
2026-05-03T13:55:00Z,NEM,NSW1,60.97,6963.94
2026-05-03T13:55:00Z,NEM,QLD1,55.53,5948.54
2026-05-03T13:55:00Z,NEM,SA1,-2.01,1427.82
2026-05-03T13:55:00Z,NEM,TAS1,72.75,905.67
2026-05-03T13:55:00Z,NEM,VIC1,-2.19,4461.9
2026-05-03T14:00:00Z,NEM,NSW1,61.38,6976.24
2026-05-03T14:00:00Z,NEM,QLD1,55.53,5920.82
2026-05-03T14:00:00Z,NEM,SA1,-2.1,1424.5
2026-05-03T14:00:00Z,NEM,TAS1,72.68,908.38
2026-05-03T14:00:00Z,NEM,VIC1,-2.26,4358.32
2026-05-03T14:05:00Z,NEM,NSW1,76.99,6912.62
2026-05-03T14:05:00Z,NEM,QLD1,69.6,5889.84
2026-05-03T14:05:00Z,NEM,SA1,-2.08,1414.66
2026-05-03T14:05:00Z,NEM,TAS1,72.68,895.96
2026-05-03T14:05:00Z,NEM,VIC1,-2.26,4354.92
2026-05-03T14:10:00Z,NEM,NSW1,75.1,7037.85
2026-05-03T14:10:00Z,NEM,QLD1,64.93,5883.75
2026-05-03T14:10:00Z,NEM,SA1,-2.1,1428.38
2026-05-03T14:10:00Z,NEM,TAS1,72.68,888.93
2026-05-03T14:10:00Z,NEM,VIC1,-2.26,4407.21
2026-05-03T14:15:00Z,NEM,NSW1,74.88,6918.38
2026-05-03T14:15:00Z,NEM,QLD1,64.65,5811.55
2026-05-03T14:15:00Z,NEM,SA1,-2.13,1426.27
2026-05-03T14:15:00Z,NEM,TAS1,72.65,889.56
2026-05-03T14:15:00Z,NEM,VIC1,-2.29,4349.72
2026-05-03T14:20:00Z,NEM,NSW1,76.99,6868.15
2026-05-03T14:20:00Z,NEM,QLD1,68.22,5835.82
2026-05-03T14:20:00Z,NEM,SA1,-2.13,1475.63
2026-05-03T14:20:00Z,NEM,TAS1,72.67,899.0
2026-05-03T14:20:00Z,NEM,VIC1,-2.26,4371.3
2026-05-03T14:25:00Z,NEM,NSW1,76.99,6881.61
2026-05-03T14:25:00Z,NEM,QLD1,67.33,5816.99
2026-05-03T14:25:00Z,NEM,SA1,-2.17,1482.73
2026-05-03T14:25:00Z,NEM,TAS1,72.64,895.85
2026-05-03T14:25:00Z,NEM,VIC1,-2.29,4299.41
2026-05-03T14:30:00Z,NEM,NSW1,74.65,6871.58
2026-05-03T14:30:00Z,NEM,QLD1,64.83,5779.89
2026-05-03T14:30:00Z,NEM,SA1,-2.16,1470.74
2026-05-03T14:30:00Z,NEM,TAS1,72.63,899.87
2026-05-03T14:30:00Z,NEM,VIC1,-2.29,4256.77
2026-05-03T14:35:00Z,NEM,NSW1,76.57,6896.78
2026-05-03T14:35:00Z,NEM,QLD1,64.83,5804.82
2026-05-03T14:35:00Z,NEM,SA1,-2.01,1474.31
2026-05-03T14:35:00Z,NEM,TAS1,72.88,895.33
2026-05-03T14:35:00Z,NEM,VIC1,-2.04,4208.65
2026-05-03T14:40:00Z,NEM,NSW1,76.57,6854.16
2026-05-03T14:40:00Z,NEM,QLD1,64.83,5798.88
2026-05-03T14:40:00Z,NEM,SA1,-1.02,1469.76
2026-05-03T14:40:00Z,NEM,TAS1,73.89,890.87
2026-05-03T14:40:00Z,NEM,VIC1,-1.07,4322.02
2026-05-03T14:45:00Z,NEM,NSW1,79.0,6814.61
2026-05-03T14:45:00Z,NEM,QLD1,68.16,5768.47
2026-05-03T14:45:00Z,NEM,SA1,-1.05,1464.46
2026-05-03T14:45:00Z,NEM,TAS1,73.89,887.02
2026-05-03T14:45:00Z,NEM,VIC1,-1.08,4187.53
2026-05-03T14:50:00Z,NEM,NSW1,76.99,6798.15
2026-05-03T14:50:00Z,NEM,QLD1,66.37,5744.49
2026-05-03T14:50:00Z,NEM,SA1,-0.1,1477.48
2026-05-03T14:50:00Z,NEM,TAS1,74.9,889.56
2026-05-03T14:50:00Z,NEM,VIC1,-0.1,4241.06
2026-05-03T14:55:00Z,NEM,NSW1,75.73,6826.04
2026-05-03T14:55:00Z,NEM,QLD1,64.83,5700.92
2026-05-03T14:55:00Z,NEM,SA1,-0.1,1502.6
2026-05-03T14:55:00Z,NEM,TAS1,74.9,882.89
2026-05-03T14:55:00Z,NEM,VIC1,-0.1,4207.71
2026-05-03T15:00:00Z,NEM,NSW1,60.85,6756.97
2026-05-03T15:00:00Z,NEM,QLD1,52.75,5684.22
2026-05-03T15:00:00Z,NEM,SA1,-1.02,1484.02
2026-05-03T15:00:00Z,NEM,TAS1,73.89,884.91
2026-05-03T15:00:00Z,NEM,VIC1,-1.07,4205.78
2026-05-03T15:05:00Z,NEM,NSW1,64.55,6760.68
2026-05-03T15:05:00Z,NEM,QLD1,55.53,5615.55
2026-05-03T15:05:00Z,NEM,SA1,-1.95,1466.61
2026-05-03T15:05:00Z,NEM,TAS1,72.22,879.84
2026-05-03T15:05:00Z,NEM,VIC1,-2.0,4179.8
2026-05-03T15:10:00Z,NEM,NSW1,57.51,6609.29
2026-05-03T15:10:00Z,NEM,QLD1,50.76,5648.5
2026-05-03T15:10:00Z,NEM,SA1,-1.93,1448.98
2026-05-03T15:10:00Z,NEM,TAS1,72.94,865.22
2026-05-03T15:10:00Z,NEM,VIC1,-2.0,4121.22
2026-05-03T15:15:00Z,NEM,NSW1,58.68,6563.25
2026-05-03T15:15:00Z,NEM,QLD1,52.75,5618.66
2026-05-03T15:15:00Z,NEM,SA1,-1.94,1444.24
2026-05-03T15:15:00Z,NEM,TAS1,72.95,868.96
2026-05-03T15:15:00Z,NEM,VIC1,-2.0,4173.67
2026-05-03T15:20:00Z,NEM,NSW1,57.96,6496.98
2026-05-03T15:20:00Z,NEM,QLD1,52.75,5620.02
2026-05-03T15:20:00Z,NEM,SA1,-1.95,1443.56
2026-05-03T15:20:00Z,NEM,TAS1,72.22,859.47
2026-05-03T15:20:00Z,NEM,VIC1,-2.0,4122.27
2026-05-03T15:25:00Z,NEM,NSW1,57.51,6470.94
2026-05-03T15:25:00Z,NEM,QLD1,51.96,5571.8
2026-05-03T15:25:00Z,NEM,SA1,-1.96,1439.54
2026-05-03T15:25:00Z,NEM,TAS1,72.94,860.5
2026-05-03T15:25:00Z,NEM,VIC1,-2.0,4098.36
2026-05-03T15:30:00Z,NEM,NSW1,58.34,6479.96
2026-05-03T15:30:00Z,NEM,QLD1,52.75,5613.55
2026-05-03T15:30:00Z,NEM,SA1,-1.98,1442.96
2026-05-03T15:30:00Z,NEM,TAS1,72.22,852.48
2026-05-03T15:30:00Z,NEM,VIC1,-2.0,4048.95
2026-05-03T15:35:00Z,NEM,NSW1,58.73,6482.41
2026-05-03T15:35:00Z,NEM,QLD1,52.75,5590.8
2026-05-03T15:35:00Z,NEM,SA1,-1.98,1441.47
2026-05-03T15:35:00Z,NEM,TAS1,72.94,844.6
2026-05-03T15:35:00Z,NEM,VIC1,-2.0,4015.5
2026-05-03T15:40:00Z,NEM,NSW1,73.29,6604.19
2026-05-03T15:40:00Z,NEM,QLD1,64.65,5618.63
2026-05-03T15:40:00Z,NEM,SA1,-1.05,1442.89
2026-05-03T15:40:00Z,NEM,TAS1,73.9,841.08
2026-05-03T15:40:00Z,NEM,VIC1,-1.07,4006.1
2026-05-03T15:45:00Z,NEM,NSW1,59.84,6570.56
2026-05-03T15:45:00Z,NEM,QLD1,52.75,5600.88
2026-05-03T15:45:00Z,NEM,SA1,-1.98,1430.08
2026-05-03T15:45:00Z,NEM,TAS1,72.95,838.82
2026-05-03T15:45:00Z,NEM,VIC1,-2.0,3918.07
2026-05-03T15:50:00Z,NEM,NSW1,59.44,6550.7
2026-05-03T15:50:00Z,NEM,QLD1,52.75,5608.84
2026-05-03T15:50:00Z,NEM,SA1,-1.97,1428.28
2026-05-03T15:50:00Z,NEM,TAS1,72.23,839.25
2026-05-03T15:50:00Z,NEM,VIC1,-2.0,3899.41
2026-05-03T15:55:00Z,NEM,NSW1,57.51,6516.84
2026-05-03T15:55:00Z,NEM,QLD1,51.01,5588.33
2026-05-03T15:55:00Z,NEM,SA1,-1.95,1420.93
2026-05-03T15:55:00Z,NEM,TAS1,72.94,836.15
2026-05-03T15:55:00Z,NEM,VIC1,-2.0,3892.4
2026-05-03T16:00:00Z,NEM,NSW1,56.06,6366.04
2026-05-03T16:00:00Z,NEM,QLD1,49.63,5524.82
2026-05-03T16:00:00Z,NEM,SA1,-1.05,1412.0
2026-05-03T16:00:00Z,NEM,TAS1,73.88,839.4
2026-05-03T16:00:00Z,NEM,VIC1,-1.09,3911.65
2026-05-03T16:05:00Z,NEM,NSW1,59.98,6443.91
2026-05-03T16:05:00Z,NEM,QLD1,52.75,5494.52
2026-05-03T16:05:00Z,NEM,SA1,-0.09,1401.09
2026-05-03T16:05:00Z,NEM,TAS1,86.9,849.48
2026-05-03T16:05:00Z,NEM,VIC1,-0.1,3918.07
2026-05-03T16:10:00Z,NEM,NSW1,57.51,6327.69
2026-05-03T16:10:00Z,NEM,QLD1,50.9,5528.12
2026-05-03T16:10:00Z,NEM,SA1,-0.09,1404.11
2026-05-03T16:10:00Z,NEM,TAS1,74.9,860.84
2026-05-03T16:10:00Z,NEM,VIC1,-0.1,3891.6
2026-05-03T16:15:00Z,NEM,NSW1,57.51,6414.18
2026-05-03T16:15:00Z,NEM,QLD1,49.93,5496.87
2026-05-03T16:15:00Z,NEM,SA1,-0.01,1399.84
2026-05-03T16:15:00Z,NEM,TAS1,86.9,867.56
2026-05-03T16:15:00Z,NEM,VIC1,-0.1,3821.41
2026-05-03T16:20:00Z,NEM,NSW1,56.06,6356.21
2026-05-03T16:20:00Z,NEM,QLD1,48.65,5481.53
2026-05-03T16:20:00Z,NEM,SA1,-1.05,1406.65
2026-05-03T16:20:00Z,NEM,TAS1,73.86,868.5
2026-05-03T16:20:00Z,NEM,VIC1,-1.11,3860.21
2026-05-03T16:25:00Z,NEM,NSW1,57.51,6357.5
2026-05-03T16:25:00Z,NEM,QLD1,50.27,5530.58
2026-05-03T16:25:00Z,NEM,SA1,-1.05,1393.46
2026-05-03T16:25:00Z,NEM,TAS1,73.85,874.88
2026-05-03T16:25:00Z,NEM,VIC1,-1.11,3847.13
2026-05-03T16:30:00Z,NEM,NSW1,74.57,6440.16
2026-05-03T16:30:00Z,NEM,QLD1,64.8,5544.6
2026-05-03T16:30:00Z,NEM,SA1,-1.05,1382.87
2026-05-03T16:30:00Z,NEM,TAS1,85.85,874.56
2026-05-03T16:30:00Z,NEM,VIC1,-1.11,3786.15
2026-05-03T16:35:00Z,NEM,NSW1,59.96,6374.45
2026-05-03T16:35:00Z,NEM,QLD1,52.75,5510.81
2026-05-03T16:35:00Z,NEM,SA1,-0.09,1367.11
2026-05-03T16:35:00Z,NEM,TAS1,74.9,883.52
2026-05-03T16:35:00Z,NEM,VIC1,-0.1,3798.51
2026-05-03T16:40:00Z,NEM,NSW1,60.32,6359.76
2026-05-03T16:40:00Z,NEM,QLD1,52.75,5551.79
2026-05-03T16:40:00Z,NEM,SA1,-1.03,1377.44
2026-05-03T16:40:00Z,NEM,TAS1,73.87,882.31
2026-05-03T16:40:00Z,NEM,VIC1,-1.1,3807.49
2026-05-03T16:45:00Z,NEM,NSW1,61.15,6413.1
2026-05-03T16:45:00Z,NEM,QLD1,52.75,5491.74
2026-05-03T16:45:00Z,NEM,SA1,-1.02,1375.53
2026-05-03T16:45:00Z,NEM,TAS1,73.87,881.84
2026-05-03T16:45:00Z,NEM,VIC1,-1.1,3787.85
2026-05-03T16:50:00Z,NEM,NSW1,60.77,6341.71
2026-05-03T16:50:00Z,NEM,QLD1,52.75,5510.44
2026-05-03T16:50:00Z,NEM,SA1,-1.05,1381.91
2026-05-03T16:50:00Z,NEM,TAS1,73.87,870.02
2026-05-03T16:50:00Z,NEM,VIC1,-1.1,3721.45
2026-05-03T16:55:00Z,NEM,NSW1,57.51,6273.37
2026-05-03T16:55:00Z,NEM,QLD1,49.89,5480.53
2026-05-03T16:55:00Z,NEM,SA1,-1.03,1383.63
2026-05-03T16:55:00Z,NEM,TAS1,73.87,871.8
2026-05-03T16:55:00Z,NEM,VIC1,-1.1,3762.67
2026-05-03T17:00:00Z,NEM,NSW1,60.41,6295.22
2026-05-03T17:00:00Z,NEM,QLD1,52.75,5502.45
2026-05-03T17:00:00Z,NEM,SA1,-1.05,1374.63
2026-05-03T17:00:00Z,NEM,TAS1,73.15,874.61
2026-05-03T17:00:00Z,NEM,VIC1,-1.11,3764.1
2026-05-03T17:05:00Z,NEM,NSW1,75.7,6311.35
2026-05-03T17:05:00Z,NEM,QLD1,64.83,5499.79
2026-05-03T17:05:00Z,NEM,SA1,-1.1,1358.56
2026-05-03T17:05:00Z,NEM,TAS1,73.81,861.06
2026-05-03T17:05:00Z,NEM,VIC1,-1.16,3758.39
2026-05-03T17:10:00Z,NEM,NSW1,60.46,6194.14
2026-05-03T17:10:00Z,NEM,QLD1,52.75,5474.17
2026-05-03T17:10:00Z,NEM,SA1,-1.89,1356.63
2026-05-03T17:10:00Z,NEM,TAS1,72.93,873.3
2026-05-03T17:10:00Z,NEM,VIC1,-2.0,3762.64
2026-05-03T17:15:00Z,NEM,NSW1,74.3,6223.67
2026-05-03T17:15:00Z,NEM,QLD1,64.83,5456.02
2026-05-03T17:15:00Z,NEM,SA1,-2.13,1345.77
2026-05-03T17:15:00Z,NEM,TAS1,72.66,872.62
2026-05-03T17:15:00Z,NEM,VIC1,-2.26,3686.36
2026-05-03T17:20:00Z,NEM,NSW1,76.99,6189.44
2026-05-03T17:20:00Z,NEM,QLD1,67.64,5524.41
2026-05-03T17:20:00Z,NEM,SA1,-1.89,1346.35
2026-05-03T17:20:00Z,NEM,TAS1,72.94,875.07
2026-05-03T17:20:00Z,NEM,VIC1,-2.0,3770.69
2026-05-03T17:25:00Z,NEM,NSW1,62.48,6113.04
2026-05-03T17:25:00Z,NEM,QLD1,55.53,5473.46
2026-05-03T17:25:00Z,NEM,SA1,-1.05,1342.61
2026-05-03T17:25:00Z,NEM,TAS1,73.83,865.5
2026-05-03T17:25:00Z,NEM,VIC1,-1.13,3769.63
2026-05-03T17:30:00Z,NEM,NSW1,73.61,6162.96
2026-05-03T17:30:00Z,NEM,QLD1,64.65,5481.24
2026-05-03T17:30:00Z,NEM,SA1,-1.89,1339.28
2026-05-03T17:30:00Z,NEM,TAS1,72.93,882.65
2026-05-03T17:30:00Z,NEM,VIC1,-2.0,3662.23
2026-05-03T17:35:00Z,NEM,NSW1,74.05,6175.93
2026-05-03T17:35:00Z,NEM,QLD1,64.65,5519.64
2026-05-03T17:35:00Z,NEM,SA1,-2.14,1345.89
2026-05-03T17:35:00Z,NEM,TAS1,72.66,888.41
2026-05-03T17:35:00Z,NEM,VIC1,-2.26,3691.95
2026-05-03T17:40:00Z,NEM,NSW1,62.8,6160.42
2026-05-03T17:40:00Z,NEM,QLD1,55.53,5503.31
2026-05-03T17:40:00Z,NEM,SA1,-2.14,1339.82
2026-05-03T17:40:00Z,NEM,TAS1,72.66,888.05
2026-05-03T17:40:00Z,NEM,VIC1,-2.26,3704.44
2026-05-03T17:45:00Z,NEM,NSW1,73.14,6183.35
2026-05-03T17:45:00Z,NEM,QLD1,64.65,5477.3
2026-05-03T17:45:00Z,NEM,SA1,-2.01,1343.82
2026-05-03T17:45:00Z,NEM,TAS1,72.82,892.12
2026-05-03T17:45:00Z,NEM,VIC1,-2.11,3743.48
2026-05-03T17:50:00Z,NEM,NSW1,57.51,6057.29
2026-05-03T17:50:00Z,NEM,QLD1,52.11,5456.85
2026-05-03T17:50:00Z,NEM,SA1,-2.01,1336.5
2026-05-03T17:50:00Z,NEM,TAS1,72.82,892.32
2026-05-03T17:50:00Z,NEM,VIC1,-2.1,3713.96
2026-05-03T17:55:00Z,NEM,NSW1,57.51,6084.61
2026-05-03T17:55:00Z,NEM,QLD1,52.11,5454.46
2026-05-03T17:55:00Z,NEM,SA1,-2.18,1330.42
2026-05-03T17:55:00Z,NEM,TAS1,72.66,893.02
2026-05-03T17:55:00Z,NEM,VIC1,-2.26,3649.45
2026-05-03T18:00:00Z,NEM,NSW1,57.51,6058.86
2026-05-03T18:00:00Z,NEM,QLD1,52.5,5527.06
2026-05-03T18:00:00Z,NEM,SA1,-2.18,1326.44
2026-05-03T18:00:00Z,NEM,TAS1,72.66,888.94
2026-05-03T18:00:00Z,NEM,VIC1,-2.26,3701.78
2026-05-03T18:05:00Z,NEM,NSW1,58.54,6174.77
2026-05-03T18:05:00Z,NEM,QLD1,52.75,5469.74
2026-05-03T18:05:00Z,NEM,SA1,-2.28,1316.01
2026-05-03T18:05:00Z,NEM,TAS1,84.62,889.44
2026-05-03T18:05:00Z,NEM,VIC1,-2.26,3688.87
2026-05-03T18:10:00Z,NEM,NSW1,58.53,6164.45
2026-05-03T18:10:00Z,NEM,QLD1,52.75,5488.33
2026-05-03T18:10:00Z,NEM,SA1,-2.3,1311.73
2026-05-03T18:10:00Z,NEM,TAS1,84.63,907.03
2026-05-03T18:10:00Z,NEM,VIC1,-2.29,3751.72
2026-05-03T18:15:00Z,NEM,NSW1,59.7,6312.89
2026-05-03T18:15:00Z,NEM,QLD1,52.75,5424.6
2026-05-03T18:15:00Z,NEM,SA1,-3.0,1316.27
2026-05-03T18:15:00Z,NEM,TAS1,83.92,907.73
2026-05-03T18:15:00Z,NEM,VIC1,-2.97,3702.81
2026-05-03T18:20:00Z,NEM,NSW1,58.89,6280.86
2026-05-03T18:20:00Z,NEM,QLD1,52.75,5469.31
2026-05-03T18:20:00Z,NEM,SA1,-2.35,1301.22
2026-05-03T18:20:00Z,NEM,TAS1,71.91,908.63
2026-05-03T18:20:00Z,NEM,VIC1,-2.29,3781.68
2026-05-03T18:25:00Z,NEM,NSW1,57.51,6249.7
2026-05-03T18:25:00Z,NEM,QLD1,51.83,5457.09
2026-05-03T18:25:00Z,NEM,SA1,-3.0,1304.84
2026-05-03T18:25:00Z,NEM,TAS1,71.31,905.16
2026-05-03T18:25:00Z,NEM,VIC1,-2.88,3795.0
2026-05-03T18:30:00Z,NEM,NSW1,58.49,6300.02
2026-05-03T18:30:00Z,NEM,QLD1,52.75,5497.4
2026-05-03T18:30:00Z,NEM,SA1,-3.0,1308.44
2026-05-03T18:30:00Z,NEM,TAS1,71.35,897.3
2026-05-03T18:30:00Z,NEM,VIC1,-2.87,3787.55
2026-05-03T18:35:00Z,NEM,NSW1,57.51,6285.15
2026-05-03T18:35:00Z,NEM,QLD1,51.85,5488.74
2026-05-03T18:35:00Z,NEM,SA1,-3.0,1305.9
2026-05-03T18:35:00Z,NEM,TAS1,71.41,903.71
2026-05-03T18:35:00Z,NEM,VIC1,-2.82,3750.67
2026-05-03T18:40:00Z,NEM,NSW1,57.51,6273.55
2026-05-03T18:40:00Z,NEM,QLD1,52.21,5530.73
2026-05-03T18:40:00Z,NEM,SA1,-2.41,1334.11
2026-05-03T18:40:00Z,NEM,TAS1,72.63,900.61
2026-05-03T18:40:00Z,NEM,VIC1,-2.29,3760.91
2026-05-03T18:45:00Z,NEM,NSW1,57.51,6302.7
2026-05-03T18:45:00Z,NEM,QLD1,51.88,5522.53
2026-05-03T18:45:00Z,NEM,SA1,-2.4,1349.55
2026-05-03T18:45:00Z,NEM,TAS1,84.62,908.98
2026-05-03T18:45:00Z,NEM,VIC1,-2.29,3784.4
2026-05-03T18:50:00Z,NEM,NSW1,60.39,6337.77
2026-05-03T18:50:00Z,NEM,QLD1,54.5,5533.44
2026-05-03T18:50:00Z,NEM,SA1,-2.33,1351.79
2026-05-03T18:50:00Z,NEM,TAS1,84.62,918.79
2026-05-03T18:50:00Z,NEM,VIC1,-2.29,3851.49
2026-05-03T18:55:00Z,NEM,NSW1,62.75,6413.76
2026-05-03T18:55:00Z,NEM,QLD1,55.53,5484.88
2026-05-03T18:55:00Z,NEM,SA1,-2.33,1347.11
2026-05-03T18:55:00Z,NEM,TAS1,84.61,919.26
2026-05-03T18:55:00Z,NEM,VIC1,-2.29,3885.22
2026-05-03T19:00:00Z,NEM,NSW1,72.99,6443.55
2026-05-03T19:00:00Z,NEM,QLD1,64.65,5536.71
2026-05-03T19:00:00Z,NEM,SA1,-2.29,1346.13
2026-05-03T19:00:00Z,NEM,TAS1,84.63,924.54
2026-05-03T19:00:00Z,NEM,VIC1,-2.26,3889.1
2026-05-03T19:05:00Z,NEM,NSW1,57.51,6370.8
2026-05-03T19:05:00Z,NEM,QLD1,51.9,5522.83
2026-05-03T19:05:00Z,NEM,SA1,-2.04,1356.1
2026-05-03T19:05:00Z,NEM,TAS1,84.92,916.13
2026-05-03T19:05:00Z,NEM,VIC1,-2.0,3941.3
2026-05-03T19:10:00Z,NEM,NSW1,62.28,6517.91
2026-05-03T19:10:00Z,NEM,QLD1,55.53,5546.44
2026-05-03T19:10:00Z,NEM,SA1,-2.31,1363.24
2026-05-03T19:10:00Z,NEM,TAS1,71.96,925.87
2026-05-03T19:10:00Z,NEM,VIC1,-2.26,4002.48
2026-05-03T19:15:00Z,NEM,NSW1,72.89,6554.57
2026-05-03T19:15:00Z,NEM,QLD1,64.65,5592.34
2026-05-03T19:15:00Z,NEM,SA1,-2.05,1359.97
2026-05-03T19:15:00Z,NEM,TAS1,72.25,923.97
2026-05-03T19:15:00Z,NEM,VIC1,-2.0,4067.81
2026-05-03T19:20:00Z,NEM,NSW1,60.07,6464.72
2026-05-03T19:20:00Z,NEM,QLD1,54.63,5590.8
2026-05-03T19:20:00Z,NEM,SA1,-2.06,1368.69
2026-05-03T19:20:00Z,NEM,TAS1,72.25,932.65
2026-05-03T19:20:00Z,NEM,VIC1,-2.0,4017.07
2026-05-03T19:25:00Z,NEM,NSW1,60.08,6496.44
2026-05-03T19:25:00Z,NEM,QLD1,54.63,5573.54
2026-05-03T19:25:00Z,NEM,SA1,-2.01,1374.58
2026-05-03T19:25:00Z,NEM,TAS1,72.99,935.44
2026-05-03T19:25:00Z,NEM,VIC1,-1.95,4048.95
2026-05-03T19:30:00Z,NEM,NSW1,72.16,6562.09
2026-05-03T19:30:00Z,NEM,QLD1,64.83,5614.03
2026-05-03T19:30:00Z,NEM,SA1,-2.0,1384.34
2026-05-03T19:30:00Z,NEM,TAS1,72.67,939.13
2026-05-03T19:30:00Z,NEM,VIC1,-2.26,4076.32
2026-05-03T19:35:00Z,NEM,NSW1,60.19,6588.73
2026-05-03T19:35:00Z,NEM,QLD1,55.53,5674.25
2026-05-03T19:35:00Z,NEM,SA1,-2.01,1418.37
2026-05-03T19:35:00Z,NEM,TAS1,72.32,947.06
2026-05-03T19:35:00Z,NEM,VIC1,-1.94,4066.47
2026-05-03T19:40:00Z,NEM,NSW1,69.8,6662.06
2026-05-03T19:40:00Z,NEM,QLD1,63.99,5650.79
2026-05-03T19:40:00Z,NEM,SA1,-2.0,1409.26
2026-05-03T19:40:00Z,NEM,TAS1,72.25,956.45
2026-05-03T19:40:00Z,NEM,VIC1,-1.98,4134.88
2026-05-03T19:45:00Z,NEM,NSW1,57.51,6580.69
2026-05-03T19:45:00Z,NEM,QLD1,52.75,5678.08
2026-05-03T19:45:00Z,NEM,SA1,-2.0,1395.36
2026-05-03T19:45:00Z,NEM,TAS1,72.26,971.35
2026-05-03T19:45:00Z,NEM,VIC1,-1.98,4185.97
2026-05-03T19:50:00Z,NEM,NSW1,59.82,6572.98
2026-05-03T19:50:00Z,NEM,QLD1,55.53,5668.61
2026-05-03T19:50:00Z,NEM,SA1,-1.95,1395.55
2026-05-03T19:50:00Z,NEM,TAS1,72.94,993.95
2026-05-03T19:50:00Z,NEM,VIC1,-2.0,4284.45
2026-05-03T19:55:00Z,NEM,NSW1,76.99,6778.56
2026-05-03T19:55:00Z,NEM,QLD1,69.36,5714.64
2026-05-03T19:55:00Z,NEM,SA1,-1.05,1410.32
2026-05-03T19:55:00Z,NEM,TAS1,73.9,1002.46
2026-05-03T19:55:00Z,NEM,VIC1,-1.07,4328.78
2026-05-03T20:00:00Z,NEM,NSW1,72.46,6820.99
2026-05-03T20:00:00Z,NEM,QLD1,64.83,5671.84
2026-05-03T20:00:00Z,NEM,SA1,-0.1,1407.09
2026-05-03T20:00:00Z,NEM,TAS1,86.9,1008.18
2026-05-03T20:00:00Z,NEM,VIC1,-0.1,4288.48
2026-05-03T20:05:00Z,NEM,NSW1,57.51,6817.95
2026-05-03T20:05:00Z,NEM,QLD1,52.76,5647.55
2026-05-03T20:05:00Z,NEM,SA1,-1.89,1406.41
2026-05-03T20:05:00Z,NEM,TAS1,84.26,1022.76
2026-05-03T20:05:00Z,NEM,VIC1,-2.0,4440.58
2026-05-03T20:10:00Z,NEM,NSW1,70.06,7028.22
2026-05-03T20:10:00Z,NEM,QLD1,63.99,5711.51
2026-05-03T20:10:00Z,NEM,SA1,-1.89,1422.04
2026-05-03T20:10:00Z,NEM,TAS1,84.31,1043.0
2026-05-03T20:10:00Z,NEM,VIC1,-2.0,4544.36
2026-05-03T20:15:00Z,NEM,NSW1,69.58,7121.7
2026-05-03T20:15:00Z,NEM,QLD1,63.99,5734.53
2026-05-03T20:15:00Z,NEM,SA1,-1.03,1433.54
2026-05-03T20:15:00Z,NEM,TAS1,85.86,1053.75
2026-05-03T20:15:00Z,NEM,VIC1,-1.1,4635.0
2026-05-03T20:20:00Z,NEM,NSW1,69.54,7180.92
2026-05-03T20:20:00Z,NEM,QLD1,63.99,5745.8
2026-05-03T20:20:00Z,NEM,SA1,-0.09,1431.59
2026-05-03T20:20:00Z,NEM,TAS1,86.9,1062.67
2026-05-03T20:20:00Z,NEM,VIC1,-0.1,4702.18
2026-05-03T20:25:00Z,NEM,NSW1,64.89,7178.16
2026-05-03T20:25:00Z,NEM,QLD1,59.3,5703.38
2026-05-03T20:25:00Z,NEM,SA1,-1.02,1442.94
2026-05-03T20:25:00Z,NEM,TAS1,85.86,1070.53
2026-05-03T20:25:00Z,NEM,VIC1,-1.1,4716.39
2026-05-03T20:30:00Z,NEM,NSW1,64.89,7218.36
2026-05-03T20:30:00Z,NEM,QLD1,59.72,5747.95
2026-05-03T20:30:00Z,NEM,SA1,-1.88,1436.38
2026-05-03T20:30:00Z,NEM,TAS1,84.93,1082.36
2026-05-03T20:30:00Z,NEM,VIC1,-2.0,4724.68
2026-05-03T20:35:00Z,NEM,NSW1,56.06,7229.64
2026-05-03T20:35:00Z,NEM,QLD1,50.61,5728.6
2026-05-03T20:35:00Z,NEM,SA1,-2.0,1457.81
2026-05-03T20:35:00Z,NEM,TAS1,84.19,1083.23
2026-05-03T20:35:00Z,NEM,VIC1,-2.04,4772.91
2026-05-03T20:40:00Z,NEM,NSW1,64.89,7350.81
2026-05-03T20:40:00Z,NEM,QLD1,60.18,5787.97
2026-05-03T20:40:00Z,NEM,SA1,-1.05,1463.58
2026-05-03T20:40:00Z,NEM,TAS1,85.23,1103.53
2026-05-03T20:40:00Z,NEM,VIC1,-1.11,4950.7
2026-05-03T20:45:00Z,NEM,NSW1,58.35,7474.08
2026-05-03T20:45:00Z,NEM,QLD1,52.75,5763.89
2026-05-03T20:45:00Z,NEM,SA1,-1.05,1479.62
2026-05-03T20:45:00Z,NEM,TAS1,85.24,1106.52
2026-05-03T20:45:00Z,NEM,VIC1,-1.12,5014.15
2026-05-03T20:50:00Z,NEM,NSW1,64.89,7524.86
2026-05-03T20:50:00Z,NEM,QLD1,58.6,5659.31
2026-05-03T20:50:00Z,NEM,SA1,-1.02,1482.39
2026-05-03T20:50:00Z,NEM,TAS1,85.87,1119.92
2026-05-03T20:50:00Z,NEM,VIC1,-1.09,5031.83
2026-05-03T20:55:00Z,NEM,NSW1,35.88,7443.52
2026-05-03T20:55:00Z,NEM,QLD1,31.98,5654.6
2026-05-03T20:55:00Z,NEM,SA1,-0.09,1510.68
2026-05-03T20:55:00Z,NEM,TAS1,86.9,1129.01
2026-05-03T20:55:00Z,NEM,VIC1,-0.1,5182.25
2026-05-03T21:00:00Z,NEM,NSW1,57.51,7534.04
2026-05-03T21:00:00Z,NEM,QLD1,52.63,5700.69
2026-05-03T21:00:00Z,NEM,SA1,-0.09,1523.38
2026-05-03T21:00:00Z,NEM,TAS1,86.9,1138.75
2026-05-03T21:00:00Z,NEM,VIC1,-0.1,5210.27
2026-05-03T21:05:00Z,NEM,NSW1,58.59,7614.39
2026-05-03T21:05:00Z,NEM,QLD1,52.75,5708.87
2026-05-03T21:05:00Z,NEM,SA1,-0.09,1528.22
2026-05-03T21:05:00Z,NEM,TAS1,86.2,1151.94
2026-05-03T21:05:00Z,NEM,VIC1,-0.1,5269.84
2026-05-03T21:10:00Z,NEM,NSW1,58.72,7658.69
2026-05-03T21:10:00Z,NEM,QLD1,52.75,5700.57
2026-05-03T21:10:00Z,NEM,SA1,-0.09,1541.58
2026-05-03T21:10:00Z,NEM,TAS1,86.2,1154.97
2026-05-03T21:10:00Z,NEM,VIC1,-0.1,5252.28
2026-05-03T21:15:00Z,NEM,NSW1,58.59,7752.97
2026-05-03T21:15:00Z,NEM,QLD1,52.75,5637.17
2026-05-03T21:15:00Z,NEM,SA1,-0.05,1548.76
2026-05-03T21:15:00Z,NEM,TAS1,86.95,1164.49
2026-05-03T21:15:00Z,NEM,VIC1,-0.05,5361.66
2026-05-03T21:20:00Z,NEM,NSW1,56.07,7704.54
2026-05-03T21:20:00Z,NEM,QLD1,49.69,5645.5
2026-05-03T21:20:00Z,NEM,SA1,8.27,1555.31
2026-05-03T21:20:00Z,NEM,TAS1,95.18,1176.03
2026-05-03T21:20:00Z,NEM,VIC1,8.69,5503.45
2026-05-03T21:25:00Z,NEM,NSW1,56.06,7725.05
2026-05-03T21:25:00Z,NEM,QLD1,48.36,5565.22
2026-05-03T21:25:00Z,NEM,SA1,8.32,1566.86
2026-05-03T21:25:00Z,NEM,TAS1,95.2,1182.51
2026-05-03T21:25:00Z,NEM,VIC1,8.69,5486.88
2026-05-03T21:30:00Z,NEM,NSW1,46.4,7691.02
2026-05-03T21:30:00Z,NEM,QLD1,39.75,5545.49
2026-05-03T21:30:00Z,NEM,SA1,8.51,1579.34
2026-05-03T21:30:00Z,NEM,TAS1,95.34,1194.81
2026-05-03T21:30:00Z,NEM,VIC1,8.8,5452.25
2026-05-03T21:35:00Z,NEM,NSW1,47.34,7771.9
2026-05-03T21:35:00Z,NEM,QLD1,39.75,5489.77
2026-05-03T21:35:00Z,NEM,SA1,8.41,1601.2
2026-05-03T21:35:00Z,NEM,TAS1,95.96,1197.61
2026-05-03T21:35:00Z,NEM,VIC1,8.69,5452.35
2026-05-03T21:40:00Z,NEM,NSW1,28.29,7706.79
2026-05-03T21:40:00Z,NEM,QLD1,23.71,5387.53
2026-05-03T21:40:00Z,NEM,SA1,8.44,1615.55
2026-05-03T21:40:00Z,NEM,TAS1,95.96,1203.25
2026-05-03T21:40:00Z,NEM,VIC1,8.69,5548.85
2026-05-03T21:45:00Z,NEM,NSW1,47.12,7773.44
2026-05-03T21:45:00Z,NEM,QLD1,39.75,5381.93
2026-05-03T21:45:00Z,NEM,SA1,8.42,1624.14
2026-05-03T21:45:00Z,NEM,TAS1,95.96,1201.81
2026-05-03T21:45:00Z,NEM,VIC1,8.69,5487.76
2026-05-03T21:50:00Z,NEM,NSW1,38.51,7811.98
2026-05-03T21:50:00Z,NEM,QLD1,23.71,5366.28
2026-05-03T21:50:00Z,NEM,SA1,0.01,1603.89
2026-05-03T21:50:00Z,NEM,TAS1,87.01,1201.32
2026-05-03T21:50:00Z,NEM,VIC1,0.01,5507.56
2026-05-03T21:55:00Z,NEM,NSW1,56.06,7813.14
2026-05-03T21:55:00Z,NEM,QLD1,22.81,5288.64
2026-05-03T21:55:00Z,NEM,SA1,-0.05,1581.06
2026-05-03T21:55:00Z,NEM,TAS1,86.95,1207.27
2026-05-03T21:55:00Z,NEM,VIC1,-0.05,5469.76
2026-05-03T22:00:00Z,NEM,NSW1,56.06,7818.42
2026-05-03T22:00:00Z,NEM,QLD1,39.75,5278.79
2026-05-03T22:00:00Z,NEM,SA1,-1.02,1579.22
2026-05-03T22:00:00Z,NEM,TAS1,86.9,1195.35
2026-05-03T22:00:00Z,NEM,VIC1,-0.1,5357.82
2026-05-03T22:05:00Z,NEM,NSW1,43.36,7875.01
2026-05-03T22:05:00Z,NEM,QLD1,37.93,5204.73
2026-05-03T22:05:00Z,NEM,SA1,-0.09,1592.75
2026-05-03T22:05:00Z,NEM,TAS1,86.9,1192.86
2026-05-03T22:05:00Z,NEM,VIC1,-0.1,5292.2
2026-05-03T22:10:00Z,NEM,NSW1,42.47,7942.54
2026-05-03T22:10:00Z,NEM,QLD1,37.43,5249.61
2026-05-03T22:10:00Z,NEM,SA1,0.0,1580.94
2026-05-03T22:10:00Z,NEM,TAS1,87.0,1171.27
2026-05-03T22:10:00Z,NEM,VIC1,0.0,5343.63
2026-05-03T22:15:00Z,NEM,NSW1,44.24,7890.78
2026-05-03T22:15:00Z,NEM,QLD1,39.71,5229.4
2026-05-03T22:15:00Z,NEM,SA1,-0.1,1587.36
2026-05-03T22:15:00Z,NEM,TAS1,86.89,1161.48
2026-05-03T22:15:00Z,NEM,VIC1,-0.1,5224.75
2026-05-03T22:20:00Z,NEM,NSW1,45.77,7893.49
2026-05-03T22:20:00Z,NEM,QLD1,39.99,5149.76
2026-05-03T22:20:00Z,NEM,SA1,-1.05,1581.21
2026-05-03T22:20:00Z,NEM,TAS1,85.9,1147.04
2026-05-03T22:20:00Z,NEM,VIC1,-1.04,5092.42
2026-05-03T22:25:00Z,NEM,NSW1,40.54,7957.37
2026-05-03T22:25:00Z,NEM,QLD1,36.12,5155.48
2026-05-03T22:25:00Z,NEM,SA1,-0.1,1548.59
2026-05-03T22:25:00Z,NEM,TAS1,86.89,1164.85
2026-05-03T22:25:00Z,NEM,VIC1,-0.1,5135.25
2026-05-03T22:30:00Z,NEM,NSW1,25.98,7937.89
2026-05-03T22:30:00Z,NEM,QLD1,22.81,5049.31
2026-05-03T22:30:00Z,NEM,SA1,-1.05,1522.15
2026-05-03T22:30:00Z,NEM,TAS1,88.24,1159.86
2026-05-03T22:30:00Z,NEM,VIC1,-1.03,5080.28
2026-05-03T22:35:00Z,NEM,NSW1,40.04,7998.03
2026-05-03T22:35:00Z,NEM,QLD1,34.72,5051.42
2026-05-03T22:35:00Z,NEM,SA1,-2.38,1479.53
2026-05-03T22:35:00Z,NEM,TAS1,88.24,1150.89
2026-05-03T22:35:00Z,NEM,VIC1,-2.29,4996.88
2026-05-03T22:40:00Z,NEM,NSW1,57.51,7965.79
2026-05-03T22:40:00Z,NEM,QLD1,39.99,4965.32
2026-05-03T22:40:00Z,NEM,SA1,-1.05,1476.26
2026-05-03T22:40:00Z,NEM,TAS1,88.24,1143.04
2026-05-03T22:40:00Z,NEM,VIC1,-1.03,4953.15
2026-05-03T22:45:00Z,NEM,NSW1,70.01,7900.28
2026-05-03T22:45:00Z,NEM,QLD1,39.75,4901.41
2026-05-03T22:45:00Z,NEM,SA1,-4.0,1444.84
2026-05-03T22:45:00Z,NEM,TAS1,82.78,1131.08
2026-05-03T22:45:00Z,NEM,VIC1,-12.1,4777.75
2026-05-03T22:50:00Z,NEM,NSW1,40.55,7880.69
2026-05-03T22:50:00Z,NEM,QLD1,23.73,4867.15
2026-05-03T22:50:00Z,NEM,SA1,0.0,1436.18
2026-05-03T22:50:00Z,NEM,TAS1,88.24,1129.6
2026-05-03T22:50:00Z,NEM,VIC1,-3.0,4801.41
2026-05-03T22:55:00Z,NEM,NSW1,40.55,7929.14
2026-05-03T22:55:00Z,NEM,QLD1,35.13,4753.89
2026-05-03T22:55:00Z,NEM,SA1,-3.0,1400.7
2026-05-03T22:55:00Z,NEM,TAS1,80.75,1125.27
2026-05-03T22:55:00Z,NEM,VIC1,-5.89,4701.55
2026-05-03T23:00:00Z,NEM,NSW1,70.01,7834.9
2026-05-03T23:00:00Z,NEM,QLD1,37.98,4778.39
2026-05-03T23:00:00Z,NEM,SA1,-2.01,1370.81
2026-05-03T23:00:00Z,NEM,TAS1,74.55,1120.52
2026-05-03T23:00:00Z,NEM,VIC1,-11.74,4667.01
2026-05-03T23:05:00Z,NEM,NSW1,70.01,7748.05
2026-05-03T23:05:00Z,NEM,QLD1,37.93,4758.25
2026-05-03T23:05:00Z,NEM,SA1,-2.01,1361.36
2026-05-03T23:05:00Z,NEM,TAS1,82.46,1127.04
2026-05-03T23:05:00Z,NEM,VIC1,-11.74,4656.08
2026-05-03T23:10:00Z,NEM,NSW1,56.06,7959.18
2026-05-03T23:10:00Z,NEM,QLD1,23.73,4721.82
2026-05-03T23:10:00Z,NEM,SA1,-3.0,1366.4
2026-05-03T23:10:00Z,NEM,TAS1,80.73,1113.62
2026-05-03T23:10:00Z,NEM,VIC1,-5.9,4647.51
2026-05-03T23:15:00Z,NEM,NSW1,56.06,7902.87
2026-05-03T23:15:00Z,NEM,QLD1,39.71,4717.48
2026-05-03T23:15:00Z,NEM,SA1,0.0,1359.48
2026-05-03T23:15:00Z,NEM,TAS1,83.8,1114.55
2026-05-03T23:15:00Z,NEM,VIC1,-3.0,4690.34
2026-05-03T23:20:00Z,NEM,NSW1,71.4,7869.82
2026-05-03T23:20:00Z,NEM,QLD1,37.93,4679.78
2026-05-03T23:20:00Z,NEM,SA1,-4.0,1352.83
2026-05-03T23:20:00Z,NEM,TAS1,79.27,1110.35
2026-05-03T23:20:00Z,NEM,VIC1,-7.25,4652.9
2026-05-03T23:25:00Z,NEM,NSW1,56.06,7943.0
2026-05-03T23:25:00Z,NEM,QLD1,22.81,4664.14
2026-05-03T23:25:00Z,NEM,SA1,-2.01,1377.63
2026-05-03T23:25:00Z,NEM,TAS1,81.58,1110.8
2026-05-03T23:25:00Z,NEM,VIC1,-5.09,4699.34
2026-05-03T23:30:00Z,NEM,NSW1,56.06,7959.68
2026-05-03T23:30:00Z,NEM,QLD1,23.71,4616.92
2026-05-03T23:30:00Z,NEM,SA1,-3.01,1387.05
2026-05-03T23:30:00Z,NEM,TAS1,74.52,1102.82
2026-05-03T23:30:00Z,NEM,VIC1,-11.74,4506.99
2026-05-03T23:35:00Z,NEM,NSW1,71.4,7883.06
2026-05-03T23:35:00Z,NEM,QLD1,37.92,4600.85
2026-05-03T23:35:00Z,NEM,SA1,0.0,1356.57
2026-05-03T23:35:00Z,NEM,TAS1,83.8,1092.81
2026-05-03T23:35:00Z,NEM,VIC1,-3.01,4471.04
2026-05-03T23:40:00Z,NEM,NSW1,76.99,7890.04
2026-05-03T23:40:00Z,NEM,QLD1,23.73,4606.72
2026-05-03T23:40:00Z,NEM,SA1,-2.73,1319.61
2026-05-03T23:40:00Z,NEM,TAS1,83.24,1076.43
2026-05-03T23:40:00Z,NEM,VIC1,-3.55,4434.43
2026-05-03T23:45:00Z,NEM,NSW1,70.01,7869.43
2026-05-03T23:45:00Z,NEM,QLD1,37.98,4610.2
2026-05-03T23:45:00Z,NEM,SA1,-1.1,1275.54
2026-05-03T23:45:00Z,NEM,TAS1,83.23,1070.67
2026-05-03T23:45:00Z,NEM,VIC1,-3.55,4378.6
2026-05-03T23:50:00Z,NEM,NSW1,70.01,7802.59
2026-05-03T23:50:00Z,NEM,QLD1,36.73,4617.02
2026-05-03T23:50:00Z,NEM,SA1,-2.01,1240.18
2026-05-03T23:50:00Z,NEM,TAS1,74.52,1076.16
2026-05-03T23:50:00Z,NEM,VIC1,-11.74,4365.03
2026-05-03T23:55:00Z,NEM,NSW1,56.06,7834.83
2026-05-03T23:55:00Z,NEM,QLD1,37.93,4589.67
2026-05-03T23:55:00Z,NEM,SA1,-1.1,1229.88
2026-05-03T23:55:00Z,NEM,TAS1,77.81,1063.85
2026-05-03T23:55:00Z,NEM,VIC1,-8.67,4322.65
2026-05-04T00:00:00Z,NEM,NSW1,70.01,7848.67
2026-05-04T00:00:00Z,NEM,QLD1,37.93,4576.86
2026-05-04T00:00:00Z,NEM,SA1,-1.1,1210.65
2026-05-04T00:00:00Z,NEM,TAS1,77.81,1063.74
2026-05-04T00:00:00Z,NEM,VIC1,-8.67,4249.34
2026-05-04T00:05:00Z,NEM,NSW1,56.03,7718.6
2026-05-04T00:05:00Z,NEM,QLD1,37.93,4535.53
2026-05-04T00:05:00Z,NEM,SA1,-4.0,1189.82
2026-05-04T00:05:00Z,NEM,TAS1,77.76,1053.89
2026-05-04T00:05:00Z,NEM,VIC1,-8.67,4290.61
2026-05-04T00:10:00Z,NEM,NSW1,76.99,7827.58
2026-05-04T00:10:00Z,NEM,QLD1,36.73,4521.17
2026-05-04T00:10:00Z,NEM,SA1,-3.0,1231.5
2026-05-04T00:10:00Z,NEM,TAS1,77.79,1040.53
2026-05-04T00:10:00Z,NEM,VIC1,-8.67,4240.39
2026-05-04T00:15:00Z,NEM,NSW1,70.01,7795.86
2026-05-04T00:15:00Z,NEM,QLD1,39.71,4510.73
2026-05-04T00:15:00Z,NEM,SA1,-2.01,1247.06
2026-05-04T00:15:00Z,NEM,TAS1,74.52,1037.18
2026-05-04T00:15:00Z,NEM,VIC1,-11.74,4182.16
2026-05-04T00:20:00Z,NEM,NSW1,70.01,7749.5
2026-05-04T00:20:00Z,NEM,QLD1,39.75,4554.18
2026-05-04T00:20:00Z,NEM,SA1,0.0,1241.52
2026-05-04T00:20:00Z,NEM,TAS1,77.79,1021.98
2026-05-04T00:20:00Z,NEM,VIC1,-8.69,4161.62
2026-05-04T00:25:00Z,NEM,NSW1,70.01,7661.59
2026-05-04T00:25:00Z,NEM,QLD1,37.93,4496.46
2026-05-04T00:25:00Z,NEM,SA1,-3.0,1215.41
2026-05-04T00:25:00Z,NEM,TAS1,77.83,1018.35
2026-05-04T00:25:00Z,NEM,VIC1,-8.67,4094.25
2026-05-04T00:30:00Z,NEM,NSW1,56.06,7636.25
2026-05-04T00:30:00Z,NEM,QLD1,39.71,4503.0
2026-05-04T00:30:00Z,NEM,SA1,-3.01,1211.5
2026-05-04T00:30:00Z,NEM,TAS1,77.83,1017.77
2026-05-04T00:30:00Z,NEM,VIC1,-8.67,4140.44
2026-05-04T00:35:00Z,NEM,NSW1,56.06,7672.67
2026-05-04T00:35:00Z,NEM,QLD1,38.66,4464.93
2026-05-04T00:35:00Z,NEM,SA1,-2.01,1196.94
2026-05-04T00:35:00Z,NEM,TAS1,74.49,1007.08
2026-05-04T00:35:00Z,NEM,VIC1,-11.74,4057.92
2026-05-04T00:40:00Z,NEM,NSW1,70.01,7773.51
2026-05-04T00:40:00Z,NEM,QLD1,39.75,4444.45
2026-05-04T00:40:00Z,NEM,SA1,-3.0,1177.63
2026-05-04T00:40:00Z,NEM,TAS1,74.59,990.38
2026-05-04T00:40:00Z,NEM,VIC1,-11.74,3976.94
2026-05-04T00:45:00Z,NEM,NSW1,40.55,7809.32
2026-05-04T00:45:00Z,NEM,QLD1,35.29,4447.14
2026-05-04T00:45:00Z,NEM,SA1,-4.0,1157.72
2026-05-04T00:45:00Z,NEM,TAS1,77.83,989.88
2026-05-04T00:45:00Z,NEM,VIC1,-8.67,3995.15
2026-05-04T00:50:00Z,NEM,NSW1,56.06,7875.46
2026-05-04T00:50:00Z,NEM,QLD1,39.74,4400.28
2026-05-04T00:50:00Z,NEM,SA1,-2.01,1180.82
2026-05-04T00:50:00Z,NEM,TAS1,74.55,1000.28
2026-05-04T00:50:00Z,NEM,VIC1,-11.74,3912.92
2026-05-04T00:55:00Z,NEM,NSW1,70.01,7925.85
2026-05-04T00:55:00Z,NEM,QLD1,39.75,4463.88
2026-05-04T00:55:00Z,NEM,SA1,-10.23,1183.37
2026-05-04T00:55:00Z,NEM,TAS1,76.62,999.04
2026-05-04T00:55:00Z,NEM,VIC1,-9.75,3869.25
2026-05-04T01:00:00Z,NEM,NSW1,56.03,7946.4
2026-05-04T01:00:00Z,NEM,QLD1,39.74,4428.5
2026-05-04T01:00:00Z,NEM,SA1,-9.35,1198.88
2026-05-04T01:00:00Z,NEM,TAS1,77.79,997.13
2026-05-04T01:00:00Z,NEM,VIC1,-8.67,3882.44
2026-05-04T01:05:00Z,NEM,NSW1,70.01,7954.99
2026-05-04T01:05:00Z,NEM,QLD1,39.71,4409.23
2026-05-04T01:05:00Z,NEM,SA1,-4.0,1178.34
2026-05-04T01:05:00Z,NEM,TAS1,88.2,980.83
2026-05-04T01:05:00Z,NEM,VIC1,-3.72,3886.89
2026-05-04T01:10:00Z,NEM,NSW1,56.64,8069.54
2026-05-04T01:10:00Z,NEM,QLD1,48.48,4548.24
2026-05-04T01:10:00Z,NEM,SA1,-3.78,1117.19
2026-05-04T01:10:00Z,NEM,TAS1,83.22,972.81
2026-05-04T01:10:00Z,NEM,VIC1,-3.55,3877.25
2026-05-04T01:15:00Z,NEM,NSW1,56.06,7977.94
2026-05-04T01:15:00Z,NEM,QLD1,48.24,4532.55
2026-05-04T01:15:00Z,NEM,SA1,-4.0,1079.87
2026-05-04T01:15:00Z,NEM,TAS1,82.94,962.79
2026-05-04T01:15:00Z,NEM,VIC1,-3.82,3931.36
2026-05-04T01:20:00Z,NEM,NSW1,56.06,7994.7
2026-05-04T01:20:00Z,NEM,QLD1,48.3,4558.75
2026-05-04T01:20:00Z,NEM,SA1,-3.69,1072.5
2026-05-04T01:20:00Z,NEM,TAS1,83.24,953.1
2026-05-04T01:20:00Z,NEM,VIC1,-3.55,3908.87
2026-05-04T01:25:00Z,NEM,NSW1,66.88,8079.71
2026-05-04T01:25:00Z,NEM,QLD1,54.63,4597.73
2026-05-04T01:25:00Z,NEM,SA1,-4.0,1083.64
2026-05-04T01:25:00Z,NEM,TAS1,82.9,953.83
2026-05-04T01:25:00Z,NEM,VIC1,-3.87,3883.28
2026-05-04T01:30:00Z,NEM,NSW1,56.03,8047.09
2026-05-04T01:30:00Z,NEM,QLD1,39.71,4555.95
2026-05-04T01:30:00Z,NEM,SA1,-7.64,1054.15
2026-05-04T01:30:00Z,NEM,TAS1,79.29,954.29
2026-05-04T01:30:00Z,NEM,VIC1,-7.25,3806.81
2026-05-04T01:35:00Z,NEM,NSW1,47.24,8029.92
2026-05-04T01:35:00Z,NEM,QLD1,40.0,4523.59
2026-05-04T01:35:00Z,NEM,SA1,-3.6,1085.85
2026-05-04T01:35:00Z,NEM,TAS1,88.24,964.52
2026-05-04T01:35:00Z,NEM,VIC1,-3.55,3793.27
2026-05-04T01:40:00Z,NEM,NSW1,66.88,8023.52
2026-05-04T01:40:00Z,NEM,QLD1,54.99,4602.55
2026-05-04T01:40:00Z,NEM,SA1,-8.97,1043.76
2026-05-04T01:40:00Z,NEM,TAS1,85.74,957.53
2026-05-04T01:40:00Z,NEM,VIC1,-8.67,3776.65
2026-05-04T01:45:00Z,NEM,NSW1,56.03,7965.58
2026-05-04T01:45:00Z,NEM,QLD1,39.74,4590.13
2026-05-04T01:45:00Z,NEM,SA1,-3.47,1021.71
2026-05-04T01:45:00Z,NEM,TAS1,83.22,961.4
2026-05-04T01:45:00Z,NEM,VIC1,-3.55,3819.49
2026-05-04T01:50:00Z,NEM,NSW1,66.88,8017.13
2026-05-04T01:50:00Z,NEM,QLD1,39.75,4454.34
2026-05-04T01:50:00Z,NEM,SA1,-4.0,1001.75
2026-05-04T01:50:00Z,NEM,TAS1,82.82,959.46
2026-05-04T01:50:00Z,NEM,VIC1,-3.93,3882.47
2026-05-04T01:55:00Z,NEM,NSW1,56.03,7894.53
2026-05-04T01:55:00Z,NEM,QLD1,39.75,4447.07
2026-05-04T01:55:00Z,NEM,SA1,-4.0,1029.69
2026-05-04T01:55:00Z,NEM,TAS1,82.81,965.39
2026-05-04T01:55:00Z,NEM,VIC1,-3.96,3861.66
2026-05-04T02:00:00Z,NEM,NSW1,66.88,7921.93
2026-05-04T02:00:00Z,NEM,QLD1,38.73,4407.82
2026-05-04T02:00:00Z,NEM,SA1,-7.2,996.14
2026-05-04T02:00:00Z,NEM,TAS1,79.33,951.93
2026-05-04T02:00:00Z,NEM,VIC1,-7.25,3883.82
2026-05-04T02:05:00Z,NEM,NSW1,56.06,7909.03
2026-05-04T02:05:00Z,NEM,QLD1,39.74,4432.22
2026-05-04T02:05:00Z,NEM,SA1,-3.31,954.6
2026-05-04T02:05:00Z,NEM,TAS1,83.22,963.94
2026-05-04T02:05:00Z,NEM,VIC1,-3.55,3910.28
2026-05-04T02:10:00Z,NEM,NSW1,70.01,7995.57
2026-05-04T02:10:00Z,NEM,QLD1,38.73,4439.77
2026-05-04T02:10:00Z,NEM,SA1,-6.0,915.73
2026-05-04T02:10:00Z,NEM,TAS1,80.41,959.14
2026-05-04T02:10:00Z,NEM,VIC1,-6.2,3832.8
2026-05-04T02:15:00Z,NEM,NSW1,66.88,8018.13
2026-05-04T02:15:00Z,NEM,QLD1,39.71,4448.74
2026-05-04T02:15:00Z,NEM,SA1,-3.37,909.54
2026-05-04T02:15:00Z,NEM,TAS1,83.23,950.48
2026-05-04T02:15:00Z,NEM,VIC1,-3.55,3871.28
2026-05-04T02:20:00Z,NEM,NSW1,70.01,8021.33
2026-05-04T02:20:00Z,NEM,QLD1,38.66,4437.25
2026-05-04T02:20:00Z,NEM,SA1,-4.0,850.73
2026-05-04T02:20:00Z,NEM,TAS1,82.48,943.78
2026-05-04T02:20:00Z,NEM,VIC1,-4.27,3969.63
2026-05-04T02:25:00Z,NEM,NSW1,70.01,8057.62
2026-05-04T02:25:00Z,NEM,QLD1,37.93,4449.39
2026-05-04T02:25:00Z,NEM,SA1,-3.39,874.55
2026-05-04T02:25:00Z,NEM,TAS1,83.26,946.36
2026-05-04T02:25:00Z,NEM,VIC1,-3.55,3896.04
2026-05-04T02:30:00Z,NEM,NSW1,40.54,8028.07
2026-05-04T02:30:00Z,NEM,QLD1,26.63,4410.86
2026-05-04T02:30:00Z,NEM,SA1,-3.44,858.08
2026-05-04T02:30:00Z,NEM,TAS1,83.26,940.97
2026-05-04T02:30:00Z,NEM,VIC1,-3.55,3890.91
2026-05-04T02:35:00Z,NEM,NSW1,40.55,8014.62
2026-05-04T02:35:00Z,NEM,QLD1,35.16,4394.35
2026-05-04T02:35:00Z,NEM,SA1,-4.0,837.93
2026-05-04T02:35:00Z,NEM,TAS1,82.47,943.9
2026-05-04T02:35:00Z,NEM,VIC1,-4.27,3907.05
2026-05-04T02:40:00Z,NEM,NSW1,44.65,8068.08
2026-05-04T02:40:00Z,NEM,QLD1,38.73,4412.23
2026-05-04T02:40:00Z,NEM,SA1,-3.0,883.38
2026-05-04T02:40:00Z,NEM,TAS1,83.81,938.45
2026-05-04T02:40:00Z,NEM,VIC1,-3.01,4005.37
2026-05-04T02:45:00Z,NEM,NSW1,44.39,8025.55
2026-05-04T02:45:00Z,NEM,QLD1,38.66,4444.54
2026-05-04T02:45:00Z,NEM,SA1,-3.38,877.22
2026-05-04T02:45:00Z,NEM,TAS1,83.23,949.23
2026-05-04T02:45:00Z,NEM,VIC1,-3.55,3893.12
2026-05-04T02:50:00Z,NEM,NSW1,42.44,7996.28
2026-05-04T02:50:00Z,NEM,QLD1,37.93,4444.99
2026-05-04T02:50:00Z,NEM,SA1,-3.25,869.92
2026-05-04T02:50:00Z,NEM,TAS1,88.1,949.38
2026-05-04T02:50:00Z,NEM,VIC1,-3.55,3979.98
2026-05-04T02:55:00Z,NEM,NSW1,47.15,8069.23
2026-05-04T02:55:00Z,NEM,QLD1,39.74,4397.65
2026-05-04T02:55:00Z,NEM,SA1,-3.29,846.79
2026-05-04T02:55:00Z,NEM,TAS1,88.1,941.64
2026-05-04T02:55:00Z,NEM,VIC1,-3.55,4020.84
2026-05-04T03:00:00Z,NEM,NSW1,46.53,8033.09
2026-05-04T03:00:00Z,NEM,QLD1,39.75,4420.9
2026-05-04T03:00:00Z,NEM,SA1,-2.76,826.85
2026-05-04T03:00:00Z,NEM,TAS1,88.24,953.26
2026-05-04T03:00:00Z,NEM,VIC1,-3.01,4093.83
2026-05-04T03:05:00Z,NEM,NSW1,57.51,8038.61
2026-05-04T03:05:00Z,NEM,QLD1,39.75,4381.49
2026-05-04T03:05:00Z,NEM,SA1,-3.15,831.93
2026-05-04T03:05:00Z,NEM,TAS1,83.22,954.87
2026-05-04T03:05:00Z,NEM,VIC1,-3.55,4177.26
2026-05-04T03:10:00Z,NEM,NSW1,42.45,7965.39
2026-05-04T03:10:00Z,NEM,QLD1,37.93,4432.68
2026-05-04T03:10:00Z,NEM,SA1,-3.0,768.02
2026-05-04T03:10:00Z,NEM,TAS1,83.44,944.94
2026-05-04T03:10:00Z,NEM,VIC1,-3.34,4164.94
2026-05-04T03:15:00Z,NEM,NSW1,42.8,7914.64
2026-05-04T03:15:00Z,NEM,QLD1,37.93,4341.93
2026-05-04T03:15:00Z,NEM,SA1,-2.71,764.59
2026-05-04T03:15:00Z,NEM,TAS1,83.79,953.43
2026-05-04T03:15:00Z,NEM,VIC1,-3.01,4202.72
2026-05-04T03:20:00Z,NEM,NSW1,44.82,7864.54
2026-05-04T03:20:00Z,NEM,QLD1,38.73,4398.71
2026-05-04T03:20:00Z,NEM,SA1,-3.21,736.2
2026-05-04T03:20:00Z,NEM,TAS1,83.22,952.31
2026-05-04T03:20:00Z,NEM,VIC1,-3.55,4234.47
2026-05-04T03:25:00Z,NEM,NSW1,44.48,7738.81
2026-05-04T03:25:00Z,NEM,QLD1,38.66,4395.58
2026-05-04T03:25:00Z,NEM,SA1,-3.08,725.88
2026-05-04T03:25:00Z,NEM,TAS1,86.24,970.99
2026-05-04T03:25:00Z,NEM,VIC1,-3.55,4373.69
2026-05-04T03:30:00Z,NEM,NSW1,42.76,7570.53
2026-05-04T03:30:00Z,NEM,QLD1,38.66,4515.48
2026-05-04T03:30:00Z,NEM,SA1,-3.01,715.4
2026-05-04T03:30:00Z,NEM,TAS1,88.24,981.93
2026-05-04T03:30:00Z,NEM,VIC1,-3.55,4360.36
2026-05-04T03:35:00Z,NEM,NSW1,42.25,7517.7
2026-05-04T03:35:00Z,NEM,QLD1,38.43,4500.84
2026-05-04T03:35:00Z,NEM,SA1,-3.09,705.43
2026-05-04T03:35:00Z,NEM,TAS1,83.23,995.95
2026-05-04T03:35:00Z,NEM,VIC1,-3.55,4336.44
2026-05-04T03:40:00Z,NEM,NSW1,44.78,7584.71
2026-05-04T03:40:00Z,NEM,QLD1,39.74,4519.86
2026-05-04T03:40:00Z,NEM,SA1,-3.09,725.0
2026-05-04T03:40:00Z,NEM,TAS1,83.23,1008.21
2026-05-04T03:40:00Z,NEM,VIC1,-3.55,4397.46
2026-05-04T03:45:00Z,NEM,NSW1,44.13,7613.8
2026-05-04T03:45:00Z,NEM,QLD1,38.66,4513.19
2026-05-04T03:45:00Z,NEM,SA1,-3.05,744.66
2026-05-04T03:45:00Z,NEM,TAS1,88.24,1014.17
2026-05-04T03:45:00Z,NEM,VIC1,-3.55,4345.95
2026-05-04T03:50:00Z,NEM,NSW1,56.06,7627.75
2026-05-04T03:50:00Z,NEM,QLD1,47.91,4557.89
2026-05-04T03:50:00Z,NEM,SA1,-4.0,764.23
2026-05-04T03:50:00Z,NEM,TAS1,82.17,1034.62
2026-05-04T03:50:00Z,NEM,VIC1,-4.53,4248.91
2026-05-04T03:55:00Z,NEM,NSW1,45.16,7530.76
2026-05-04T03:55:00Z,NEM,QLD1,39.75,4640.04
2026-05-04T03:55:00Z,NEM,SA1,-3.07,746.42
2026-05-04T03:55:00Z,NEM,TAS1,88.24,1037.01
2026-05-04T03:55:00Z,NEM,VIC1,-3.55,4185.95
2026-05-04T04:00:00Z,NEM,NSW1,40.55,7468.04
2026-05-04T04:00:00Z,NEM,QLD1,36.58,4757.92
2026-05-04T04:00:00Z,NEM,SA1,-6.48,768.94
2026-05-04T04:00:00Z,NEM,TAS1,79.27,1041.8
2026-05-04T04:00:00Z,NEM,VIC1,-7.25,4129.63
2026-05-04T04:05:00Z,NEM,NSW1,45.18,7615.18
2026-05-04T04:05:00Z,NEM,QLD1,39.74,4741.34
2026-05-04T04:05:00Z,NEM,SA1,-3.25,798.21
2026-05-04T04:05:00Z,NEM,TAS1,83.25,1024.93
2026-05-04T04:05:00Z,NEM,VIC1,-3.55,4251.82
2026-05-04T04:10:00Z,NEM,NSW1,45.17,7548.72
2026-05-04T04:10:00Z,NEM,QLD1,38.73,4783.42
2026-05-04T04:10:00Z,NEM,SA1,-3.21,773.74
2026-05-04T04:10:00Z,NEM,TAS1,83.26,1027.58
2026-05-04T04:10:00Z,NEM,VIC1,-3.55,4270.32
2026-05-04T04:15:00Z,NEM,NSW1,46.25,7545.18
2026-05-04T04:15:00Z,NEM,QLD1,39.74,4898.62
2026-05-04T04:15:00Z,NEM,SA1,-3.18,754.26
2026-05-04T04:15:00Z,NEM,TAS1,83.26,1033.55
2026-05-04T04:15:00Z,NEM,VIC1,-3.55,4287.0
2026-05-04T04:20:00Z,NEM,NSW1,57.51,7615.11
2026-05-04T04:20:00Z,NEM,QLD1,49.15,4971.89
2026-05-04T04:20:00Z,NEM,SA1,-5.15,773.2
2026-05-04T04:20:00Z,NEM,TAS1,80.83,1030.26
2026-05-04T04:20:00Z,NEM,VIC1,-5.84,4344.93
2026-05-04T04:25:00Z,NEM,NSW1,56.06,7781.88
2026-05-04T04:25:00Z,NEM,QLD1,39.74,5023.05
2026-05-04T04:25:00Z,NEM,SA1,-4.0,764.51
2026-05-04T04:25:00Z,NEM,TAS1,82.13,1027.04
2026-05-04T04:25:00Z,NEM,VIC1,-4.61,4412.56
2026-05-04T04:30:00Z,NEM,NSW1,56.06,7841.51
2026-05-04T04:30:00Z,NEM,QLD1,39.74,5041.76
2026-05-04T04:30:00Z,NEM,SA1,-3.08,763.98
2026-05-04T04:30:00Z,NEM,TAS1,83.24,1032.83
2026-05-04T04:30:00Z,NEM,VIC1,-3.55,4410.41
2026-05-04T04:35:00Z,NEM,NSW1,44.74,7853.74
2026-05-04T04:35:00Z,NEM,QLD1,38.66,5155.31
2026-05-04T04:35:00Z,NEM,SA1,-2.01,770.66
2026-05-04T04:35:00Z,NEM,TAS1,84.57,1038.98
2026-05-04T04:35:00Z,NEM,VIC1,-2.29,4503.43
2026-05-04T04:40:00Z,NEM,NSW1,46.61,7756.39
2026-05-04T04:40:00Z,NEM,QLD1,39.75,5183.9
2026-05-04T04:40:00Z,NEM,SA1,-3.02,766.5
2026-05-04T04:40:00Z,NEM,TAS1,83.24,1039.04
2026-05-04T04:40:00Z,NEM,VIC1,-3.55,4497.8
2026-05-04T04:45:00Z,NEM,NSW1,56.06,7810.46
2026-05-04T04:45:00Z,NEM,QLD1,48.19,5234.42
2026-05-04T04:45:00Z,NEM,SA1,-3.0,751.89
2026-05-04T04:45:00Z,NEM,TAS1,83.82,1036.52
2026-05-04T04:45:00Z,NEM,VIC1,-3.0,4482.53
2026-05-04T04:50:00Z,NEM,NSW1,56.06,7796.29
2026-05-04T04:50:00Z,NEM,QLD1,47.37,5399.77
2026-05-04T04:50:00Z,NEM,SA1,-5.15,778.98
2026-05-04T04:50:00Z,NEM,TAS1,80.67,1045.39
2026-05-04T04:50:00Z,NEM,VIC1,-5.94,4557.82
2026-05-04T04:55:00Z,NEM,NSW1,45.97,7757.28
2026-05-04T04:55:00Z,NEM,QLD1,39.99,5449.68
2026-05-04T04:55:00Z,NEM,SA1,-3.01,802.16
2026-05-04T04:55:00Z,NEM,TAS1,86.06,1043.16
2026-05-04T04:55:00Z,NEM,VIC1,-0.88,4689.54
2026-05-04T05:00:00Z,NEM,NSW1,57.51,7723.41
2026-05-04T05:00:00Z,NEM,QLD1,49.76,5506.85
2026-05-04T05:00:00Z,NEM,SA1,-3.08,798.46
2026-05-04T05:00:00Z,NEM,TAS1,83.22,1038.79
2026-05-04T05:00:00Z,NEM,VIC1,-3.55,4566.1
2026-05-04T05:05:00Z,NEM,NSW1,46.48,7936.08
2026-05-04T05:05:00Z,NEM,QLD1,39.74,5531.62
2026-05-04T05:05:00Z,NEM,SA1,-10.8,814.31
2026-05-04T05:05:00Z,NEM,TAS1,74.17,1041.16
2026-05-04T05:05:00Z,NEM,VIC1,-12.1,4697.39
2026-05-04T05:10:00Z,NEM,NSW1,46.28,7961.26
2026-05-04T05:10:00Z,NEM,QLD1,39.99,5633.77
2026-05-04T05:10:00Z,NEM,SA1,-2.7,869.18
2026-05-04T05:10:00Z,NEM,TAS1,83.83,1039.47
2026-05-04T05:10:00Z,NEM,VIC1,-3.0,4731.67
2026-05-04T05:15:00Z,NEM,NSW1,45.91,7908.0
2026-05-04T05:15:00Z,NEM,QLD1,40.0,5765.48
2026-05-04T05:15:00Z,NEM,SA1,-2.03,862.0
2026-05-04T05:15:00Z,NEM,TAS1,84.58,1030.91
2026-05-04T05:15:00Z,NEM,VIC1,-2.29,4770.25
2026-05-04T05:20:00Z,NEM,NSW1,56.06,7919.21
2026-05-04T05:20:00Z,NEM,QLD1,48.9,5844.49
2026-05-04T05:20:00Z,NEM,SA1,-6.63,839.01
2026-05-04T05:20:00Z,NEM,TAS1,79.37,1035.65
2026-05-04T05:20:00Z,NEM,VIC1,-7.25,4824.51
2026-05-04T05:25:00Z,NEM,NSW1,56.06,7944.62
2026-05-04T05:25:00Z,NEM,QLD1,49.35,6010.29
2026-05-04T05:25:00Z,NEM,SA1,-10.9,886.72
2026-05-04T05:25:00Z,NEM,TAS1,74.52,1031.44
2026-05-04T05:25:00Z,NEM,VIC1,-11.74,4928.01
2026-05-04T05:30:00Z,NEM,NSW1,56.06,7961.34
2026-05-04T05:30:00Z,NEM,QLD1,49.33,5963.37
2026-05-04T05:30:00Z,NEM,SA1,-2.05,934.27
2026-05-04T05:30:00Z,NEM,TAS1,84.59,1036.36
2026-05-04T05:30:00Z,NEM,VIC1,-2.26,4928.66
2026-05-04T05:35:00Z,NEM,NSW1,44.5,8106.78
2026-05-04T05:35:00Z,NEM,QLD1,39.75,6059.07
2026-05-04T05:35:00Z,NEM,SA1,-5.77,940.78
2026-05-04T05:35:00Z,NEM,TAS1,88.2,1047.56
2026-05-04T05:35:00Z,NEM,VIC1,-6.37,4852.49
2026-05-04T05:40:00Z,NEM,NSW1,43.63,8125.04
2026-05-04T05:40:00Z,NEM,QLD1,39.75,6104.45
2026-05-04T05:40:00Z,NEM,SA1,-6.77,987.31
2026-05-04T05:40:00Z,NEM,TAS1,87.24,1050.33
2026-05-04T05:40:00Z,NEM,VIC1,-7.25,4959.03
2026-05-04T05:45:00Z,NEM,NSW1,57.51,8216.63
2026-05-04T05:45:00Z,NEM,QLD1,53.16,6204.47
2026-05-04T05:45:00Z,NEM,SA1,-10.84,996.35
2026-05-04T05:45:00Z,NEM,TAS1,83.06,1062.28
2026-05-04T05:45:00Z,NEM,VIC1,-11.74,5076.01
2026-05-04T05:50:00Z,NEM,NSW1,57.51,8254.51
2026-05-04T05:50:00Z,NEM,QLD1,54.6,6288.64
2026-05-04T05:50:00Z,NEM,SA1,-2.0,1014.66
2026-05-04T05:50:00Z,NEM,TAS1,88.2,1065.66
2026-05-04T05:50:00Z,NEM,VIC1,-2.34,5060.87
2026-05-04T05:55:00Z,NEM,NSW1,66.88,8320.76
2026-05-04T05:55:00Z,NEM,QLD1,63.96,6352.77
2026-05-04T05:55:00Z,NEM,SA1,-2.7,984.03
2026-05-04T05:55:00Z,NEM,TAS1,83.83,1073.14
2026-05-04T05:55:00Z,NEM,VIC1,-3.01,5064.28
2026-05-04T06:00:00Z,NEM,NSW1,76.98,8301.82
2026-05-04T06:00:00Z,NEM,QLD1,75.64,6481.28
2026-05-04T06:00:00Z,NEM,SA1,-11.04,1033.84
2026-05-04T06:00:00Z,NEM,TAS1,52.1,1073.52
2026-05-04T06:00:00Z,NEM,VIC1,-11.74,4918.4
2026-05-04T06:05:00Z,NEM,NSW1,40.55,8283.6
2026-05-04T06:05:00Z,NEM,QLD1,40.61,6521.24
2026-05-04T06:05:00Z,NEM,SA1,-1.74,1069.62
2026-05-04T06:05:00Z,NEM,TAS1,84.89,1090.04
2026-05-04T06:05:00Z,NEM,VIC1,-2.0,5118.13
2026-05-04T06:10:00Z,NEM,NSW1,74.54,8493.6
2026-05-04T06:10:00Z,NEM,QLD1,71.65,6617.1
2026-05-04T06:10:00Z,NEM,SA1,-2.13,1090.79
2026-05-04T06:10:00Z,NEM,TAS1,84.59,1095.79
2026-05-04T06:10:00Z,NEM,VIC1,-2.26,5172.69
2026-05-04T06:15:00Z,NEM,NSW1,76.98,8500.65
2026-05-04T06:15:00Z,NEM,QLD1,73.68,6725.89
2026-05-04T06:15:00Z,NEM,SA1,-1.8,1168.27
2026-05-04T06:15:00Z,NEM,TAS1,84.87,1104.01
2026-05-04T06:15:00Z,NEM,VIC1,-2.0,5232.27
2026-05-04T06:20:00Z,NEM,NSW1,75.06,8581.18
2026-05-04T06:20:00Z,NEM,QLD1,72.83,6790.0
2026-05-04T06:20:00Z,NEM,SA1,-1.95,1211.28
2026-05-04T06:20:00Z,NEM,TAS1,88.24,1111.7
2026-05-04T06:20:00Z,NEM,VIC1,-0.1,5338.4
2026-05-04T06:25:00Z,NEM,NSW1,91.7,8612.06
2026-05-04T06:25:00Z,NEM,QLD1,89.09,6868.25
2026-05-04T06:25:00Z,NEM,SA1,-2.0,1248.15
2026-05-04T06:25:00Z,NEM,TAS1,84.7,1126.05
2026-05-04T06:25:00Z,NEM,VIC1,-2.17,5383.45
2026-05-04T06:30:00Z,NEM,NSW1,90.0,8617.75
2026-05-04T06:30:00Z,NEM,QLD1,87.04,6979.59
2026-05-04T06:30:00Z,NEM,SA1,-1.05,1299.95
2026-05-04T06:30:00Z,NEM,TAS1,86.89,1130.02
2026-05-04T06:30:00Z,NEM,VIC1,-0.1,5542.17
2026-05-04T06:35:00Z,NEM,NSW1,76.98,8699.89
2026-05-04T06:35:00Z,NEM,QLD1,77.5,7050.47
2026-05-04T06:35:00Z,NEM,SA1,-1.05,1335.11
2026-05-04T06:35:00Z,NEM,TAS1,74.9,1132.26
2026-05-04T06:35:00Z,NEM,VIC1,-0.1,5637.68
2026-05-04T06:40:00Z,NEM,NSW1,78.49,8812.03
2026-05-04T06:40:00Z,NEM,QLD1,78.99,7132.18
2026-05-04T06:40:00Z,NEM,SA1,-2.0,1359.12
2026-05-04T06:40:00Z,NEM,TAS1,72.79,1128.53
2026-05-04T06:40:00Z,NEM,VIC1,-2.14,5645.25
2026-05-04T06:45:00Z,NEM,NSW1,76.98,8752.19
2026-05-04T06:45:00Z,NEM,QLD1,77.03,7174.0
2026-05-04T06:45:00Z,NEM,SA1,-1.05,1359.17
2026-05-04T06:45:00Z,NEM,TAS1,86.89,1136.19
2026-05-04T06:45:00Z,NEM,VIC1,-0.1,5731.52
2026-05-04T06:50:00Z,NEM,NSW1,79.0,8832.03
2026-05-04T06:50:00Z,NEM,QLD1,78.99,7217.62
2026-05-04T06:50:00Z,NEM,SA1,-1.05,1377.49
2026-05-04T06:50:00Z,NEM,TAS1,86.89,1138.48
2026-05-04T06:50:00Z,NEM,VIC1,-0.1,5697.18
2026-05-04T06:55:00Z,NEM,NSW1,91.7,8936.42
2026-05-04T06:55:00Z,NEM,QLD1,92.57,7330.9
2026-05-04T06:55:00Z,NEM,SA1,-1.02,1412.68
2026-05-04T06:55:00Z,NEM,TAS1,86.89,1143.14
2026-05-04T06:55:00Z,NEM,VIC1,-0.1,5782.24
2026-05-04T07:00:00Z,NEM,NSW1,76.99,8927.92
2026-05-04T07:00:00Z,NEM,QLD1,78.99,7332.58
2026-05-04T07:00:00Z,NEM,SA1,24.93,1451.77
2026-05-04T07:00:00Z,NEM,TAS1,88.24,1148.71
2026-05-04T07:00:00Z,NEM,VIC1,-0.1,5748.01
2026-05-04T07:05:00Z,NEM,NSW1,89.74,9051.86
2026-05-04T07:05:00Z,NEM,QLD1,90.26,7429.3
2026-05-04T07:05:00Z,NEM,SA1,29.2,1457.75
2026-05-04T07:05:00Z,NEM,TAS1,88.24,1161.8
2026-05-04T07:05:00Z,NEM,VIC1,-0.1,5829.5
2026-05-04T07:10:00Z,NEM,NSW1,91.7,9083.94
2026-05-04T07:10:00Z,NEM,QLD1,91.68,7419.51
2026-05-04T07:10:00Z,NEM,SA1,29.99,1495.31
2026-05-04T07:10:00Z,NEM,TAS1,102.01,1164.81
2026-05-04T07:10:00Z,NEM,VIC1,-0.1,5875.61
2026-05-04T07:15:00Z,NEM,NSW1,83.63,8935.76
2026-05-04T07:15:00Z,NEM,QLD1,84.71,7460.38
2026-05-04T07:15:00Z,NEM,SA1,37.03,1513.14
2026-05-04T07:15:00Z,NEM,TAS1,97.04,1178.87
2026-05-04T07:15:00Z,NEM,VIC1,-0.1,5941.95
2026-05-04T07:20:00Z,NEM,NSW1,89.74,9168.65
2026-05-04T07:20:00Z,NEM,QLD1,88.82,7534.83
2026-05-04T07:20:00Z,NEM,SA1,40.13,1567.67
2026-05-04T07:20:00Z,NEM,TAS1,108.24,1197.84
2026-05-04T07:20:00Z,NEM,VIC1,-0.1,6049.67
2026-05-04T07:25:00Z,NEM,NSW1,91.7,9155.5
2026-05-04T07:25:00Z,NEM,QLD1,91.92,7552.69
2026-05-04T07:25:00Z,NEM,SA1,41.37,1616.18
2026-05-04T07:25:00Z,NEM,TAS1,109.09,1206.52
2026-05-04T07:25:00Z,NEM,VIC1,-0.1,6025.76
2026-05-04T07:30:00Z,NEM,NSW1,91.04,9123.89
2026-05-04T07:30:00Z,NEM,QLD1,91.62,7613.87
2026-05-04T07:30:00Z,NEM,SA1,41.37,1653.77
2026-05-04T07:30:00Z,NEM,TAS1,108.98,1205.97
2026-05-04T07:30:00Z,NEM,VIC1,-0.1,6123.81
2026-05-04T07:35:00Z,NEM,NSW1,90.7,9275.01
2026-05-04T07:35:00Z,NEM,QLD1,91.62,7633.39
2026-05-04T07:35:00Z,NEM,SA1,41.84,1702.46
2026-05-04T07:35:00Z,NEM,TAS1,108.98,1222.62
2026-05-04T07:35:00Z,NEM,VIC1,-0.05,6121.6
2026-05-04T07:40:00Z,NEM,NSW1,90.69,9232.41
2026-05-04T07:40:00Z,NEM,QLD1,91.62,7652.57
2026-05-04T07:40:00Z,NEM,SA1,42.75,1726.96
2026-05-04T07:40:00Z,NEM,TAS1,109.22,1226.56
2026-05-04T07:40:00Z,NEM,VIC1,0.01,6231.35
2026-05-04T07:45:00Z,NEM,NSW1,91.7,9289.05
2026-05-04T07:45:00Z,NEM,QLD1,92.57,7693.05
2026-05-04T07:45:00Z,NEM,SA1,56.2,1752.55
2026-05-04T07:45:00Z,NEM,TAS1,89.23,1231.57
2026-05-04T07:45:00Z,NEM,VIC1,8.95,6262.25
2026-05-04T07:50:00Z,NEM,NSW1,91.7,9334.06
2026-05-04T07:50:00Z,NEM,QLD1,91.6,7677.32
2026-05-04T07:50:00Z,NEM,SA1,50.46,1760.6
2026-05-04T07:50:00Z,NEM,TAS1,88.28,1231.88
2026-05-04T07:50:00Z,NEM,VIC1,9.0,6375.34
2026-05-04T07:55:00Z,NEM,NSW1,91.7,9313.34
2026-05-04T07:55:00Z,NEM,QLD1,91.75,7784.71
2026-05-04T07:55:00Z,NEM,SA1,52.55,1772.14
2026-05-04T07:55:00Z,NEM,TAS1,90.18,1234.6
2026-05-04T07:55:00Z,NEM,VIC1,9.02,6348.05
2026-05-04T08:00:00Z,NEM,NSW1,91.7,9361.03
2026-05-04T08:00:00Z,NEM,QLD1,92.78,7710.67
2026-05-04T08:00:00Z,NEM,SA1,98.0,1781.6
2026-05-04T08:00:00Z,NEM,TAS1,120.2,1241.13
2026-05-04T08:00:00Z,NEM,VIC1,28.69,6374.96
2026-05-04T08:05:00Z,NEM,NSW1,91.62,9353.93
2026-05-04T08:05:00Z,NEM,QLD1,92.73,7743.07
2026-05-04T08:05:00Z,NEM,SA1,68.66,1802.95
2026-05-04T08:05:00Z,NEM,TAS1,126.36,1247.27
2026-05-04T08:05:00Z,NEM,VIC1,28.69,6396.97
2026-05-04T08:10:00Z,NEM,NSW1,89.54,9246.96
2026-05-04T08:10:00Z,NEM,QLD1,91.62,7693.42
2026-05-04T08:10:00Z,NEM,SA1,49.89,1813.54
2026-05-04T08:10:00Z,NEM,TAS1,114.38,1245.72
2026-05-04T08:10:00Z,NEM,VIC1,9.0,6439.3
2026-05-04T08:15:00Z,NEM,NSW1,82.74,9239.62
2026-05-04T08:15:00Z,NEM,QLD1,85.73,7671.51
2026-05-04T08:15:00Z,NEM,SA1,40.99,1826.64
2026-05-04T08:15:00Z,NEM,TAS1,88.91,1237.7
2026-05-04T08:15:00Z,NEM,VIC1,-0.05,6305.24
2026-05-04T08:20:00Z,NEM,NSW1,89.74,9243.43
2026-05-04T08:20:00Z,NEM,QLD1,91.62,7682.22
2026-05-04T08:20:00Z,NEM,SA1,105.08,1835.61
2026-05-04T08:20:00Z,NEM,TAS1,88.91,1238.89
2026-05-04T08:20:00Z,NEM,VIC1,0.01,6286.08
2026-05-04T08:25:00Z,NEM,NSW1,91.12,9289.17
2026-05-04T08:25:00Z,NEM,QLD1,92.59,7629.95
2026-05-04T08:25:00Z,NEM,SA1,44.62,1836.89
2026-05-04T08:25:00Z,NEM,TAS1,88.91,1239.98
2026-05-04T08:25:00Z,NEM,VIC1,0.01,6354.35
2026-05-04T08:30:00Z,NEM,NSW1,84.79,9193.65
2026-05-04T08:30:00Z,NEM,QLD1,86.63,7612.17
2026-05-04T08:30:00Z,NEM,SA1,50.05,1842.02
2026-05-04T08:30:00Z,NEM,TAS1,88.28,1224.22
2026-05-04T08:30:00Z,NEM,VIC1,9.03,6408.18
2026-05-04T08:35:00Z,NEM,NSW1,84.79,9201.62
2026-05-04T08:35:00Z,NEM,QLD1,88.12,7538.95
2026-05-04T08:35:00Z,NEM,SA1,67.08,1838.45
2026-05-04T08:35:00Z,NEM,TAS1,120.26,1205.14
2026-05-04T08:35:00Z,NEM,VIC1,28.69,6355.52
2026-05-04T08:40:00Z,NEM,NSW1,90.22,9086.76
2026-05-04T08:40:00Z,NEM,QLD1,92.57,7472.75
2026-05-04T08:40:00Z,NEM,SA1,98.0,1835.3
2026-05-04T08:40:00Z,NEM,TAS1,120.26,1214.51
2026-05-04T08:40:00Z,NEM,VIC1,28.69,6312.89
2026-05-04T08:45:00Z,NEM,NSW1,90.0,9114.71
2026-05-04T08:45:00Z,NEM,QLD1,91.62,7418.22
2026-05-04T08:45:00Z,NEM,SA1,52.46,1834.18
2026-05-04T08:45:00Z,NEM,TAS1,114.7,1205.3
2026-05-04T08:45:00Z,NEM,VIC1,9.0,6272.3
2026-05-04T08:50:00Z,NEM,NSW1,90.0,9096.1
2026-05-04T08:50:00Z,NEM,QLD1,92.57,7461.13
2026-05-04T08:50:00Z,NEM,SA1,105.08,1821.7
2026-05-04T08:50:00Z,NEM,TAS1,119.58,1205.21
2026-05-04T08:50:00Z,NEM,VIC1,18.0,6312.7
2026-05-04T08:55:00Z,NEM,NSW1,85.62,9016.02
2026-05-04T08:55:00Z,NEM,QLD1,86.73,7484.53
2026-05-04T08:55:00Z,NEM,SA1,49.03,1812.89
2026-05-04T08:55:00Z,NEM,TAS1,112.71,1221.23
2026-05-04T08:55:00Z,NEM,VIC1,9.0,6245.91
2026-05-04T09:00:00Z,NEM,NSW1,90.0,8935.42
2026-05-04T09:00:00Z,NEM,QLD1,92.57,7346.25
2026-05-04T09:00:00Z,NEM,SA1,105.08,1805.13
2026-05-04T09:00:00Z,NEM,TAS1,114.56,1229.1
2026-05-04T09:00:00Z,NEM,VIC1,9.09,6143.74
2026-05-04T09:05:00Z,NEM,NSW1,90.0,8858.92
2026-05-04T09:05:00Z,NEM,QLD1,92.5,7261.69
2026-05-04T09:05:00Z,NEM,SA1,44.52,1784.41
2026-05-04T09:05:00Z,NEM,TAS1,108.52,1225.1
2026-05-04T09:05:00Z,NEM,VIC1,4.55,6118.52
2026-05-04T09:10:00Z,NEM,NSW1,89.74,8823.87
2026-05-04T09:10:00Z,NEM,QLD1,92.57,7310.47
2026-05-04T09:10:00Z,NEM,SA1,49.21,1779.68
2026-05-04T09:10:00Z,NEM,TAS1,110.08,1226.45
2026-05-04T09:10:00Z,NEM,VIC1,9.07,6193.99
2026-05-04T09:15:00Z,NEM,NSW1,90.0,8776.99
2026-05-04T09:15:00Z,NEM,QLD1,92.57,7297.42
2026-05-04T09:15:00Z,NEM,SA1,47.53,1779.26
2026-05-04T09:15:00Z,NEM,TAS1,88.28,1222.07
2026-05-04T09:15:00Z,NEM,VIC1,4.59,6130.71
2026-05-04T09:20:00Z,NEM,NSW1,90.0,8758.03
2026-05-04T09:20:00Z,NEM,QLD1,92.57,7217.41
2026-05-04T09:20:00Z,NEM,SA1,53.91,1803.73
2026-05-04T09:20:00Z,NEM,TAS1,88.28,1218.7
2026-05-04T09:20:00Z,NEM,VIC1,9.09,6108.91
2026-05-04T09:25:00Z,NEM,NSW1,89.74,8782.49
2026-05-04T09:25:00Z,NEM,QLD1,92.59,7230.15
2026-05-04T09:25:00Z,NEM,SA1,52.38,1790.24
2026-05-04T09:25:00Z,NEM,TAS1,88.28,1213.41
2026-05-04T09:25:00Z,NEM,VIC1,9.04,6095.26
2026-05-04T09:30:00Z,NEM,NSW1,89.14,8761.17
2026-05-04T09:30:00Z,NEM,QLD1,92.59,7199.15
2026-05-04T09:30:00Z,NEM,SA1,47.32,1777.45
2026-05-04T09:30:00Z,NEM,TAS1,88.28,1206.82
2026-05-04T09:30:00Z,NEM,VIC1,4.55,6063.41
2026-05-04T09:35:00Z,NEM,NSW1,91.83,8725.61
2026-05-04T09:35:00Z,NEM,QLD1,94.73,7149.01
2026-05-04T09:35:00Z,NEM,SA1,53.73,1777.59
2026-05-04T09:35:00Z,NEM,TAS1,88.28,1200.13
2026-05-04T09:35:00Z,NEM,VIC1,8.95,6084.16
2026-05-04T09:40:00Z,NEM,NSW1,90.0,8609.65
2026-05-04T09:40:00Z,NEM,QLD1,92.73,7153.77
2026-05-04T09:40:00Z,NEM,SA1,98.0,1779.17
2026-05-04T09:40:00Z,NEM,TAS1,88.28,1201.94
2026-05-04T09:40:00Z,NEM,VIC1,4.55,5968.64
2026-05-04T09:45:00Z,NEM,NSW1,89.75,8637.54
2026-05-04T09:45:00Z,NEM,QLD1,92.5,7099.77
2026-05-04T09:45:00Z,NEM,SA1,52.91,1742.67
2026-05-04T09:45:00Z,NEM,TAS1,88.28,1204.05
2026-05-04T09:45:00Z,NEM,VIC1,8.95,5933.09
2026-05-04T09:50:00Z,NEM,NSW1,84.22,8589.98
2026-05-04T09:50:00Z,NEM,QLD1,86.73,7072.88
2026-05-04T09:50:00Z,NEM,SA1,44.42,1767.35
2026-05-04T09:50:00Z,NEM,TAS1,88.28,1201.05
2026-05-04T09:50:00Z,NEM,VIC1,4.55,5923.13
2026-05-04T09:55:00Z,NEM,NSW1,84.79,8579.64
2026-05-04T09:55:00Z,NEM,QLD1,86.73,7047.5
2026-05-04T09:55:00Z,NEM,SA1,44.32,1759.2
2026-05-04T09:55:00Z,NEM,TAS1,88.28,1200.8
2026-05-04T09:55:00Z,NEM,VIC1,4.55,5909.59
2026-05-04T10:00:00Z,NEM,NSW1,84.79,8565.72
2026-05-04T10:00:00Z,NEM,QLD1,86.68,7009.57
2026-05-04T10:00:00Z,NEM,SA1,105.08,1749.65
2026-05-04T10:00:00Z,NEM,TAS1,88.28,1198.72
2026-05-04T10:00:00Z,NEM,VIC1,8.95,5861.39
2026-05-04T10:05:00Z,NEM,NSW1,90.0,8542.96
2026-05-04T10:05:00Z,NEM,QLD1,93.18,7060.28
2026-05-04T10:05:00Z,NEM,SA1,105.08,1740.48
2026-05-04T10:05:00Z,NEM,TAS1,88.91,1196.67
2026-05-04T10:05:00Z,NEM,VIC1,8.95,5810.5
2026-05-04T10:10:00Z,NEM,NSW1,89.74,8485.64
2026-05-04T10:10:00Z,NEM,QLD1,92.73,7009.71
2026-05-04T10:10:00Z,NEM,SA1,50.45,1726.66
2026-05-04T10:10:00Z,NEM,TAS1,88.91,1194.78
2026-05-04T10:10:00Z,NEM,VIC1,8.95,5836.36
2026-05-04T10:15:00Z,NEM,NSW1,89.74,8471.33
2026-05-04T10:15:00Z,NEM,QLD1,92.81,7000.23
2026-05-04T10:15:00Z,NEM,SA1,51.46,1733.07
2026-05-04T10:15:00Z,NEM,TAS1,89.25,1187.67
2026-05-04T10:15:00Z,NEM,VIC1,8.95,5813.34
2026-05-04T10:20:00Z,NEM,NSW1,81.52,8425.06
2026-05-04T10:20:00Z,NEM,QLD1,84.73,6937.82
2026-05-04T10:20:00Z,NEM,SA1,37.67,1725.67
2026-05-04T10:20:00Z,NEM,TAS1,89.55,1187.32
2026-05-04T10:20:00Z,NEM,VIC1,-0.05,5715.93
2026-05-04T10:25:00Z,NEM,NSW1,79.0,8357.97
2026-05-04T10:25:00Z,NEM,QLD1,82.55,6884.87
2026-05-04T10:25:00Z,NEM,SA1,39.99,1710.88
2026-05-04T10:25:00Z,NEM,TAS1,89.55,1184.92
2026-05-04T10:25:00Z,NEM,VIC1,4.55,5699.6
2026-05-04T10:30:00Z,NEM,NSW1,79.0,8366.82
2026-05-04T10:30:00Z,NEM,QLD1,82.47,6859.64
2026-05-04T10:30:00Z,NEM,SA1,39.54,1698.61
2026-05-04T10:30:00Z,NEM,TAS1,107.51,1188.61
2026-05-04T10:30:00Z,NEM,VIC1,4.55,5744.98
2026-05-04T10:35:00Z,NEM,NSW1,90.0,8314.31
2026-05-04T10:35:00Z,NEM,QLD1,92.73,6856.24
2026-05-04T10:35:00Z,NEM,SA1,58.58,1689.77
2026-05-04T10:35:00Z,NEM,TAS1,89.55,1176.05
2026-05-04T10:35:00Z,NEM,VIC1,10.51,5732.6
2026-05-04T10:40:00Z,NEM,NSW1,90.0,8296.91
2026-05-04T10:40:00Z,NEM,QLD1,93.53,6967.81
2026-05-04T10:40:00Z,NEM,SA1,49.12,1670.64
2026-05-04T10:40:00Z,NEM,TAS1,88.91,1169.82
2026-05-04T10:40:00Z,NEM,VIC1,9.0,5689.07
2026-05-04T10:45:00Z,NEM,NSW1,90.0,8257.29
2026-05-04T10:45:00Z,NEM,QLD1,93.53,6966.57
2026-05-04T10:45:00Z,NEM,SA1,52.15,1681.73
2026-05-04T10:45:00Z,NEM,TAS1,88.91,1157.9
2026-05-04T10:45:00Z,NEM,VIC1,9.0,5665.99
2026-05-04T10:50:00Z,NEM,NSW1,89.74,8208.34
2026-05-04T10:50:00Z,NEM,QLD1,92.73,6918.3
2026-05-04T10:50:00Z,NEM,SA1,52.48,1676.34
2026-05-04T10:50:00Z,NEM,TAS1,88.91,1162.09
2026-05-04T10:50:00Z,NEM,VIC1,9.08,5674.1
2026-05-04T10:55:00Z,NEM,NSW1,89.85,8197.41
2026-05-04T10:55:00Z,NEM,QLD1,92.73,6910.15
2026-05-04T10:55:00Z,NEM,SA1,43.57,1667.21
2026-05-04T10:55:00Z,NEM,TAS1,88.91,1158.84
2026-05-04T10:55:00Z,NEM,VIC1,-0.05,5629.31
2026-05-04T11:00:00Z,NEM,NSW1,90.0,8222.14
2026-05-04T11:00:00Z,NEM,QLD1,92.73,6884.71
2026-05-04T11:00:00Z,NEM,SA1,47.43,1649.11
2026-05-04T11:00:00Z,NEM,TAS1,88.91,1158.92
2026-05-04T11:00:00Z,NEM,VIC1,4.55,5615.82
2026-05-04T11:05:00Z,NEM,NSW1,91.7,8198.47
2026-05-04T11:05:00Z,NEM,QLD1,93.91,6819.64
2026-05-04T11:05:00Z,NEM,SA1,98.0,1653.75
2026-05-04T11:05:00Z,NEM,TAS1,88.28,1148.0
2026-05-04T11:05:00Z,NEM,VIC1,8.95,5584.09
2026-05-04T11:10:00Z,NEM,NSW1,91.7,8167.37
2026-05-04T11:10:00Z,NEM,QLD1,94.64,6866.89
2026-05-04T11:10:00Z,NEM,SA1,85.63,1647.71
2026-05-04T11:10:00Z,NEM,TAS1,115.17,1172.63
2026-05-04T11:10:00Z,NEM,VIC1,8.95,5477.03
2026-05-04T11:15:00Z,NEM,NSW1,90.0,8138.0
2026-05-04T11:15:00Z,NEM,QLD1,92.74,6843.09
2026-05-04T11:15:00Z,NEM,SA1,105.08,1656.96
2026-05-04T11:15:00Z,NEM,TAS1,89.55,1176.82
2026-05-04T11:15:00Z,NEM,VIC1,4.62,5425.8
2026-05-04T11:20:00Z,NEM,NSW1,90.0,8110.82
2026-05-04T11:20:00Z,NEM,QLD1,91.51,6757.16
2026-05-04T11:20:00Z,NEM,SA1,105.08,1628.91
2026-05-04T11:20:00Z,NEM,TAS1,89.55,1173.48
2026-05-04T11:20:00Z,NEM,VIC1,8.95,5364.86
2026-05-04T11:25:00Z,NEM,NSW1,91.7,8047.36
2026-05-04T11:25:00Z,NEM,QLD1,94.47,6842.17
2026-05-04T11:25:00Z,NEM,SA1,48.16,1629.05
2026-05-04T11:25:00Z,NEM,TAS1,89.25,1168.56
2026-05-04T11:25:00Z,NEM,VIC1,5.36,5354.28
2026-05-04T11:30:00Z,NEM,NSW1,90.0,7969.89
2026-05-04T11:30:00Z,NEM,QLD1,91.62,6742.69
2026-05-04T11:30:00Z,NEM,SA1,53.7,1607.54
2026-05-04T11:30:00Z,NEM,TAS1,88.28,1158.3
2026-05-04T11:30:00Z,NEM,VIC1,10.99,5441.5
2026-05-04T11:35:00Z,NEM,NSW1,90.0,7890.68
2026-05-04T11:35:00Z,NEM,QLD1,89.64,6663.04
2026-05-04T11:35:00Z,NEM,SA1,49.35,1620.03
2026-05-04T11:35:00Z,NEM,TAS1,88.24,1150.66
2026-05-04T11:35:00Z,NEM,VIC1,8.95,5414.48
2026-05-04T11:40:00Z,NEM,NSW1,97.67,7931.48
2026-05-04T11:40:00Z,NEM,QLD1,99.84,6757.06
2026-05-04T11:40:00Z,NEM,SA1,51.49,1586.25
2026-05-04T11:40:00Z,NEM,TAS1,88.24,1140.93
2026-05-04T11:40:00Z,NEM,VIC1,8.95,5353.65
2026-05-04T11:45:00Z,NEM,NSW1,90.0,7819.02
2026-05-04T11:45:00Z,NEM,QLD1,91.32,6691.36
2026-05-04T11:45:00Z,NEM,SA1,51.0,1606.53
2026-05-04T11:45:00Z,NEM,TAS1,88.24,1133.33
2026-05-04T11:45:00Z,NEM,VIC1,8.95,5271.95
2026-05-04T11:50:00Z,NEM,NSW1,90.0,7848.21
2026-05-04T11:50:00Z,NEM,QLD1,91.62,6644.29
2026-05-04T11:50:00Z,NEM,SA1,49.34,1574.6
2026-05-04T11:50:00Z,NEM,TAS1,88.24,1130.33
2026-05-04T11:50:00Z,NEM,VIC1,9.0,5274.98
2026-05-04T11:55:00Z,NEM,NSW1,89.31,7741.6
2026-05-04T11:55:00Z,NEM,QLD1,91.05,6636.86
2026-05-04T11:55:00Z,NEM,SA1,51.0,1575.78
2026-05-04T11:55:00Z,NEM,TAS1,88.24,1123.15
2026-05-04T11:55:00Z,NEM,VIC1,8.95,5229.8
2026-05-04T12:00:00Z,NEM,NSW1,84.79,7784.2
2026-05-04T12:00:00Z,NEM,QLD1,85.86,6575.53
2026-05-04T12:00:00Z,NEM,SA1,50.27,1584.93
2026-05-04T12:00:00Z,NEM,TAS1,88.24,1124.64
2026-05-04T12:00:00Z,NEM,VIC1,8.95,5103.3
2026-05-04T12:05:00Z,NEM,NSW1,88.27,7628.18
2026-05-04T12:05:00Z,NEM,QLD1,92.5,6491.39
2026-05-04T12:05:00Z,NEM,SA1,98.0,1597.24
2026-05-04T12:05:00Z,NEM,TAS1,88.24,1125.1
2026-05-04T12:05:00Z,NEM,VIC1,4.55,5011.72
2026-05-04T12:10:00Z,NEM,NSW1,90.0,7763.73
2026-05-04T12:10:00Z,NEM,QLD1,94.39,6520.7
2026-05-04T12:10:00Z,NEM,SA1,52.13,1552.91
2026-05-04T12:10:00Z,NEM,TAS1,88.24,1120.92
2026-05-04T12:10:00Z,NEM,VIC1,8.95,5012.19
2026-05-04T12:15:00Z,NEM,NSW1,90.0,7763.05
2026-05-04T12:15:00Z,NEM,QLD1,93.84,6533.8
2026-05-04T12:15:00Z,NEM,SA1,52.93,1556.06
2026-05-04T12:15:00Z,NEM,TAS1,88.24,1115.44
2026-05-04T12:15:00Z,NEM,VIC1,8.95,5005.66
2026-05-04T12:20:00Z,NEM,NSW1,88.8,7761.2
2026-05-04T12:20:00Z,NEM,QLD1,92.5,6466.03
2026-05-04T12:20:00Z,NEM,SA1,58.58,1541.79
2026-05-04T12:20:00Z,NEM,TAS1,88.24,1105.67
2026-05-04T12:20:00Z,NEM,VIC1,8.95,4967.9
2026-05-04T12:25:00Z,NEM,NSW1,78.9,7696.86
2026-05-04T12:25:00Z,NEM,QLD1,82.5,6342.28
2026-05-04T12:25:00Z,NEM,SA1,105.08,1528.67
2026-05-04T12:25:00Z,NEM,TAS1,88.24,1110.41
2026-05-04T12:25:00Z,NEM,VIC1,8.95,4892.55
2026-05-04T12:30:00Z,NEM,NSW1,77.06,7655.19
2026-05-04T12:30:00Z,NEM,QLD1,80.45,6232.18
2026-05-04T12:30:00Z,NEM,SA1,51.0,1510.32
2026-05-04T12:30:00Z,NEM,TAS1,88.24,1101.25
2026-05-04T12:30:00Z,NEM,VIC1,8.95,4838.17
2026-05-04T12:35:00Z,NEM,NSW1,77.06,7640.99
2026-05-04T12:35:00Z,NEM,QLD1,81.24,6288.58
2026-05-04T12:35:00Z,NEM,SA1,44.05,1497.68
2026-05-04T12:35:00Z,NEM,TAS1,88.24,1097.67
2026-05-04T12:35:00Z,NEM,VIC1,8.95,4863.43
2026-05-04T12:40:00Z,NEM,NSW1,78.97,7621.08
2026-05-04T12:40:00Z,NEM,QLD1,82.5,6296.18
2026-05-04T12:40:00Z,NEM,SA1,58.58,1495.45
2026-05-04T12:40:00Z,NEM,TAS1,88.24,1096.89
2026-05-04T12:40:00Z,NEM,VIC1,9.0,4869.74
2026-05-04T12:45:00Z,NEM,NSW1,78.39,7582.53
2026-05-04T12:45:00Z,NEM,QLD1,81.83,6248.43
2026-05-04T12:45:00Z,NEM,SA1,45.29,1484.04
2026-05-04T12:45:00Z,NEM,TAS1,88.24,1101.78
2026-05-04T12:45:00Z,NEM,VIC1,8.95,4739.52
2026-05-04T12:50:00Z,NEM,NSW1,77.06,7541.35
2026-05-04T12:50:00Z,NEM,QLD1,79.91,6226.61
2026-05-04T12:50:00Z,NEM,SA1,98.0,1490.64
2026-05-04T12:50:00Z,NEM,TAS1,88.24,1095.01
2026-05-04T12:50:00Z,NEM,VIC1,8.95,4737.43
2026-05-04T12:55:00Z,NEM,NSW1,75.32,7464.46
2026-05-04T12:55:00Z,NEM,QLD1,77.73,6201.11
2026-05-04T12:55:00Z,NEM,SA1,79.05,1480.12
2026-05-04T12:55:00Z,NEM,TAS1,88.24,1085.74
2026-05-04T12:55:00Z,NEM,VIC1,8.95,4779.79
2026-05-04T13:00:00Z,NEM,NSW1,76.99,7451.69
2026-05-04T13:00:00Z,NEM,QLD1,79.26,6173.26
2026-05-04T13:00:00Z,NEM,SA1,105.08,1466.34
2026-05-04T13:00:00Z,NEM,TAS1,88.24,1073.88
2026-05-04T13:00:00Z,NEM,VIC1,4.55,4698.85
2026-05-04T13:05:00Z,NEM,NSW1,76.52,7411.63
2026-05-04T13:05:00Z,NEM,QLD1,77.73,6109.48
2026-05-04T13:05:00Z,NEM,SA1,105.08,1464.5
2026-05-04T13:05:00Z,NEM,TAS1,88.24,1066.69
2026-05-04T13:05:00Z,NEM,VIC1,8.95,4689.89
2026-05-04T13:10:00Z,NEM,NSW1,76.99,7444.03
2026-05-04T13:10:00Z,NEM,QLD1,78.25,6134.9
2026-05-04T13:10:00Z,NEM,SA1,98.0,1446.93
2026-05-04T13:10:00Z,NEM,TAS1,88.24,1059.46
2026-05-04T13:10:00Z,NEM,VIC1,9.0,4851.46
2026-05-04T13:15:00Z,NEM,NSW1,76.99,7363.55
2026-05-04T13:15:00Z,NEM,QLD1,77.72,6100.35
2026-05-04T13:15:00Z,NEM,SA1,43.33,1455.86
2026-05-04T13:15:00Z,NEM,TAS1,88.24,1064.01
2026-05-04T13:15:00Z,NEM,VIC1,8.95,4915.66
2026-05-04T13:20:00Z,NEM,NSW1,76.99,7328.26
2026-05-04T13:20:00Z,NEM,QLD1,77.66,6055.56
2026-05-04T13:20:00Z,NEM,SA1,79.05,1428.11
2026-05-04T13:20:00Z,NEM,TAS1,88.24,1061.78
2026-05-04T13:20:00Z,NEM,VIC1,8.95,4910.78
2026-05-04T13:25:00Z,NEM,NSW1,71.21,7304.32
2026-05-04T13:25:00Z,NEM,QLD1,71.75,5990.51
2026-05-04T13:25:00Z,NEM,SA1,105.08,1425.25
2026-05-04T13:25:00Z,NEM,TAS1,88.24,1055.03
2026-05-04T13:25:00Z,NEM,VIC1,4.55,4905.67
2026-05-04T13:30:00Z,NEM,NSW1,74.71,7317.65
2026-05-04T13:30:00Z,NEM,QLD1,74.81,5971.72
2026-05-04T13:30:00Z,NEM,SA1,105.08,1422.82
2026-05-04T13:30:00Z,NEM,TAS1,88.24,1043.99
2026-05-04T13:30:00Z,NEM,VIC1,8.95,4899.82
2026-05-04T13:35:00Z,NEM,NSW1,72.77,7271.05
2026-05-04T13:35:00Z,NEM,QLD1,72.83,5949.59
2026-05-04T13:35:00Z,NEM,SA1,105.08,1441.08
2026-05-04T13:35:00Z,NEM,TAS1,88.24,1039.82
2026-05-04T13:35:00Z,NEM,VIC1,8.95,4883.44
2026-05-04T13:40:00Z,NEM,NSW1,72.31,7228.2
2026-05-04T13:40:00Z,NEM,QLD1,72.83,5975.08
2026-05-04T13:40:00Z,NEM,SA1,83.49,1479.07
2026-05-04T13:40:00Z,NEM,TAS1,88.24,1029.91
2026-05-04T13:40:00Z,NEM,VIC1,8.95,4810.46
2026-05-04T13:45:00Z,NEM,NSW1,71.42,7222.09
2026-05-04T13:45:00Z,NEM,QLD1,72.83,5988.77
2026-05-04T13:45:00Z,NEM,SA1,105.08,1456.88
2026-05-04T13:45:00Z,NEM,TAS1,88.24,1033.4
2026-05-04T13:45:00Z,NEM,VIC1,8.95,4760.7
2026-05-04T13:50:00Z,NEM,NSW1,64.89,7204.3
2026-05-04T13:50:00Z,NEM,QLD1,66.11,5937.45
2026-05-04T13:50:00Z,NEM,SA1,83.49,1443.94
2026-05-04T13:50:00Z,NEM,TAS1,88.24,1032.02
2026-05-04T13:50:00Z,NEM,VIC1,9.0,4798.74
2026-05-04T13:55:00Z,NEM,NSW1,64.11,7138.34
2026-05-04T13:55:00Z,NEM,QLD1,65.73,5964.98
2026-05-04T13:55:00Z,NEM,SA1,105.08,1454.82
2026-05-04T13:55:00Z,NEM,TAS1,88.24,1026.88
2026-05-04T13:55:00Z,NEM,VIC1,8.95,4733.13
2026-05-04T14:00:00Z,NEM,NSW1,64.89,7164.69
2026-05-04T14:00:00Z,NEM,QLD1,65.73,5925.06
2026-05-04T14:00:00Z,NEM,SA1,49.02,1433.43
2026-05-04T14:00:00Z,NEM,TAS1,88.24,1020.72
2026-05-04T14:00:00Z,NEM,VIC1,9.0,4670.37
2026-05-04T14:05:00Z,NEM,NSW1,76.74,7075.27
2026-05-04T14:05:00Z,NEM,QLD1,77.73,5980.87
2026-05-04T14:05:00Z,NEM,SA1,83.49,1461.83
2026-05-04T14:05:00Z,NEM,TAS1,88.24,1016.5
2026-05-04T14:05:00Z,NEM,VIC1,9.0,4712.67
2026-05-04T14:10:00Z,NEM,NSW1,76.99,7186.06
2026-05-04T14:10:00Z,NEM,QLD1,76.46,5861.37
2026-05-04T14:10:00Z,NEM,SA1,46.12,1450.0
2026-05-04T14:10:00Z,NEM,TAS1,88.24,1011.37
2026-05-04T14:10:00Z,NEM,VIC1,8.95,4670.67
2026-05-04T14:15:00Z,NEM,NSW1,76.99,7227.25
2026-05-04T14:15:00Z,NEM,QLD1,75.8,5855.14
2026-05-04T14:15:00Z,NEM,SA1,83.49,1443.21
2026-05-04T14:15:00Z,NEM,TAS1,88.24,1004.44
2026-05-04T14:15:00Z,NEM,VIC1,8.95,4687.15
2026-05-04T14:20:00Z,NEM,NSW1,76.99,7256.94
2026-05-04T14:20:00Z,NEM,QLD1,76.04,5898.84
2026-05-04T14:20:00Z,NEM,SA1,117.16,1486.26
2026-05-04T14:20:00Z,NEM,TAS1,88.24,1011.12
2026-05-04T14:20:00Z,NEM,VIC1,4.55,4633.61
2026-05-04T14:25:00Z,NEM,NSW1,73.83,7221.47
2026-05-04T14:25:00Z,NEM,QLD1,72.83,5822.55
2026-05-04T14:25:00Z,NEM,SA1,105.08,1492.48
2026-05-04T14:25:00Z,NEM,TAS1,88.24,1021.38
2026-05-04T14:25:00Z,NEM,VIC1,4.55,4556.4
2026-05-04T14:30:00Z,NEM,NSW1,72.33,7226.54
2026-05-04T14:30:00Z,NEM,QLD1,71.75,5792.04
2026-05-04T14:30:00Z,NEM,SA1,105.08,1498.81
2026-05-04T14:30:00Z,NEM,TAS1,88.24,1024.63
2026-05-04T14:30:00Z,NEM,VIC1,4.55,4525.38
2026-05-04T14:35:00Z,NEM,NSW1,74.35,7166.43
2026-05-04T14:35:00Z,NEM,QLD1,72.83,5789.54
2026-05-04T14:35:00Z,NEM,SA1,105.08,1487.64
2026-05-04T14:35:00Z,NEM,TAS1,108.32,1024.46
2026-05-04T14:35:00Z,NEM,VIC1,8.95,4559.3
2026-05-04T14:40:00Z,NEM,NSW1,71.95,7106.89
2026-05-04T14:40:00Z,NEM,QLD1,71.75,5773.41
2026-05-04T14:40:00Z,NEM,SA1,92.4,1495.13
2026-05-04T14:40:00Z,NEM,TAS1,88.24,1021.86
2026-05-04T14:40:00Z,NEM,VIC1,8.95,4560.67
2026-05-04T14:45:00Z,NEM,NSW1,65.58,7098.46
2026-05-04T14:45:00Z,NEM,QLD1,65.73,5716.44
2026-05-04T14:45:00Z,NEM,SA1,105.08,1483.45
2026-05-04T14:45:00Z,NEM,TAS1,88.24,1012.34
2026-05-04T14:45:00Z,NEM,VIC1,4.55,4490.35
2026-05-04T14:50:00Z,NEM,NSW1,70.47,7079.95
2026-05-04T14:50:00Z,NEM,QLD1,70.64,5726.61
2026-05-04T14:50:00Z,NEM,SA1,105.08,1484.21
2026-05-04T14:50:00Z,NEM,TAS1,88.24,1004.22
2026-05-04T14:50:00Z,NEM,VIC1,4.55,4455.88
2026-05-04T14:55:00Z,NEM,NSW1,65.2,7029.83
2026-05-04T14:55:00Z,NEM,QLD1,65.73,5716.21
2026-05-04T14:55:00Z,NEM,SA1,105.08,1493.89
2026-05-04T14:55:00Z,NEM,TAS1,88.24,999.08
2026-05-04T14:55:00Z,NEM,VIC1,8.95,4408.2
2026-05-04T15:00:00Z,NEM,NSW1,64.76,7010.65
2026-05-04T15:00:00Z,NEM,QLD1,64.83,5658.37
2026-05-04T15:00:00Z,NEM,SA1,39.51,1500.49
2026-05-04T15:00:00Z,NEM,TAS1,88.24,999.3
2026-05-04T15:00:00Z,NEM,VIC1,9.0,4453.41
2026-05-04T15:05:00Z,NEM,NSW1,70.43,7047.87
2026-05-04T15:05:00Z,NEM,QLD1,69.19,5612.4
2026-05-04T15:05:00Z,NEM,SA1,105.08,1494.78
2026-05-04T15:05:00Z,NEM,TAS1,88.24,996.42
2026-05-04T15:05:00Z,NEM,VIC1,8.95,4378.0
2026-05-04T15:10:00Z,NEM,NSW1,75.48,7090.17
2026-05-04T15:10:00Z,NEM,QLD1,72.83,5615.78
2026-05-04T15:10:00Z,NEM,SA1,105.08,1486.3
2026-05-04T15:10:00Z,NEM,TAS1,88.24,998.52
2026-05-04T15:10:00Z,NEM,VIC1,8.95,4348.66
2026-05-04T15:15:00Z,NEM,NSW1,73.95,6942.67
2026-05-04T15:15:00Z,NEM,QLD1,71.75,5615.24
2026-05-04T15:15:00Z,NEM,SA1,39.85,1476.51
2026-05-04T15:15:00Z,NEM,TAS1,88.24,995.89
2026-05-04T15:15:00Z,NEM,VIC1,4.55,4339.16
2026-05-04T15:20:00Z,NEM,NSW1,76.53,6972.39
2026-05-04T15:20:00Z,NEM,QLD1,73.32,5589.74
2026-05-04T15:20:00Z,NEM,SA1,58.58,1477.43
2026-05-04T15:20:00Z,NEM,TAS1,88.24,990.26
2026-05-04T15:20:00Z,NEM,VIC1,8.95,4331.03
2026-05-04T15:25:00Z,NEM,NSW1,74.03,6801.87
2026-05-04T15:25:00Z,NEM,QLD1,71.75,5582.26
2026-05-04T15:25:00Z,NEM,SA1,43.03,1458.1
2026-05-04T15:25:00Z,NEM,TAS1,88.24,986.65
2026-05-04T15:25:00Z,NEM,VIC1,8.95,4307.68
2026-05-04T15:30:00Z,NEM,NSW1,75.59,6793.19
2026-05-04T15:30:00Z,NEM,QLD1,72.83,5607.3
2026-05-04T15:30:00Z,NEM,SA1,105.08,1467.53
2026-05-04T15:30:00Z,NEM,TAS1,88.24,982.95
2026-05-04T15:30:00Z,NEM,VIC1,8.95,4287.54
2026-05-04T15:35:00Z,NEM,NSW1,70.43,6782.81
2026-05-04T15:35:00Z,NEM,QLD1,68.27,5595.41
2026-05-04T15:35:00Z,NEM,SA1,51.0,1466.4
2026-05-04T15:35:00Z,NEM,TAS1,88.24,981.11
2026-05-04T15:35:00Z,NEM,VIC1,8.95,4273.46
2026-05-04T15:40:00Z,NEM,NSW1,67.86,6770.48
2026-05-04T15:40:00Z,NEM,QLD1,65.73,5556.8
2026-05-04T15:40:00Z,NEM,SA1,58.58,1477.95
2026-05-04T15:40:00Z,NEM,TAS1,88.24,976.05
2026-05-04T15:40:00Z,NEM,VIC1,8.95,4291.95
2026-05-04T15:45:00Z,NEM,NSW1,66.76,6668.78
2026-05-04T15:45:00Z,NEM,QLD1,65.73,5583.7
2026-05-04T15:45:00Z,NEM,SA1,105.08,1457.08
2026-05-04T15:45:00Z,NEM,TAS1,88.24,961.57
2026-05-04T15:45:00Z,NEM,VIC1,8.95,4278.31
2026-05-04T15:50:00Z,NEM,NSW1,65.7,6646.83
2026-05-04T15:50:00Z,NEM,QLD1,64.83,5589.35
2026-05-04T15:50:00Z,NEM,SA1,105.08,1457.28
2026-05-04T15:50:00Z,NEM,TAS1,88.24,953.06
2026-05-04T15:50:00Z,NEM,VIC1,8.95,4222.94
2026-05-04T15:55:00Z,NEM,NSW1,65.14,6629.05
2026-05-04T15:55:00Z,NEM,QLD1,64.65,5567.41
2026-05-04T15:55:00Z,NEM,SA1,105.08,1465.2
2026-05-04T15:55:00Z,NEM,TAS1,88.24,951.63
2026-05-04T15:55:00Z,NEM,VIC1,9.0,4247.97
2026-05-04T16:00:00Z,NEM,NSW1,57.51,6574.57
2026-05-04T16:00:00Z,NEM,QLD1,57.03,5519.36
2026-05-04T16:00:00Z,NEM,SA1,34.71,1462.16
2026-05-04T16:00:00Z,NEM,TAS1,88.24,942.67
2026-05-04T16:00:00Z,NEM,VIC1,8.95,4233.22
2026-05-04T16:05:00Z,NEM,NSW1,64.89,6524.09
2026-05-04T16:05:00Z,NEM,QLD1,64.65,5517.57
2026-05-04T16:05:00Z,NEM,SA1,49.02,1457.32
2026-05-04T16:05:00Z,NEM,TAS1,88.24,935.29
2026-05-04T16:05:00Z,NEM,VIC1,8.95,4233.89
2026-05-04T16:10:00Z,NEM,NSW1,64.89,6533.39
2026-05-04T16:10:00Z,NEM,QLD1,64.81,5591.73
2026-05-04T16:10:00Z,NEM,SA1,60.08,1445.31
2026-05-04T16:10:00Z,NEM,TAS1,88.24,943.13
2026-05-04T16:10:00Z,NEM,VIC1,8.95,4208.14
2026-05-04T16:15:00Z,NEM,NSW1,64.89,6527.67
2026-05-04T16:15:00Z,NEM,QLD1,63.92,5520.22
2026-05-04T16:15:00Z,NEM,SA1,60.08,1430.89
2026-05-04T16:15:00Z,NEM,TAS1,88.24,938.09
2026-05-04T16:15:00Z,NEM,VIC1,8.95,4106.65
2026-05-04T16:20:00Z,NEM,NSW1,64.89,6524.26
2026-05-04T16:20:00Z,NEM,QLD1,63.94,5541.8
2026-05-04T16:20:00Z,NEM,SA1,51.0,1415.54
2026-05-04T16:20:00Z,NEM,TAS1,88.24,935.15
2026-05-04T16:20:00Z,NEM,VIC1,9.0,4180.72
2026-05-04T16:25:00Z,NEM,NSW1,64.39,6492.57
2026-05-04T16:25:00Z,NEM,QLD1,64.65,5569.52
2026-05-04T16:25:00Z,NEM,SA1,60.08,1404.65
2026-05-04T16:25:00Z,NEM,TAS1,88.24,932.86
2026-05-04T16:25:00Z,NEM,VIC1,8.95,4176.64
2026-05-04T16:30:00Z,NEM,NSW1,64.81,6454.63
2026-05-04T16:30:00Z,NEM,QLD1,64.65,5558.52
2026-05-04T16:30:00Z,NEM,SA1,49.02,1398.61
2026-05-04T16:30:00Z,NEM,TAS1,88.24,930.47
2026-05-04T16:30:00Z,NEM,VIC1,8.95,4192.8
2026-05-04T16:35:00Z,NEM,NSW1,73.91,6452.78
2026-05-04T16:35:00Z,NEM,QLD1,72.83,5557.9
2026-05-04T16:35:00Z,NEM,SA1,43.81,1404.87
2026-05-04T16:35:00Z,NEM,TAS1,88.24,924.27
2026-05-04T16:35:00Z,NEM,VIC1,8.95,4149.95
2026-05-04T16:40:00Z,NEM,NSW1,65.5,6378.77
2026-05-04T16:40:00Z,NEM,QLD1,64.93,5568.32
2026-05-04T16:40:00Z,NEM,SA1,39.63,1423.95
2026-05-04T16:40:00Z,NEM,TAS1,88.24,926.4
2026-05-04T16:40:00Z,NEM,VIC1,9.0,4144.41
2026-05-04T16:45:00Z,NEM,NSW1,57.51,6349.21
2026-05-04T16:45:00Z,NEM,QLD1,57.65,5517.29
2026-05-04T16:45:00Z,NEM,SA1,32.06,1410.84
2026-05-04T16:45:00Z,NEM,TAS1,88.24,913.74
2026-05-04T16:45:00Z,NEM,VIC1,4.55,4127.1
2026-05-04T16:50:00Z,NEM,NSW1,64.06,6328.2
2026-05-04T16:50:00Z,NEM,QLD1,64.65,5564.09
2026-05-04T16:50:00Z,NEM,SA1,38.43,1403.11
2026-05-04T16:50:00Z,NEM,TAS1,88.24,908.88
2026-05-04T16:50:00Z,NEM,VIC1,8.95,4116.3
2026-05-04T16:55:00Z,NEM,NSW1,61.42,6338.15
2026-05-04T16:55:00Z,NEM,QLD1,62.73,5546.75
2026-05-04T16:55:00Z,NEM,SA1,34.31,1394.77
2026-05-04T16:55:00Z,NEM,TAS1,88.24,912.91
2026-05-04T16:55:00Z,NEM,VIC1,4.55,4020.46
2026-05-04T17:00:00Z,NEM,NSW1,57.51,6317.47
2026-05-04T17:00:00Z,NEM,QLD1,57.98,5502.46
2026-05-04T17:00:00Z,NEM,SA1,60.08,1404.45
2026-05-04T17:00:00Z,NEM,TAS1,88.24,925.14
2026-05-04T17:00:00Z,NEM,VIC1,23.05,4039.68
2026-05-04T17:05:00Z,NEM,NSW1,56.23,6277.72
2026-05-04T17:05:00Z,NEM,QLD1,56.32,5479.91
2026-05-04T17:05:00Z,NEM,SA1,60.08,1397.01
2026-05-04T17:05:00Z,NEM,TAS1,88.24,907.6
2026-05-04T17:05:00Z,NEM,VIC1,8.95,4086.37
2026-05-04T17:10:00Z,NEM,NSW1,64.52,6288.96
2026-05-04T17:10:00Z,NEM,QLD1,64.65,5498.4
2026-05-04T17:10:00Z,NEM,SA1,60.08,1403.77
2026-05-04T17:10:00Z,NEM,TAS1,88.2,906.72
2026-05-04T17:10:00Z,NEM,VIC1,9.0,4095.47
2026-05-04T17:15:00Z,NEM,NSW1,57.51,6327.43
2026-05-04T17:15:00Z,NEM,QLD1,57.62,5479.22
2026-05-04T17:15:00Z,NEM,SA1,27.63,1389.43
2026-05-04T17:15:00Z,NEM,TAS1,88.2,910.68
2026-05-04T17:15:00Z,NEM,VIC1,-0.05,4093.68
2026-05-04T17:20:00Z,NEM,NSW1,56.03,6283.32
2026-05-04T17:20:00Z,NEM,QLD1,55.79,5485.68
2026-05-04T17:20:00Z,NEM,SA1,60.08,1397.48
2026-05-04T17:20:00Z,NEM,TAS1,87.12,909.6
2026-05-04T17:20:00Z,NEM,VIC1,4.55,4109.61
2026-05-04T17:25:00Z,NEM,NSW1,57.51,6291.59
2026-05-04T17:25:00Z,NEM,QLD1,58.0,5522.57
2026-05-04T17:25:00Z,NEM,SA1,35.02,1386.96
2026-05-04T17:25:00Z,NEM,TAS1,88.2,907.84
2026-05-04T17:25:00Z,NEM,VIC1,8.95,4108.17
2026-05-04T17:30:00Z,NEM,NSW1,57.51,6242.52
2026-05-04T17:30:00Z,NEM,QLD1,57.97,5500.94
2026-05-04T17:30:00Z,NEM,SA1,98.0,1417.29
2026-05-04T17:30:00Z,NEM,TAS1,88.24,930.32
2026-05-04T17:30:00Z,NEM,VIC1,9.0,4096.38
2026-05-04T17:35:00Z,NEM,NSW1,57.51,6241.11
2026-05-04T17:35:00Z,NEM,QLD1,57.66,5545.65
2026-05-04T17:35:00Z,NEM,SA1,36.9,1391.83
2026-05-04T17:35:00Z,NEM,TAS1,88.2,906.32
2026-05-04T17:35:00Z,NEM,VIC1,8.95,4036.74
2026-05-04T17:40:00Z,NEM,NSW1,64.01,6249.92
2026-05-04T17:40:00Z,NEM,QLD1,64.93,5515.24
2026-05-04T17:40:00Z,NEM,SA1,60.08,1396.19
2026-05-04T17:40:00Z,NEM,TAS1,88.24,912.92
2026-05-04T17:40:00Z,NEM,VIC1,4.55,4053.04
2026-05-04T17:45:00Z,NEM,NSW1,57.51,6226.68
2026-05-04T17:45:00Z,NEM,QLD1,57.65,5534.73
2026-05-04T17:45:00Z,NEM,SA1,74.38,1376.39
2026-05-04T17:45:00Z,NEM,TAS1,88.24,911.75
2026-05-04T17:45:00Z,NEM,VIC1,50.58,4130.79
2026-05-04T17:50:00Z,NEM,NSW1,64.45,6226.94
2026-05-04T17:50:00Z,NEM,QLD1,64.65,5579.77
2026-05-04T17:50:00Z,NEM,SA1,60.08,1360.11
2026-05-04T17:50:00Z,NEM,TAS1,88.24,922.62
2026-05-04T17:50:00Z,NEM,VIC1,12.58,4141.31
2026-05-04T17:55:00Z,NEM,NSW1,57.03,6237.73
2026-05-04T17:55:00Z,NEM,QLD1,56.47,5525.81
2026-05-04T17:55:00Z,NEM,SA1,98.0,1359.76
2026-05-04T17:55:00Z,NEM,TAS1,88.24,919.37
2026-05-04T17:55:00Z,NEM,VIC1,3.35,4117.68
2026-05-04T18:00:00Z,NEM,NSW1,57.51,6260.43
2026-05-04T18:00:00Z,NEM,QLD1,56.95,5527.95
2026-05-04T18:00:00Z,NEM,SA1,51.0,1361.99
2026-05-04T18:00:00Z,NEM,TAS1,88.24,923.06
2026-05-04T18:00:00Z,NEM,VIC1,8.95,4101.3
2026-05-04T18:05:00Z,NEM,NSW1,55.16,6257.1
2026-05-04T18:05:00Z,NEM,QLD1,54.63,5536.52
2026-05-04T18:05:00Z,NEM,SA1,60.08,1359.12
2026-05-04T18:05:00Z,NEM,TAS1,88.18,904.35
2026-05-04T18:05:00Z,NEM,VIC1,4.55,4123.16
2026-05-04T18:10:00Z,NEM,NSW1,57.51,6268.96
2026-05-04T18:10:00Z,NEM,QLD1,57.37,5607.24
2026-05-04T18:10:00Z,NEM,SA1,51.0,1360.04
2026-05-04T18:10:00Z,NEM,TAS1,88.18,909.18
2026-05-04T18:10:00Z,NEM,VIC1,22.67,4099.48
2026-05-04T18:15:00Z,NEM,NSW1,56.03,6276.65
2026-05-04T18:15:00Z,NEM,QLD1,55.53,5571.39
2026-05-04T18:15:00Z,NEM,SA1,31.37,1343.79
2026-05-04T18:15:00Z,NEM,TAS1,88.18,907.43
2026-05-04T18:15:00Z,NEM,VIC1,8.95,4052.9
2026-05-04T18:20:00Z,NEM,NSW1,57.51,6296.23
2026-05-04T18:20:00Z,NEM,QLD1,57.02,5597.87
2026-05-04T18:20:00Z,NEM,SA1,58.58,1343.56
2026-05-04T18:20:00Z,NEM,TAS1,88.18,905.53
2026-05-04T18:20:00Z,NEM,VIC1,9.0,4081.62
2026-05-04T18:25:00Z,NEM,NSW1,57.51,6272.95
2026-05-04T18:25:00Z,NEM,QLD1,57.38,5614.43
2026-05-04T18:25:00Z,NEM,SA1,60.08,1340.18
2026-05-04T18:25:00Z,NEM,TAS1,88.18,910.37
2026-05-04T18:25:00Z,NEM,VIC1,9.0,4097.81
2026-05-04T18:30:00Z,NEM,NSW1,57.51,6280.69
2026-05-04T18:30:00Z,NEM,QLD1,57.42,5657.81
2026-05-04T18:30:00Z,NEM,SA1,60.08,1337.55
2026-05-04T18:30:00Z,NEM,TAS1,88.18,908.39
2026-05-04T18:30:00Z,NEM,VIC1,9.0,4169.09
2026-05-04T18:35:00Z,NEM,NSW1,57.51,6322.66
2026-05-04T18:35:00Z,NEM,QLD1,57.8,5677.25
2026-05-04T18:35:00Z,NEM,SA1,51.0,1331.96
2026-05-04T18:35:00Z,NEM,TAS1,88.18,899.49
2026-05-04T18:35:00Z,NEM,VIC1,4.55,4208.45
2026-05-04T18:40:00Z,NEM,NSW1,57.51,6366.32
2026-05-04T18:40:00Z,NEM,QLD1,58.57,5735.45
2026-05-04T18:40:00Z,NEM,SA1,60.08,1351.61
2026-05-04T18:40:00Z,NEM,TAS1,88.18,901.66
2026-05-04T18:40:00Z,NEM,VIC1,8.95,4205.1
2026-05-04T18:45:00Z,NEM,NSW1,57.51,6429.26
2026-05-04T18:45:00Z,NEM,QLD1,57.83,5688.94
2026-05-04T18:45:00Z,NEM,SA1,33.29,1354.48
2026-05-04T18:45:00Z,NEM,TAS1,88.18,902.49
2026-05-04T18:45:00Z,NEM,VIC1,7.44,4147.63
2026-05-04T18:50:00Z,NEM,NSW1,57.51,6457.63
2026-05-04T18:50:00Z,NEM,QLD1,57.44,5640.64
2026-05-04T18:50:00Z,NEM,SA1,60.08,1346.58
2026-05-04T18:50:00Z,NEM,TAS1,88.18,907.48
2026-05-04T18:50:00Z,NEM,VIC1,12.58,4258.63
2026-05-04T18:55:00Z,NEM,NSW1,64.24,6529.58
2026-05-04T18:55:00Z,NEM,QLD1,64.65,5710.05
2026-05-04T18:55:00Z,NEM,SA1,38.12,1334.17
2026-05-04T18:55:00Z,NEM,TAS1,88.18,907.33
2026-05-04T18:55:00Z,NEM,VIC1,9.0,4270.46
2026-05-04T19:00:00Z,NEM,NSW1,71.22,6529.01
2026-05-04T19:00:00Z,NEM,QLD1,71.75,5776.73
2026-05-04T19:00:00Z,NEM,SA1,60.08,1338.51
2026-05-04T19:00:00Z,NEM,TAS1,88.18,908.96
2026-05-04T19:00:00Z,NEM,VIC1,9.0,4229.39
2026-05-04T19:05:00Z,NEM,NSW1,62.99,6504.14
2026-05-04T19:05:00Z,NEM,QLD1,64.65,5802.94
2026-05-04T19:05:00Z,NEM,SA1,60.08,1330.96
2026-05-04T19:05:00Z,NEM,TAS1,88.18,915.64
2026-05-04T19:05:00Z,NEM,VIC1,14.5,4266.48
2026-05-04T19:10:00Z,NEM,NSW1,65.06,6636.38
2026-05-04T19:10:00Z,NEM,QLD1,66.47,5865.79
2026-05-04T19:10:00Z,NEM,SA1,74.07,1328.42
2026-05-04T19:10:00Z,NEM,TAS1,88.18,926.66
2026-05-04T19:10:00Z,NEM,VIC1,57.21,4310.1
2026-05-04T19:15:00Z,NEM,NSW1,71.67,6655.0
2026-05-04T19:15:00Z,NEM,QLD1,72.83,5917.38
2026-05-04T19:15:00Z,NEM,SA1,82.21,1329.7
2026-05-04T19:15:00Z,NEM,TAS1,88.18,931.05
2026-05-04T19:15:00Z,NEM,VIC1,63.5,4397.89
2026-05-04T19:20:00Z,NEM,NSW1,70.16,6624.5
2026-05-04T19:20:00Z,NEM,QLD1,71.75,5939.78
2026-05-04T19:20:00Z,NEM,SA1,85.99,1333.26
2026-05-04T19:20:00Z,NEM,TAS1,88.18,936.66
2026-05-04T19:20:00Z,NEM,VIC1,62.23,4417.65
2026-05-04T19:25:00Z,NEM,NSW1,71.22,6670.79
2026-05-04T19:25:00Z,NEM,QLD1,72.83,5915.04
2026-05-04T19:25:00Z,NEM,SA1,89.09,1334.34
2026-05-04T19:25:00Z,NEM,TAS1,88.18,939.1
2026-05-04T19:25:00Z,NEM,VIC1,63.13,4408.07
2026-05-04T19:30:00Z,NEM,NSW1,81.03,6699.85
2026-05-04T19:30:00Z,NEM,QLD1,82.5,6017.2
2026-05-04T19:30:00Z,NEM,SA1,98.0,1326.6
2026-05-04T19:30:00Z,NEM,TAS1,88.18,951.0
2026-05-04T19:30:00Z,NEM,VIC1,73.35,4496.69
2026-05-04T19:35:00Z,NEM,NSW1,70.22,6745.77
2026-05-04T19:35:00Z,NEM,QLD1,72.83,6023.76
2026-05-04T19:35:00Z,NEM,SA1,90.3,1329.19
2026-05-04T19:35:00Z,NEM,TAS1,88.18,953.8
2026-05-04T19:35:00Z,NEM,VIC1,63.99,4523.78
2026-05-04T19:40:00Z,NEM,NSW1,69.93,6846.36
2026-05-04T19:40:00Z,NEM,QLD1,71.75,6097.22
2026-05-04T19:40:00Z,NEM,SA1,98.0,1346.94
2026-05-04T19:40:00Z,NEM,TAS1,88.18,976.93
2026-05-04T19:40:00Z,NEM,VIC1,64.67,4569.43
2026-05-04T19:45:00Z,NEM,NSW1,69.46,6829.35
2026-05-04T19:45:00Z,NEM,QLD1,71.75,6146.13
2026-05-04T19:45:00Z,NEM,SA1,103.44,1368.33
2026-05-04T19:45:00Z,NEM,TAS1,88.18,988.9
2026-05-04T19:45:00Z,NEM,VIC1,64.82,4588.37
2026-05-04T19:50:00Z,NEM,NSW1,76.99,6909.16
2026-05-04T19:50:00Z,NEM,QLD1,78.64,6171.44
2026-05-04T19:50:00Z,NEM,SA1,103.44,1369.09
2026-05-04T19:50:00Z,NEM,TAS1,88.18,995.41
2026-05-04T19:50:00Z,NEM,VIC1,71.77,4610.45
2026-05-04T19:55:00Z,NEM,NSW1,76.99,6999.88
2026-05-04T19:55:00Z,NEM,QLD1,77.31,6239.72
2026-05-04T19:55:00Z,NEM,SA1,105.08,1381.5
2026-05-04T19:55:00Z,NEM,TAS1,89.16,1004.79
2026-05-04T19:55:00Z,NEM,VIC1,71.73,4611.73
2026-05-04T20:00:00Z,NEM,NSW1,82.0,7057.52
2026-05-04T20:00:00Z,NEM,QLD1,81.83,6232.01
2026-05-04T20:00:00Z,NEM,SA1,105.08,1376.26
2026-05-04T20:00:00Z,NEM,TAS1,99.68,1022.88
2026-05-04T20:00:00Z,NEM,VIC1,77.51,4801.87
2026-05-04T20:05:00Z,NEM,NSW1,79.0,7149.91
2026-05-04T20:05:00Z,NEM,QLD1,81.84,6281.71
2026-05-04T20:05:00Z,NEM,SA1,103.44,1376.47
2026-05-04T20:05:00Z,NEM,TAS1,99.68,1030.46
2026-05-04T20:05:00Z,NEM,VIC1,73.3,4809.7
2026-05-04T20:10:00Z,NEM,NSW1,78.27,7221.26
2026-05-04T20:10:00Z,NEM,QLD1,81.67,6326.6
2026-05-04T20:10:00Z,NEM,SA1,103.44,1386.0
2026-05-04T20:10:00Z,NEM,TAS1,119.7,1051.15
2026-05-04T20:10:00Z,NEM,VIC1,71.8,4867.43
2026-05-04T20:15:00Z,NEM,NSW1,80.43,7324.93
2026-05-04T20:15:00Z,NEM,QLD1,82.5,6364.5
2026-05-04T20:15:00Z,NEM,SA1,103.44,1394.47
2026-05-04T20:15:00Z,NEM,TAS1,99.48,1059.71
2026-05-04T20:15:00Z,NEM,VIC1,75.67,4960.05
2026-05-04T20:20:00Z,NEM,NSW1,79.0,7504.82
2026-05-04T20:20:00Z,NEM,QLD1,81.65,6403.51
2026-05-04T20:20:00Z,NEM,SA1,103.44,1392.77
2026-05-04T20:20:00Z,NEM,TAS1,89.16,1068.23
2026-05-04T20:20:00Z,NEM,VIC1,73.3,5012.06
2026-05-04T20:25:00Z,NEM,NSW1,80.21,7644.22
2026-05-04T20:25:00Z,NEM,QLD1,82.5,6447.64
2026-05-04T20:25:00Z,NEM,SA1,103.44,1408.95
2026-05-04T20:25:00Z,NEM,TAS1,149.68,1073.17
2026-05-04T20:25:00Z,NEM,VIC1,74.98,5096.52
2026-05-04T20:30:00Z,NEM,NSW1,86.3,7640.34
2026-05-04T20:30:00Z,NEM,QLD1,91.62,6546.09
2026-05-04T20:30:00Z,NEM,SA1,103.44,1404.91
2026-05-04T20:30:00Z,NEM,TAS1,154.79,1086.32
2026-05-04T20:30:00Z,NEM,VIC1,80.12,5165.28
2026-05-04T20:35:00Z,NEM,NSW1,77.74,7664.65
2026-05-04T20:35:00Z,NEM,QLD1,82.49,6494.79
2026-05-04T20:35:00Z,NEM,SA1,103.44,1418.36
2026-05-04T20:35:00Z,NEM,TAS1,88.18,1081.0
2026-05-04T20:35:00Z,NEM,VIC1,70.15,5108.4
2026-05-04T20:40:00Z,NEM,NSW1,79.0,7771.0
2026-05-04T20:40:00Z,NEM,QLD1,83.28,6552.43
2026-05-04T20:40:00Z,NEM,SA1,103.44,1438.38
2026-05-04T20:40:00Z,NEM,TAS1,88.18,1092.25
2026-05-04T20:40:00Z,NEM,VIC1,72.35,5226.65
2026-05-04T20:45:00Z,NEM,NSW1,74.27,7861.67
2026-05-04T20:45:00Z,NEM,QLD1,77.99,6560.61
2026-05-04T20:45:00Z,NEM,SA1,86.24,1471.93
2026-05-04T20:45:00Z,NEM,TAS1,88.18,1112.1
2026-05-04T20:45:00Z,NEM,VIC1,68.12,5378.72
2026-05-04T20:50:00Z,NEM,NSW1,80.53,7784.13
2026-05-04T20:50:00Z,NEM,QLD1,83.06,6588.34
2026-05-04T20:50:00Z,NEM,SA1,138.0,1493.15
2026-05-04T20:50:00Z,NEM,TAS1,88.18,1113.81
2026-05-04T20:50:00Z,NEM,VIC1,75.67,5489.04
2026-05-04T20:55:00Z,NEM,NSW1,79.0,7890.63
2026-05-04T20:55:00Z,NEM,QLD1,79.91,6484.24
2026-05-04T20:55:00Z,NEM,SA1,81.82,1495.11
2026-05-04T20:55:00Z,NEM,TAS1,88.18,1118.56
2026-05-04T20:55:00Z,NEM,VIC1,73.54,5434.99
2026-05-04T21:00:00Z,NEM,NSW1,80.67,7816.08
2026-05-04T21:00:00Z,NEM,QLD1,82.5,6590.78
2026-05-04T21:00:00Z,NEM,SA1,103.44,1507.77
2026-05-04T21:00:00Z,NEM,TAS1,88.18,1120.17
2026-05-04T21:00:00Z,NEM,VIC1,75.86,5506.52
2026-05-04T21:05:00Z,NEM,NSW1,85.61,7918.93
2026-05-04T21:05:00Z,NEM,QLD1,88.28,6564.2
2026-05-04T21:05:00Z,NEM,SA1,103.44,1506.47
2026-05-04T21:05:00Z,NEM,TAS1,88.18,1134.08
2026-05-04T21:05:00Z,NEM,VIC1,79.9,5610.86
2026-05-04T21:10:00Z,NEM,NSW1,88.88,7886.58
2026-05-04T21:10:00Z,NEM,QLD1,91.62,6554.02
2026-05-04T21:10:00Z,NEM,SA1,106.26,1547.67
2026-05-04T21:10:00Z,NEM,TAS1,88.18,1140.43
2026-05-04T21:10:00Z,NEM,VIC1,75.92,5611.62
2026-05-04T21:15:00Z,NEM,NSW1,86.96,7871.11
2026-05-04T21:15:00Z,NEM,QLD1,89.06,6528.91
2026-05-04T21:15:00Z,NEM,SA1,138.04,1547.54
2026-05-04T21:15:00Z,NEM,TAS1,88.49,1160.79
2026-05-04T21:15:00Z,NEM,VIC1,81.4,5638.1
2026-05-04T21:20:00Z,NEM,NSW1,80.53,7902.79
2026-05-04T21:20:00Z,NEM,QLD1,82.5,6539.38
2026-05-04T21:20:00Z,NEM,SA1,92.4,1551.84
2026-05-04T21:20:00Z,NEM,TAS1,89.12,1170.38
2026-05-04T21:20:00Z,NEM,VIC1,74.83,5636.7
2026-05-04T21:25:00Z,NEM,NSW1,84.79,7906.68
2026-05-04T21:25:00Z,NEM,QLD1,84.73,6432.61
2026-05-04T21:25:00Z,NEM,SA1,138.0,1567.32
2026-05-04T21:25:00Z,NEM,TAS1,89.12,1172.68
2026-05-04T21:25:00Z,NEM,VIC1,81.4,5681.08
2026-05-04T21:30:00Z,NEM,NSW1,79.19,7968.11
2026-05-04T21:30:00Z,NEM,QLD1,78.14,6450.23
2026-05-04T21:30:00Z,NEM,SA1,83.34,1541.58
2026-05-04T21:30:00Z,NEM,TAS1,89.16,1165.42
2026-05-04T21:30:00Z,NEM,VIC1,75.67,5702.0
2026-05-04T21:35:00Z,NEM,NSW1,79.0,7903.16
2026-05-04T21:35:00Z,NEM,QLD1,77.34,6350.18
2026-05-04T21:35:00Z,NEM,SA1,138.0,1565.26
2026-05-04T21:35:00Z,NEM,TAS1,96.22,1178.1
2026-05-04T21:35:00Z,NEM,VIC1,75.67,5706.12
2026-05-04T21:40:00Z,NEM,NSW1,72.12,7861.59
2026-05-04T21:40:00Z,NEM,QLD1,69.71,6345.29
2026-05-04T21:40:00Z,NEM,SA1,105.08,1586.0
2026-05-04T21:40:00Z,NEM,TAS1,96.22,1196.93
2026-05-04T21:40:00Z,NEM,VIC1,69.24,5718.48
2026-05-04T21:45:00Z,NEM,NSW1,57.96,7821.94
2026-05-04T21:45:00Z,NEM,QLD1,55.65,6304.67
2026-05-04T21:45:00Z,NEM,SA1,105.08,1620.98
2026-05-04T21:45:00Z,NEM,TAS1,96.22,1194.35
2026-05-04T21:45:00Z,NEM,VIC1,57.0,5726.8
2026-05-04T21:50:00Z,NEM,NSW1,57.62,7798.96
2026-05-04T21:50:00Z,NEM,QLD1,54.5,6126.12
2026-05-04T21:50:00Z,NEM,SA1,105.08,1626.82
2026-05-04T21:50:00Z,NEM,TAS1,88.18,1171.89
2026-05-04T21:50:00Z,NEM,VIC1,57.0,5776.45
2026-05-04T21:55:00Z,NEM,NSW1,56.06,7721.44
2026-05-04T21:55:00Z,NEM,QLD1,53.29,6100.43
2026-05-04T21:55:00Z,NEM,SA1,156.68,1636.68
2026-05-04T21:55:00Z,NEM,TAS1,88.18,1158.76
2026-05-04T21:55:00Z,NEM,VIC1,56.93,5740.93
2026-05-04T22:00:00Z,NEM,NSW1,55.93,7606.61
2026-05-04T22:00:00Z,NEM,QLD1,52.73,5992.9
2026-05-04T22:00:00Z,NEM,SA1,75.03,1585.7
2026-05-04T22:00:00Z,NEM,TAS1,88.18,1149.45
2026-05-04T22:00:00Z,NEM,VIC1,56.69,5732.97
2026-05-04T22:05:00Z,NEM,NSW1,56.26,7485.96
2026-05-04T22:05:00Z,NEM,QLD1,53.32,5925.45
2026-05-04T22:05:00Z,NEM,SA1,81.67,1581.25
2026-05-04T22:05:00Z,NEM,TAS1,88.18,1152.37
2026-05-04T22:05:00Z,NEM,VIC1,56.69,5755.02
2026-05-04T22:10:00Z,NEM,NSW1,56.66,7511.65
2026-05-04T22:10:00Z,NEM,QLD1,54.36,5958.65
2026-05-04T22:10:00Z,NEM,SA1,120.81,1587.16
2026-05-04T22:10:00Z,NEM,TAS1,88.18,1155.12
2026-05-04T22:10:00Z,NEM,VIC1,56.69,5671.4
2026-05-04T22:15:00Z,NEM,NSW1,56.06,7465.04
2026-05-04T22:15:00Z,NEM,QLD1,54.61,5870.29
2026-05-04T22:15:00Z,NEM,SA1,70.0,1558.39
2026-05-04T22:15:00Z,NEM,TAS1,88.18,1152.29
2026-05-04T22:15:00Z,NEM,VIC1,56.69,5628.38
2026-05-04T22:20:00Z,NEM,NSW1,54.5,7397.59
2026-05-04T22:20:00Z,NEM,QLD1,51.14,5882.84
2026-05-04T22:20:00Z,NEM,SA1,103.44,1568.7
2026-05-04T22:20:00Z,NEM,TAS1,88.18,1149.37
2026-05-04T22:20:00Z,NEM,VIC1,57.0,5582.22
2026-05-04T22:25:00Z,NEM,NSW1,54.94,7369.55
2026-05-04T22:25:00Z,NEM,QLD1,52.75,5838.0
2026-05-04T22:25:00Z,NEM,SA1,80.44,1546.44
2026-05-04T22:25:00Z,NEM,TAS1,88.18,1144.16
2026-05-04T22:25:00Z,NEM,VIC1,57.0,5530.5
2026-05-04T22:30:00Z,NEM,NSW1,52.38,7247.63
2026-05-04T22:30:00Z,NEM,QLD1,49.91,5736.99
2026-05-04T22:30:00Z,NEM,SA1,105.08,1550.63
2026-05-04T22:30:00Z,NEM,TAS1,88.18,1134.26
2026-05-04T22:30:00Z,NEM,VIC1,55.24,5495.02
2026-05-04T22:35:00Z,NEM,NSW1,51.6,7163.77
2026-05-04T22:35:00Z,NEM,QLD1,47.3,5676.8
2026-05-04T22:35:00Z,NEM,SA1,103.44,1532.51
2026-05-04T22:35:00Z,NEM,TAS1,96.22,1106.88
2026-05-04T22:35:00Z,NEM,VIC1,55.24,5496.2
2026-05-04T22:40:00Z,NEM,NSW1,43.68,7103.43
2026-05-04T22:40:00Z,NEM,QLD1,39.75,5628.37
2026-05-04T22:40:00Z,NEM,SA1,119.67,1522.91
2026-05-04T22:40:00Z,NEM,TAS1,96.22,1103.96
2026-05-04T22:40:00Z,NEM,VIC1,46.03,5431.64
2026-05-04T22:45:00Z,NEM,NSW1,41.45,7039.4
2026-05-04T22:45:00Z,NEM,QLD1,38.66,5588.01
2026-05-04T22:45:00Z,NEM,SA1,70.0,1473.72
2026-05-04T22:45:00Z,NEM,TAS1,96.22,1089.87
2026-05-04T22:45:00Z,NEM,VIC1,41.96,5299.87
2026-05-04T22:50:00Z,NEM,NSW1,42.14,7051.23
2026-05-04T22:50:00Z,NEM,QLD1,39.75,5515.01
2026-05-04T22:50:00Z,NEM,SA1,105.08,1483.2
2026-05-04T22:50:00Z,NEM,TAS1,96.24,1088.56
2026-05-04T22:50:00Z,NEM,VIC1,41.75,5340.91
2026-05-04T22:55:00Z,NEM,NSW1,42.96,7003.69
2026-05-04T22:55:00Z,NEM,QLD1,40.01,5552.6
2026-05-04T22:55:00Z,NEM,SA1,80.44,1468.3
2026-05-04T22:55:00Z,NEM,TAS1,96.24,1082.33
2026-05-04T22:55:00Z,NEM,VIC1,42.56,5263.37
2026-05-04T23:00:00Z,NEM,NSW1,42.44,6943.97
2026-05-04T23:00:00Z,NEM,QLD1,39.99,5514.46
2026-05-04T23:00:00Z,NEM,SA1,103.44,1431.08
2026-05-04T23:00:00Z,NEM,TAS1,96.22,1073.01
2026-05-04T23:00:00Z,NEM,VIC1,41.66,5236.2
2026-05-04T23:05:00Z,NEM,NSW1,41.96,6836.65
2026-05-04T23:05:00Z,NEM,QLD1,39.0,5457.69
2026-05-04T23:05:00Z,NEM,SA1,46.32,1422.2
2026-05-04T23:05:00Z,NEM,TAS1,97.59,1060.46
2026-05-04T23:05:00Z,NEM,VIC1,41.54,5220.86
2026-05-04T23:10:00Z,NEM,NSW1,56.06,6840.58
2026-05-04T23:10:00Z,NEM,QLD1,51.4,5357.82
2026-05-04T23:10:00Z,NEM,SA1,80.44,1408.73
2026-05-04T23:10:00Z,NEM,TAS1,97.49,1056.64
2026-05-04T23:10:00Z,NEM,VIC1,55.72,5201.42
2026-05-04T23:15:00Z,NEM,NSW1,59.43,6779.21
2026-05-04T23:15:00Z,NEM,QLD1,53.74,5330.94
2026-05-04T23:15:00Z,NEM,SA1,79.05,1371.66
2026-05-04T23:15:00Z,NEM,TAS1,97.49,1055.34
2026-05-04T23:15:00Z,NEM,VIC1,57.0,5166.26
2026-05-04T23:20:00Z,NEM,NSW1,56.06,6713.36
2026-05-04T23:20:00Z,NEM,QLD1,49.99,5246.97
2026-05-04T23:20:00Z,NEM,SA1,80.44,1361.19
2026-05-04T23:20:00Z,NEM,TAS1,96.8,1042.23
2026-05-04T23:20:00Z,NEM,VIC1,54.54,5124.17
2026-05-04T23:25:00Z,NEM,NSW1,40.55,6623.17
2026-05-04T23:25:00Z,NEM,QLD1,34.99,5223.55
2026-05-04T23:25:00Z,NEM,SA1,44.01,1346.24
2026-05-04T23:25:00Z,NEM,TAS1,96.24,1035.38
2026-05-04T23:25:00Z,NEM,VIC1,40.02,5072.76
2026-05-04T23:30:00Z,NEM,NSW1,43.83,6602.96
2026-05-04T23:30:00Z,NEM,QLD1,39.75,5144.89
2026-05-04T23:30:00Z,NEM,SA1,49.02,1348.28
2026-05-04T23:30:00Z,NEM,TAS1,96.24,1036.45
2026-05-04T23:30:00Z,NEM,VIC1,43.45,5020.76
2026-05-04T23:35:00Z,NEM,NSW1,66.88,6582.27
2026-05-04T23:35:00Z,NEM,QLD1,59.13,5162.32
2026-05-04T23:35:00Z,NEM,SA1,79.05,1349.02
2026-05-04T23:35:00Z,NEM,TAS1,96.24,1031.44
2026-05-04T23:35:00Z,NEM,VIC1,66.0,4984.01
2026-05-04T23:40:00Z,NEM,NSW1,66.88,6563.45
2026-05-04T23:40:00Z,NEM,QLD1,57.99,5152.17
2026-05-04T23:40:00Z,NEM,SA1,79.05,1319.65
2026-05-04T23:40:00Z,NEM,TAS1,96.22,1021.8
2026-05-04T23:40:00Z,NEM,VIC1,67.43,5074.47
2026-05-04T23:45:00Z,NEM,NSW1,52.44,6475.4
2026-05-04T23:45:00Z,NEM,QLD1,45.71,5101.19
2026-05-04T23:45:00Z,NEM,SA1,98.0,1307.96
2026-05-04T23:45:00Z,NEM,TAS1,96.22,1029.63
2026-05-04T23:45:00Z,NEM,VIC1,55.24,4974.13
2026-05-04T23:50:00Z,NEM,NSW1,56.6,6452.39
2026-05-04T23:50:00Z,NEM,QLD1,49.56,4990.15
2026-05-04T23:50:00Z,NEM,SA1,138.03,1285.02
2026-05-04T23:50:00Z,NEM,TAS1,96.22,1025.16
2026-05-04T23:50:00Z,NEM,VIC1,57.31,4871.99
2026-05-04T23:55:00Z,NEM,NSW1,56.06,6465.25
2026-05-04T23:55:00Z,NEM,QLD1,46.93,5024.45
2026-05-04T23:55:00Z,NEM,SA1,70.0,1240.8
2026-05-04T23:55:00Z,NEM,TAS1,96.22,1015.22
2026-05-04T23:55:00Z,NEM,VIC1,57.0,4901.87
2026-05-05T00:00:00Z,NEM,NSW1,55.66,6391.9
2026-05-05T00:00:00Z,NEM,QLD1,46.91,5024.67
2026-05-05T00:00:00Z,NEM,SA1,138.04,1241.89
2026-05-05T00:00:00Z,NEM,TAS1,96.22,1022.64
2026-05-05T00:00:00Z,NEM,VIC1,56.66,4845.8
2026-05-05T00:05:00Z,NEM,NSW1,56.06,6286.76
2026-05-05T00:05:00Z,NEM,QLD1,48.07,4922.45
2026-05-05T00:05:00Z,NEM,SA1,138.02,1190.82
2026-05-05T00:05:00Z,NEM,TAS1,97.49,1028.41
2026-05-05T00:05:00Z,NEM,VIC1,55.24,4775.41
2026-05-05T00:10:00Z,NEM,NSW1,56.06,6262.53
2026-05-05T00:10:00Z,NEM,QLD1,48.66,4898.57
2026-05-05T00:10:00Z,NEM,SA1,122.49,1182.54
2026-05-05T00:10:00Z,NEM,TAS1,96.85,1018.9
2026-05-05T00:10:00Z,NEM,VIC1,55.32,4891.5
2026-05-05T00:15:00Z,NEM,NSW1,59.36,6192.23
2026-05-05T00:15:00Z,NEM,QLD1,52.84,4890.71
2026-05-05T00:15:00Z,NEM,SA1,161.61,1177.99
2026-05-05T00:15:00Z,NEM,TAS1,96.8,1002.39
2026-05-05T00:15:00Z,NEM,VIC1,57.0,4864.05
2026-05-05T00:20:00Z,NEM,NSW1,58.22,6214.55
2026-05-05T00:20:00Z,NEM,QLD1,50.56,4934.8
2026-05-05T00:20:00Z,NEM,SA1,123.45,1172.54
2026-05-05T00:20:00Z,NEM,TAS1,96.24,991.39
2026-05-05T00:20:00Z,NEM,VIC1,56.66,4875.11
2026-05-05T00:25:00Z,NEM,NSW1,59.46,6080.6
2026-05-05T00:25:00Z,NEM,QLD1,52.25,4907.64
2026-05-05T00:25:00Z,NEM,SA1,103.44,1209.43
2026-05-05T00:25:00Z,NEM,TAS1,96.22,984.38
2026-05-05T00:25:00Z,NEM,VIC1,57.67,4917.2
2026-05-05T00:30:00Z,NEM,NSW1,56.06,6065.82
2026-05-05T00:30:00Z,NEM,QLD1,48.31,4896.22
2026-05-05T00:30:00Z,NEM,SA1,138.04,1236.42
2026-05-05T00:30:00Z,NEM,TAS1,96.22,971.51
2026-05-05T00:30:00Z,NEM,VIC1,55.27,4918.2
2026-05-05T00:35:00Z,NEM,NSW1,58.59,6067.61
2026-05-05T00:35:00Z,NEM,QLD1,52.75,4894.36
2026-05-05T00:35:00Z,NEM,SA1,139.1,1233.64
2026-05-05T00:35:00Z,NEM,TAS1,96.22,954.15
2026-05-05T00:35:00Z,NEM,VIC1,56.66,4925.57
2026-05-05T00:40:00Z,NEM,NSW1,61.85,6032.41
2026-05-05T00:40:00Z,NEM,QLD1,54.99,4877.59
2026-05-05T00:40:00Z,NEM,SA1,139.1,1251.55
2026-05-05T00:40:00Z,NEM,TAS1,96.24,958.57
2026-05-05T00:40:00Z,NEM,VIC1,61.17,4976.64
2026-05-05T00:45:00Z,NEM,NSW1,56.06,5943.53
2026-05-05T00:45:00Z,NEM,QLD1,47.93,4811.83
2026-05-05T00:45:00Z,NEM,SA1,139.1,1262.7
2026-05-05T00:45:00Z,NEM,TAS1,96.22,945.26
2026-05-05T00:45:00Z,NEM,VIC1,57.62,5044.23
2026-05-05T00:50:00Z,NEM,NSW1,58.25,5804.49
2026-05-05T00:50:00Z,NEM,QLD1,52.75,4833.85
2026-05-05T00:50:00Z,NEM,SA1,185.36,1241.29
2026-05-05T00:50:00Z,NEM,TAS1,96.22,925.3
2026-05-05T00:50:00Z,NEM,VIC1,58.58,5007.06
2026-05-05T00:55:00Z,NEM,NSW1,56.06,5892.21
2026-05-05T00:55:00Z,NEM,QLD1,50.49,4904.39
2026-05-05T00:55:00Z,NEM,SA1,123.45,1233.64
2026-05-05T00:55:00Z,NEM,TAS1,96.2,918.65
2026-05-05T00:55:00Z,NEM,VIC1,56.66,4901.61
2026-05-05T01:00:00Z,NEM,NSW1,61.89,5765.83
2026-05-05T01:00:00Z,NEM,QLD1,54.99,4872.1
2026-05-05T01:00:00Z,NEM,SA1,123.45,1247.4
2026-05-05T01:00:00Z,NEM,TAS1,96.2,924.02
2026-05-05T01:00:00Z,NEM,VIC1,61.34,4847.22
2026-05-05T01:05:00Z,NEM,NSW1,51.3,5744.25
2026-05-05T01:05:00Z,NEM,QLD1,43.88,4915.5
2026-05-05T01:05:00Z,NEM,SA1,161.61,1277.1
2026-05-05T01:05:00Z,NEM,TAS1,96.2,916.46
2026-05-05T01:05:00Z,NEM,VIC1,55.24,4809.56
2026-05-05T01:10:00Z,NEM,NSW1,60.88,5741.78
2026-05-05T01:10:00Z,NEM,QLD1,54.23,5048.45
2026-05-05T01:10:00Z,NEM,SA1,139.1,1237.17
2026-05-05T01:10:00Z,NEM,TAS1,96.2,916.83
2026-05-05T01:10:00Z,NEM,VIC1,64.01,4898.08
2026-05-05T01:15:00Z,NEM,NSW1,63.36,5668.3
2026-05-05T01:15:00Z,NEM,QLD1,54.99,5036.84
2026-05-05T01:15:00Z,NEM,SA1,162.32,1257.4
2026-05-05T01:15:00Z,NEM,TAS1,96.2,907.28
2026-05-05T01:15:00Z,NEM,VIC1,66.27,4925.09
2026-05-05T01:20:00Z,NEM,NSW1,70.01,5662.4
2026-05-05T01:20:00Z,NEM,QLD1,64.32,5013.5
2026-05-05T01:20:00Z,NEM,SA1,138.04,1236.29
2026-05-05T01:20:00Z,NEM,TAS1,96.2,893.42
2026-05-05T01:20:00Z,NEM,VIC1,73.54,4936.24
2026-05-05T01:25:00Z,NEM,NSW1,70.01,5697.18
2026-05-05T01:25:00Z,NEM,QLD1,64.05,5154.05
2026-05-05T01:25:00Z,NEM,SA1,228.31,1265.72
2026-05-05T01:25:00Z,NEM,TAS1,89.1,877.51
2026-05-05T01:25:00Z,NEM,VIC1,73.8,4918.1
2026-05-05T01:30:00Z,NEM,NSW1,70.01,5645.12
2026-05-05T01:30:00Z,NEM,QLD1,64.45,5236.41
2026-05-05T01:30:00Z,NEM,SA1,139.1,1214.52
2026-05-05T01:30:00Z,NEM,TAS1,88.58,875.86
2026-05-05T01:30:00Z,NEM,VIC1,73.06,4896.98
2026-05-05T01:35:00Z,NEM,NSW1,70.01,5572.1
2026-05-05T01:35:00Z,NEM,QLD1,63.38,5309.04
2026-05-05T01:35:00Z,NEM,SA1,289.71,1272.68
2026-05-05T01:35:00Z,NEM,TAS1,96.14,885.51
2026-05-05T01:35:00Z,NEM,VIC1,75.64,4905.87
2026-05-05T01:40:00Z,NEM,NSW1,70.01,5685.77
2026-05-05T01:40:00Z,NEM,QLD1,63.91,5405.23
2026-05-05T01:40:00Z,NEM,SA1,106.2,1224.63
2026-05-05T01:40:00Z,NEM,TAS1,96.2,895.85
2026-05-05T01:40:00Z,NEM,VIC1,75.26,4855.47
2026-05-05T01:45:00Z,NEM,NSW1,72.14,5720.18
2026-05-05T01:45:00Z,NEM,QLD1,66.22,5353.94
2026-05-05T01:45:00Z,NEM,SA1,138.0,1283.73
2026-05-05T01:45:00Z,NEM,TAS1,96.2,913.6
2026-05-05T01:45:00Z,NEM,VIC1,78.38,4828.51
2026-05-05T01:50:00Z,NEM,NSW1,70.01,5658.35
2026-05-05T01:50:00Z,NEM,QLD1,64.51,5204.33
2026-05-05T01:50:00Z,NEM,SA1,104.09,1262.85
2026-05-05T01:50:00Z,NEM,TAS1,96.58,907.84
2026-05-05T01:50:00Z,NEM,VIC1,73.77,4774.0
2026-05-05T01:55:00Z,NEM,NSW1,66.88,5524.18
2026-05-05T01:55:00Z,NEM,QLD1,61.3,5300.42
2026-05-05T01:55:00Z,NEM,SA1,117.16,1272.51
2026-05-05T01:55:00Z,NEM,TAS1,97.1,911.42
2026-05-05T01:55:00Z,NEM,VIC1,71.2,4756.84
2026-05-05T02:00:00Z,NEM,NSW1,70.01,5531.14
2026-05-05T02:00:00Z,NEM,QLD1,65.89,5406.04
2026-05-05T02:00:00Z,NEM,SA1,138.0,1265.34
2026-05-05T02:00:00Z,NEM,TAS1,97.1,924.44
2026-05-05T02:00:00Z,NEM,VIC1,85.0,4839.19
2026-05-05T02:05:00Z,NEM,NSW1,69.95,5484.3
2026-05-05T02:05:00Z,NEM,QLD1,64.93,5340.25
2026-05-05T02:05:00Z,NEM,SA1,103.44,1265.28
2026-05-05T02:05:00Z,NEM,TAS1,97.17,921.55
2026-05-05T02:05:00Z,NEM,VIC1,74.58,4847.77
2026-05-05T02:10:00Z,NEM,NSW1,70.01,5573.31
2026-05-05T02:10:00Z,NEM,QLD1,65.73,5341.53
2026-05-05T02:10:00Z,NEM,SA1,121.21,1285.15
2026-05-05T02:10:00Z,NEM,TAS1,96.7,916.53
2026-05-05T02:10:00Z,NEM,VIC1,85.0,4785.25
2026-05-05T02:15:00Z,NEM,NSW1,70.01,5534.29
2026-05-05T02:15:00Z,NEM,QLD1,64.93,5352.38
2026-05-05T02:15:00Z,NEM,SA1,138.0,1283.24
2026-05-05T02:15:00Z,NEM,TAS1,97.1,915.33
2026-05-05T02:15:00Z,NEM,VIC1,85.67,4796.85
2026-05-05T02:20:00Z,NEM,NSW1,70.01,5563.39
2026-05-05T02:20:00Z,NEM,QLD1,64.93,5262.21
2026-05-05T02:20:00Z,NEM,SA1,175.99,1267.25
2026-05-05T02:20:00Z,NEM,TAS1,97.1,919.96
2026-05-05T02:20:00Z,NEM,VIC1,122.16,4844.28
2026-05-05T02:25:00Z,NEM,NSW1,70.01,5527.78
2026-05-05T02:25:00Z,NEM,QLD1,65.73,5325.81
2026-05-05T02:25:00Z,NEM,SA1,123.42,1258.38
2026-05-05T02:25:00Z,NEM,TAS1,96.7,915.73
2026-05-05T02:25:00Z,NEM,VIC1,85.67,4887.05
2026-05-05T02:30:00Z,NEM,NSW1,58.26,5477.84
2026-05-05T02:30:00Z,NEM,QLD1,55.53,5399.71
2026-05-05T02:30:00Z,NEM,SA1,90.93,1247.6
2026-05-05T02:30:00Z,NEM,TAS1,96.7,924.83
2026-05-05T02:30:00Z,NEM,VIC1,85.0,4916.33
2026-05-05T02:35:00Z,NEM,NSW1,68.69,5605.42
2026-05-05T02:35:00Z,NEM,QLD1,65.43,5351.91
2026-05-05T02:35:00Z,NEM,SA1,121.21,1226.64
2026-05-05T02:35:00Z,NEM,TAS1,96.7,914.72
2026-05-05T02:35:00Z,NEM,VIC1,99.67,4913.94
2026-05-05T02:40:00Z,NEM,NSW1,67.92,5534.93
2026-05-05T02:40:00Z,NEM,QLD1,65.43,5279.57
2026-05-05T02:40:00Z,NEM,SA1,140.65,1276.04
2026-05-05T02:40:00Z,NEM,TAS1,96.87,916.8
2026-05-05T02:40:00Z,NEM,VIC1,99.67,4871.67
2026-05-05T02:45:00Z,NEM,NSW1,70.01,5446.31
2026-05-05T02:45:00Z,NEM,QLD1,64.93,5236.8
2026-05-05T02:45:00Z,NEM,SA1,175.99,1270.81
2026-05-05T02:45:00Z,NEM,TAS1,96.87,920.26
2026-05-05T02:45:00Z,NEM,VIC1,99.67,4976.97
2026-05-05T02:50:00Z,NEM,NSW1,66.88,5495.86
2026-05-05T02:50:00Z,NEM,QLD1,64.93,5208.93
2026-05-05T02:50:00Z,NEM,SA1,131.91,1246.58
2026-05-05T02:50:00Z,NEM,TAS1,96.7,937.38
2026-05-05T02:50:00Z,NEM,VIC1,99.67,4960.27
2026-05-05T02:55:00Z,NEM,NSW1,70.01,5543.16
2026-05-05T02:55:00Z,NEM,QLD1,66.22,5309.37
2026-05-05T02:55:00Z,NEM,SA1,122.49,1245.41
2026-05-05T02:55:00Z,NEM,TAS1,96.7,927.71
2026-05-05T02:55:00Z,NEM,VIC1,99.67,4954.01
2026-05-05T03:00:00Z,NEM,NSW1,66.88,5481.19
2026-05-05T03:00:00Z,NEM,QLD1,64.93,5327.42
2026-05-05T03:00:00Z,NEM,SA1,139.1,1257.55
2026-05-05T03:00:00Z,NEM,TAS1,96.87,919.58
2026-05-05T03:00:00Z,NEM,VIC1,123.03,5069.99
2026-05-05T03:05:00Z,NEM,NSW1,64.49,5496.38
2026-05-05T03:05:00Z,NEM,QLD1,64.93,5380.56
2026-05-05T03:05:00Z,NEM,SA1,128.46,1238.62
2026-05-05T03:05:00Z,NEM,TAS1,96.2,916.93
2026-05-05T03:05:00Z,NEM,VIC1,108.78,5051.45
2026-05-05T03:10:00Z,NEM,NSW1,68.1,5566.79
2026-05-05T03:10:00Z,NEM,QLD1,66.22,5498.31
2026-05-05T03:10:00Z,NEM,SA1,122.49,1241.71
2026-05-05T03:10:00Z,NEM,TAS1,96.2,928.01
2026-05-05T03:10:00Z,NEM,VIC1,111.24,5076.27
2026-05-05T03:15:00Z,NEM,NSW1,68.43,5489.19
2026-05-05T03:15:00Z,NEM,QLD1,66.22,5609.04
2026-05-05T03:15:00Z,NEM,SA1,138.0,1239.31
2026-05-05T03:15:00Z,NEM,TAS1,96.7,934.05
2026-05-05T03:15:00Z,NEM,VIC1,122.65,5122.76
2026-05-05T03:20:00Z,NEM,NSW1,69.15,5482.42
2026-05-05T03:20:00Z,NEM,QLD1,66.22,5712.98
2026-05-05T03:20:00Z,NEM,SA1,134.7,1216.77
2026-05-05T03:20:00Z,NEM,TAS1,96.7,927.56
2026-05-05T03:20:00Z,NEM,VIC1,123.11,5149.82
2026-05-05T03:25:00Z,NEM,NSW1,70.01,5515.98
2026-05-05T03:25:00Z,NEM,QLD1,68.35,5740.25
2026-05-05T03:25:00Z,NEM,SA1,138.0,1181.05
2026-05-05T03:25:00Z,NEM,TAS1,97.21,932.87
2026-05-05T03:25:00Z,NEM,VIC1,123.9,5164.73
2026-05-05T03:30:00Z,NEM,NSW1,70.48,5549.16
2026-05-05T03:30:00Z,NEM,QLD1,69.25,5754.1
2026-05-05T03:30:00Z,NEM,SA1,106.72,1153.91
2026-05-05T03:30:00Z,NEM,TAS1,96.2,926.87
2026-05-05T03:30:00Z,NEM,VIC1,99.67,5231.91
2026-05-05T03:35:00Z,NEM,NSW1,83.87,5582.58
2026-05-05T03:35:00Z,NEM,QLD1,82.5,5819.42
2026-05-05T03:35:00Z,NEM,SA1,108.56,1148.82
2026-05-05T03:35:00Z,NEM,TAS1,89.5,927.78
2026-05-05T03:35:00Z,NEM,VIC1,99.67,5270.63
2026-05-05T03:40:00Z,NEM,NSW1,70.01,5607.98
2026-05-05T03:40:00Z,NEM,QLD1,68.4,5784.37
2026-05-05T03:40:00Z,NEM,SA1,121.21,1176.06
2026-05-05T03:40:00Z,NEM,TAS1,88.87,949.07
2026-05-05T03:40:00Z,NEM,VIC1,103.36,5219.47
2026-05-05T03:45:00Z,NEM,NSW1,70.47,5635.17
2026-05-05T03:45:00Z,NEM,QLD1,69.35,5851.71
2026-05-05T03:45:00Z,NEM,SA1,114.44,1148.39
2026-05-05T03:45:00Z,NEM,TAS1,96.2,937.57
2026-05-05T03:45:00Z,NEM,VIC1,104.33,5310.52
2026-05-05T03:50:00Z,NEM,NSW1,81.63,5659.89
2026-05-05T03:50:00Z,NEM,QLD1,82.5,5997.79
2026-05-05T03:50:00Z,NEM,SA1,121.21,1149.58
2026-05-05T03:50:00Z,NEM,TAS1,96.22,959.34
2026-05-05T03:50:00Z,NEM,VIC1,100.25,5279.75
2026-05-05T03:55:00Z,NEM,NSW1,76.99,5664.21
2026-05-05T03:55:00Z,NEM,QLD1,78.35,6044.76
2026-05-05T03:55:00Z,NEM,SA1,122.49,1122.44
2026-05-05T03:55:00Z,NEM,TAS1,96.22,987.08
2026-05-05T03:55:00Z,NEM,VIC1,112.3,5352.51
2026-05-05T04:00:00Z,NEM,NSW1,84.57,5802.54
2026-05-05T04:00:00Z,NEM,QLD1,87.29,6142.12
2026-05-05T04:00:00Z,NEM,SA1,163.14,1105.2
2026-05-05T04:00:00Z,NEM,TAS1,110.42,989.17
2026-05-05T04:00:00Z,NEM,VIC1,141.5,5391.11
2026-05-05T04:05:00Z,NEM,NSW1,96.01,5857.63
2026-05-05T04:05:00Z,NEM,QLD1,98.64,6200.88
2026-05-05T04:05:00Z,NEM,SA1,117.71,1079.03
2026-05-05T04:05:00Z,NEM,TAS1,96.22,1000.61
2026-05-05T04:05:00Z,NEM,VIC1,99.67,5242.99
2026-05-05T04:10:00Z,NEM,NSW1,94.96,5827.56
2026-05-05T04:10:00Z,NEM,QLD1,95.82,6196.64
2026-05-05T04:10:00Z,NEM,SA1,139.1,1091.96
2026-05-05T04:10:00Z,NEM,TAS1,96.85,1008.64
2026-05-05T04:10:00Z,NEM,VIC1,115.04,5268.48
2026-05-05T04:15:00Z,NEM,NSW1,89.37,5962.77
2026-05-05T04:15:00Z,NEM,QLD1,92.73,6296.99
2026-05-05T04:15:00Z,NEM,SA1,138.04,1075.38
2026-05-05T04:15:00Z,NEM,TAS1,101.38,1022.47
2026-05-05T04:15:00Z,NEM,VIC1,127.31,5323.76
2026-05-05T04:20:00Z,NEM,NSW1,91.12,6033.93
2026-05-05T04:20:00Z,NEM,QLD1,95.82,6345.79
2026-05-05T04:20:00Z,NEM,SA1,106.69,1087.68
2026-05-05T04:20:00Z,NEM,TAS1,97.49,1008.57
2026-05-05T04:20:00Z,NEM,VIC1,99.67,5354.22
2026-05-05T04:25:00Z,NEM,NSW1,96.01,6117.64
2026-05-05T04:25:00Z,NEM,QLD1,101.86,6515.63
2026-05-05T04:25:00Z,NEM,SA1,121.21,1100.16
2026-05-05T04:25:00Z,NEM,TAS1,110.2,999.11
2026-05-05T04:25:00Z,NEM,VIC1,104.09,5292.54
2026-05-05T04:30:00Z,NEM,NSW1,96.01,6224.98
2026-05-05T04:30:00Z,NEM,QLD1,101.2,6431.96
2026-05-05T04:30:00Z,NEM,SA1,107.21,1084.19
2026-05-05T04:30:00Z,NEM,TAS1,96.22,963.89
2026-05-05T04:30:00Z,NEM,VIC1,99.67,5348.76
2026-05-05T04:35:00Z,NEM,NSW1,77.24,6277.16
2026-05-05T04:35:00Z,NEM,QLD1,82.5,6508.72
2026-05-05T04:35:00Z,NEM,SA1,108.24,1095.99
2026-05-05T04:35:00Z,NEM,TAS1,96.24,971.62
2026-05-05T04:35:00Z,NEM,VIC1,99.67,5368.48
2026-05-05T04:40:00Z,NEM,NSW1,70.25,6344.62
2026-05-05T04:40:00Z,NEM,QLD1,72.83,6495.57
2026-05-05T04:40:00Z,NEM,SA1,121.21,1144.54
2026-05-05T04:40:00Z,NEM,TAS1,96.24,1004.47
2026-05-05T04:40:00Z,NEM,VIC1,100.25,5439.01
2026-05-05T04:45:00Z,NEM,NSW1,76.99,6408.07
2026-05-05T04:45:00Z,NEM,QLD1,80.85,6541.26
2026-05-05T04:45:00Z,NEM,SA1,121.21,1115.0
2026-05-05T04:45:00Z,NEM,TAS1,96.24,1000.88
2026-05-05T04:45:00Z,NEM,VIC1,99.67,5475.47
2026-05-05T04:50:00Z,NEM,NSW1,76.99,6475.8
2026-05-05T04:50:00Z,NEM,QLD1,81.48,6624.83
2026-05-05T04:50:00Z,NEM,SA1,121.21,1159.77
2026-05-05T04:50:00Z,NEM,TAS1,96.22,1005.72
2026-05-05T04:50:00Z,NEM,VIC1,99.78,5408.74
2026-05-05T04:55:00Z,NEM,NSW1,71.8,6575.46
2026-05-05T04:55:00Z,NEM,QLD1,75.57,6636.29
2026-05-05T04:55:00Z,NEM,SA1,121.21,1165.93
2026-05-05T04:55:00Z,NEM,TAS1,96.22,1009.33
2026-05-05T04:55:00Z,NEM,VIC1,99.67,5472.58
2026-05-05T05:00:00Z,NEM,NSW1,76.99,6709.97
2026-05-05T05:00:00Z,NEM,QLD1,80.01,6552.2
2026-05-05T05:00:00Z,NEM,SA1,121.21,1205.45
2026-05-05T05:00:00Z,NEM,TAS1,96.22,1004.59
2026-05-05T05:00:00Z,NEM,VIC1,100.47,5493.9
2026-05-05T05:05:00Z,NEM,NSW1,70.01,6684.31
2026-05-05T05:05:00Z,NEM,QLD1,73.63,6625.69
2026-05-05T05:05:00Z,NEM,SA1,138.0,1212.06
2026-05-05T05:05:00Z,NEM,TAS1,96.22,996.25
2026-05-05T05:05:00Z,NEM,VIC1,99.67,5452.02
2026-05-05T05:10:00Z,NEM,NSW1,70.47,6733.27
2026-05-05T05:10:00Z,NEM,QLD1,73.98,6733.63
2026-05-05T05:10:00Z,NEM,SA1,136.35,1201.86
2026-05-05T05:10:00Z,NEM,TAS1,96.22,999.37
2026-05-05T05:10:00Z,NEM,VIC1,99.67,5476.05
2026-05-05T05:15:00Z,NEM,NSW1,70.43,6869.3
2026-05-05T05:15:00Z,NEM,QLD1,73.98,6826.79
2026-05-05T05:15:00Z,NEM,SA1,154.35,1209.14
2026-05-05T05:15:00Z,NEM,TAS1,110.28,1000.85
2026-05-05T05:15:00Z,NEM,VIC1,141.5,5470.99
2026-05-05T05:20:00Z,NEM,NSW1,76.37,6964.95
2026-05-05T05:20:00Z,NEM,QLD1,81.83,6915.37
2026-05-05T05:20:00Z,NEM,SA1,149.54,1189.74
2026-05-05T05:20:00Z,NEM,TAS1,110.28,1026.37
2026-05-05T05:20:00Z,NEM,VIC1,141.5,5535.81
2026-05-05T05:25:00Z,NEM,NSW1,65.09,7069.29
2026-05-05T05:25:00Z,NEM,QLD1,72.83,7005.85
2026-05-05T05:25:00Z,NEM,SA1,138.04,1178.44
2026-05-05T05:25:00Z,NEM,TAS1,106.48,1033.04
2026-05-05T05:25:00Z,NEM,VIC1,131.17,5466.02
2026-05-05T05:30:00Z,NEM,NSW1,70.48,7241.67
2026-05-05T05:30:00Z,NEM,QLD1,78.95,7028.15
2026-05-05T05:30:00Z,NEM,SA1,111.6,1169.84
2026-05-05T05:30:00Z,NEM,TAS1,96.22,1038.41
2026-05-05T05:30:00Z,NEM,VIC1,108.56,5568.65
2026-05-05T05:35:00Z,NEM,NSW1,75.38,7356.24
2026-05-05T05:35:00Z,NEM,QLD1,82.5,7018.6
2026-05-05T05:35:00Z,NEM,SA1,104.36,1185.93
2026-05-05T05:35:00Z,NEM,TAS1,96.22,1032.85
2026-05-05T05:35:00Z,NEM,VIC1,99.67,5629.73
2026-05-05T05:40:00Z,NEM,NSW1,76.99,7373.54
2026-05-05T05:40:00Z,NEM,QLD1,83.79,7036.72
2026-05-05T05:40:00Z,NEM,SA1,108.23,1209.5
2026-05-05T05:40:00Z,NEM,TAS1,96.24,1042.36
2026-05-05T05:40:00Z,NEM,VIC1,99.67,5590.79
2026-05-05T05:45:00Z,NEM,NSW1,70.48,7467.95
2026-05-05T05:45:00Z,NEM,QLD1,99.64,7200.0
2026-05-05T05:45:00Z,NEM,SA1,109.56,1215.74
2026-05-05T05:45:00Z,NEM,TAS1,96.24,1040.43
2026-05-05T05:45:00Z,NEM,VIC1,99.67,5665.66
2026-05-05T05:50:00Z,NEM,NSW1,70.47,7492.98
2026-05-05T05:50:00Z,NEM,QLD1,82.5,7256.3
2026-05-05T05:50:00Z,NEM,SA1,121.21,1242.69
2026-05-05T05:50:00Z,NEM,TAS1,96.22,1027.77
2026-05-05T05:50:00Z,NEM,VIC1,109.05,5805.69
2026-05-05T05:55:00Z,NEM,NSW1,68.07,7637.76
2026-05-05T05:55:00Z,NEM,QLD1,91.62,7224.59
2026-05-05T05:55:00Z,NEM,SA1,121.21,1268.16
2026-05-05T05:55:00Z,NEM,TAS1,96.22,1023.96
2026-05-05T05:55:00Z,NEM,VIC1,110.58,5822.26
2026-05-05T06:00:00Z,NEM,NSW1,71.82,7712.89
2026-05-05T06:00:00Z,NEM,QLD1,116.71,7297.3
2026-05-05T06:00:00Z,NEM,SA1,122.49,1286.0
2026-05-05T06:00:00Z,NEM,TAS1,96.24,1035.99
2026-05-05T06:00:00Z,NEM,VIC1,115.33,5905.25
2026-05-05T06:05:00Z,NEM,NSW1,77.0,7940.06
2026-05-05T06:05:00Z,NEM,QLD1,82.24,7252.5
2026-05-05T06:05:00Z,NEM,SA1,132.82,1275.13
2026-05-05T06:05:00Z,NEM,TAS1,96.85,1065.07
2026-05-05T06:05:00Z,NEM,VIC1,123.54,5921.72
2026-05-05T06:10:00Z,NEM,NSW1,99.68,8056.37
2026-05-05T06:10:00Z,NEM,QLD1,104.0,7266.52
2026-05-05T06:10:00Z,NEM,SA1,108.6,1271.21
2026-05-05T06:10:00Z,NEM,TAS1,96.24,1063.7
2026-05-05T06:10:00Z,NEM,VIC1,99.67,5961.13
2026-05-05T06:15:00Z,NEM,NSW1,99.32,7959.94
2026-05-05T06:15:00Z,NEM,QLD1,102.99,7295.2
2026-05-05T06:15:00Z,NEM,SA1,105.9,1295.44
2026-05-05T06:15:00Z,NEM,TAS1,96.24,1050.0
2026-05-05T06:15:00Z,NEM,VIC1,99.67,5977.17
2026-05-05T06:20:00Z,NEM,NSW1,97.65,8067.33
2026-05-05T06:20:00Z,NEM,QLD1,102.07,7368.22
2026-05-05T06:20:00Z,NEM,SA1,104.22,1315.75
2026-05-05T06:20:00Z,NEM,TAS1,96.24,1058.42
2026-05-05T06:20:00Z,NEM,VIC1,99.67,5950.33
2026-05-05T06:25:00Z,NEM,NSW1,103.38,8240.6
2026-05-05T06:25:00Z,NEM,QLD1,106.16,7375.96
2026-05-05T06:25:00Z,NEM,SA1,103.4,1341.72
2026-05-05T06:25:00Z,NEM,TAS1,96.24,1069.41
2026-05-05T06:25:00Z,NEM,VIC1,99.67,6008.98
2026-05-05T06:30:00Z,NEM,NSW1,116.99,8283.65
2026-05-05T06:30:00Z,NEM,QLD1,120.96,7407.87
2026-05-05T06:30:00Z,NEM,SA1,127.32,1357.24
2026-05-05T06:30:00Z,NEM,TAS1,96.85,1093.67
2026-05-05T06:30:00Z,NEM,VIC1,123.9,6118.77
2026-05-05T06:35:00Z,NEM,NSW1,116.99,8350.29
2026-05-05T06:35:00Z,NEM,QLD1,120.37,7460.89
2026-05-05T06:35:00Z,NEM,SA1,198.57,1375.12
2026-05-05T06:35:00Z,NEM,TAS1,112.1,1097.43
2026-05-05T06:35:00Z,NEM,VIC1,190.47,6063.87
2026-05-05T06:40:00Z,NEM,NSW1,116.99,8385.0
2026-05-05T06:40:00Z,NEM,QLD1,118.3,7495.54
2026-05-05T06:40:00Z,NEM,SA1,138.04,1349.19
2026-05-05T06:40:00Z,NEM,TAS1,96.24,1095.4
2026-05-05T06:40:00Z,NEM,VIC1,135.67,6079.31
2026-05-05T06:45:00Z,NEM,NSW1,116.99,8476.04
2026-05-05T06:45:00Z,NEM,QLD1,119.99,7588.75
2026-05-05T06:45:00Z,NEM,SA1,185.36,1424.64
2026-05-05T06:45:00Z,NEM,TAS1,111.15,1098.35
2026-05-05T06:45:00Z,NEM,VIC1,182.55,6199.77
2026-05-05T06:50:00Z,NEM,NSW1,116.99,8486.42
2026-05-05T06:50:00Z,NEM,QLD1,119.99,7631.47
2026-05-05T06:50:00Z,NEM,SA1,175.15,1412.83
2026-05-05T06:50:00Z,NEM,TAS1,110.28,1110.2
2026-05-05T06:50:00Z,NEM,VIC1,168.92,6226.6
2026-05-05T06:55:00Z,NEM,NSW1,116.99,8602.23
2026-05-05T06:55:00Z,NEM,QLD1,114.44,7668.16
2026-05-05T06:55:00Z,NEM,SA1,131.5,1458.51
2026-05-05T06:55:00Z,NEM,TAS1,96.85,1113.81
2026-05-05T06:55:00Z,NEM,VIC1,123.9,6292.3
2026-05-05T07:00:00Z,NEM,NSW1,152.27,8681.6
2026-05-05T07:00:00Z,NEM,QLD1,153.6,7713.64
2026-05-05T07:00:00Z,NEM,SA1,149.64,1535.83
2026-05-05T07:00:00Z,NEM,TAS1,110.26,1122.85
2026-05-05T07:00:00Z,NEM,VIC1,143.52,6394.7
2026-05-05T07:05:00Z,NEM,NSW1,118.79,8523.48
2026-05-05T07:05:00Z,NEM,QLD1,122.4,7664.94
2026-05-05T07:05:00Z,NEM,SA1,128.41,1537.56
2026-05-05T07:05:00Z,NEM,TAS1,96.22,1138.73
2026-05-05T07:05:00Z,NEM,VIC1,119.58,6342.4
2026-05-05T07:10:00Z,NEM,NSW1,134.88,8719.39
2026-05-05T07:10:00Z,NEM,QLD1,139.55,7712.9
2026-05-05T07:10:00Z,NEM,SA1,136.55,1548.05
2026-05-05T07:10:00Z,NEM,TAS1,96.24,1164.66
2026-05-05T07:10:00Z,NEM,VIC1,125.38,6347.35
2026-05-05T07:15:00Z,NEM,NSW1,124.23,8746.36
2026-05-05T07:15:00Z,NEM,QLD1,122.4,7710.24
2026-05-05T07:15:00Z,NEM,SA1,131.6,1576.22
2026-05-05T07:15:00Z,NEM,TAS1,96.24,1167.2
2026-05-05T07:15:00Z,NEM,VIC1,121.85,6467.46
2026-05-05T07:20:00Z,NEM,NSW1,123.17,8780.58
2026-05-05T07:20:00Z,NEM,QLD1,119.99,7773.97
2026-05-05T07:20:00Z,NEM,SA1,126.81,1585.78
2026-05-05T07:20:00Z,NEM,TAS1,96.24,1173.94
2026-05-05T07:20:00Z,NEM,VIC1,120.01,6534.24
2026-05-05T07:25:00Z,NEM,NSW1,133.07,8883.55
2026-05-05T07:25:00Z,NEM,QLD1,132.11,7777.6
2026-05-05T07:25:00Z,NEM,SA1,135.4,1625.11
2026-05-05T07:25:00Z,NEM,TAS1,96.24,1180.02
2026-05-05T07:25:00Z,NEM,VIC1,127.9,6548.24
2026-05-05T07:30:00Z,NEM,NSW1,132.1,8856.1
2026-05-05T07:30:00Z,NEM,QLD1,132.03,7814.66
2026-05-05T07:30:00Z,NEM,SA1,136.02,1638.85
2026-05-05T07:30:00Z,NEM,TAS1,96.24,1197.27
2026-05-05T07:30:00Z,NEM,VIC1,128.08,6655.69
2026-05-05T07:35:00Z,NEM,NSW1,120.29,8934.79
2026-05-05T07:35:00Z,NEM,QLD1,122.4,7774.71
2026-05-05T07:35:00Z,NEM,SA1,124.06,1692.07
2026-05-05T07:35:00Z,NEM,TAS1,96.22,1211.31
2026-05-05T07:35:00Z,NEM,VIC1,118.69,6709.88
2026-05-05T07:40:00Z,NEM,NSW1,134.88,9138.4
2026-05-05T07:40:00Z,NEM,QLD1,132.49,7808.02
2026-05-05T07:40:00Z,NEM,SA1,141.44,1694.12
2026-05-05T07:40:00Z,NEM,TAS1,98.12,1190.16
2026-05-05T07:40:00Z,NEM,VIC1,133.67,6783.97
2026-05-05T07:45:00Z,NEM,NSW1,121.96,9069.9
2026-05-05T07:45:00Z,NEM,QLD1,123.57,7847.85
2026-05-05T07:45:00Z,NEM,SA1,124.63,1709.97
2026-05-05T07:45:00Z,NEM,TAS1,96.24,1196.76
2026-05-05T07:45:00Z,NEM,VIC1,119.31,6776.81
2026-05-05T07:50:00Z,NEM,NSW1,124.92,9150.92
2026-05-05T07:50:00Z,NEM,QLD1,123.57,7863.62
2026-05-05T07:50:00Z,NEM,SA1,130.22,1739.9
2026-05-05T07:50:00Z,NEM,TAS1,96.95,1194.58
2026-05-05T07:50:00Z,NEM,VIC1,123.9,6753.56
2026-05-05T07:55:00Z,NEM,NSW1,122.1,9096.88
2026-05-05T07:55:00Z,NEM,QLD1,119.99,7853.57
2026-05-05T07:55:00Z,NEM,SA1,134.91,1743.58
2026-05-05T07:55:00Z,NEM,TAS1,104.06,1196.36
2026-05-05T07:55:00Z,NEM,VIC1,127.9,6810.5
2026-05-05T08:00:00Z,NEM,NSW1,128.75,9183.76
2026-05-05T08:00:00Z,NEM,QLD1,126.62,7879.42
2026-05-05T08:00:00Z,NEM,SA1,133.61,1745.98
2026-05-05T08:00:00Z,NEM,TAS1,104.5,1201.92
2026-05-05T08:00:00Z,NEM,VIC1,127.9,6893.39
2026-05-05T08:05:00Z,NEM,NSW1,127.29,9079.59
2026-05-05T08:05:00Z,NEM,QLD1,127.49,7897.56
2026-05-05T08:05:00Z,NEM,SA1,139.24,1786.25
2026-05-05T08:05:00Z,NEM,TAS1,101.7,1198.99
2026-05-05T08:05:00Z,NEM,VIC1,127.9,6881.93
2026-05-05T08:10:00Z,NEM,NSW1,127.12,9053.08
2026-05-05T08:10:00Z,NEM,QLD1,130.25,7810.51
2026-05-05T08:10:00Z,NEM,SA1,134.5,1780.33
2026-05-05T08:10:00Z,NEM,TAS1,100.01,1188.97
2026-05-05T08:10:00Z,NEM,VIC1,126.75,6831.28
2026-05-05T08:15:00Z,NEM,NSW1,118.3,8967.09
2026-05-05T08:15:00Z,NEM,QLD1,119.72,7820.69
2026-05-05T08:15:00Z,NEM,SA1,129.31,1814.45
2026-05-05T08:15:00Z,NEM,TAS1,96.95,1193.0
2026-05-05T08:15:00Z,NEM,VIC1,123.9,6867.56
2026-05-05T08:20:00Z,NEM,NSW1,118.79,9008.55
2026-05-05T08:20:00Z,NEM,QLD1,119.99,7768.62
2026-05-05T08:20:00Z,NEM,SA1,137.11,1815.65
2026-05-05T08:20:00Z,NEM,TAS1,102.8,1200.28
2026-05-05T08:20:00Z,NEM,VIC1,127.9,6863.81
2026-05-05T08:25:00Z,NEM,NSW1,120.81,9071.22
2026-05-05T08:25:00Z,NEM,QLD1,119.99,7760.12
2026-05-05T08:25:00Z,NEM,SA1,133.48,1818.96
2026-05-05T08:25:00Z,NEM,TAS1,99.97,1206.79
2026-05-05T08:25:00Z,NEM,VIC1,123.93,6851.92
2026-05-05T08:30:00Z,NEM,NSW1,118.79,9116.83
2026-05-05T08:30:00Z,NEM,QLD1,117.14,7680.97
2026-05-05T08:30:00Z,NEM,SA1,136.94,1828.15
2026-05-05T08:30:00Z,NEM,TAS1,104.34,1206.43
2026-05-05T08:30:00Z,NEM,VIC1,126.52,6839.76
2026-05-05T08:35:00Z,NEM,NSW1,118.79,9071.44
2026-05-05T08:35:00Z,NEM,QLD1,119.4,7731.51
2026-05-05T08:35:00Z,NEM,SA1,132.67,1837.3
2026-05-05T08:35:00Z,NEM,TAS1,96.24,1206.48
2026-05-05T08:35:00Z,NEM,VIC1,122.39,6762.68
2026-05-05T08:40:00Z,NEM,NSW1,118.68,8942.2
2026-05-05T08:40:00Z,NEM,QLD1,119.72,7616.5
2026-05-05T08:40:00Z,NEM,SA1,134.76,1839.31
2026-05-05T08:40:00Z,NEM,TAS1,96.24,1200.65
2026-05-05T08:40:00Z,NEM,VIC1,120.72,6796.77
2026-05-05T08:45:00Z,NEM,NSW1,118.01,8945.92
2026-05-05T08:45:00Z,NEM,QLD1,119.72,7604.57
2026-05-05T08:45:00Z,NEM,SA1,123.75,1826.18
2026-05-05T08:45:00Z,NEM,TAS1,96.22,1189.66
2026-05-05T08:45:00Z,NEM,VIC1,118.69,6755.49
2026-05-05T08:50:00Z,NEM,NSW1,111.39,8970.04
2026-05-05T08:50:00Z,NEM,QLD1,108.85,7530.45
2026-05-05T08:50:00Z,NEM,SA1,119.67,1823.05
2026-05-05T08:50:00Z,NEM,TAS1,96.22,1195.34
2026-05-05T08:50:00Z,NEM,VIC1,112.24,6725.55
2026-05-05T08:55:00Z,NEM,NSW1,118.01,9001.21
2026-05-05T08:55:00Z,NEM,QLD1,117.73,7586.75
2026-05-05T08:55:00Z,NEM,SA1,125.58,1808.35
2026-05-05T08:55:00Z,NEM,TAS1,96.22,1186.26
2026-05-05T08:55:00Z,NEM,VIC1,117.05,6752.7
2026-05-05T09:00:00Z,NEM,NSW1,115.88,8962.71
2026-05-05T09:00:00Z,NEM,QLD1,111.78,7494.27
2026-05-05T09:00:00Z,NEM,SA1,124.13,1815.27
2026-05-05T09:00:00Z,NEM,TAS1,96.22,1170.41
2026-05-05T09:00:00Z,NEM,VIC1,115.0,6652.14
2026-05-05T09:05:00Z,NEM,NSW1,129.84,8964.23
2026-05-05T09:05:00Z,NEM,QLD1,126.03,7502.34
2026-05-05T09:05:00Z,NEM,SA1,139.16,1811.14
2026-05-05T09:05:00Z,NEM,TAS1,100.88,1190.15
2026-05-05T09:05:00Z,NEM,VIC1,127.9,6686.97
2026-05-05T09:10:00Z,NEM,NSW1,117.21,8765.6
2026-05-05T09:10:00Z,NEM,QLD1,113.41,7349.18
2026-05-05T09:10:00Z,NEM,SA1,126.9,1797.92
2026-05-05T09:10:00Z,NEM,TAS1,96.63,1188.22
2026-05-05T09:10:00Z,NEM,VIC1,118.69,6622.2
2026-05-05T09:15:00Z,NEM,NSW1,118.0,8675.9
2026-05-05T09:15:00Z,NEM,QLD1,115.73,7425.06
2026-05-05T09:15:00Z,NEM,SA1,123.45,1769.3
2026-05-05T09:15:00Z,NEM,TAS1,96.22,1176.71
2026-05-05T09:15:00Z,NEM,VIC1,115.61,6648.33
2026-05-05T09:20:00Z,NEM,NSW1,122.8,8833.73
2026-05-05T09:20:00Z,NEM,QLD1,119.72,7424.26
2026-05-05T09:20:00Z,NEM,SA1,131.38,1779.35
2026-05-05T09:20:00Z,NEM,TAS1,96.22,1169.94
2026-05-05T09:20:00Z,NEM,VIC1,120.83,6610.59
2026-05-05T09:25:00Z,NEM,NSW1,118.0,8766.57
2026-05-05T09:25:00Z,NEM,QLD1,113.38,7298.1
2026-05-05T09:25:00Z,NEM,SA1,123.45,1772.3
2026-05-05T09:25:00Z,NEM,TAS1,96.22,1156.86
2026-05-05T09:25:00Z,NEM,VIC1,115.27,6518.26
2026-05-05T09:30:00Z,NEM,NSW1,116.99,8756.92
2026-05-05T09:30:00Z,NEM,QLD1,112.43,7315.02
2026-05-05T09:30:00Z,NEM,SA1,126.52,1780.61
2026-05-05T09:30:00Z,NEM,TAS1,96.22,1168.0
2026-05-05T09:30:00Z,NEM,VIC1,115.17,6488.99
2026-05-05T09:35:00Z,NEM,NSW1,118.79,8702.77
2026-05-05T09:35:00Z,NEM,QLD1,116.21,7275.68
2026-05-05T09:35:00Z,NEM,SA1,125.49,1768.74
2026-05-05T09:35:00Z,NEM,TAS1,96.22,1164.63
2026-05-05T09:35:00Z,NEM,VIC1,115.27,6474.86
2026-05-05T09:40:00Z,NEM,NSW1,118.79,8693.04
2026-05-05T09:40:00Z,NEM,QLD1,116.23,7287.76
2026-05-05T09:40:00Z,NEM,SA1,126.48,1767.6
2026-05-05T09:40:00Z,NEM,TAS1,96.22,1164.08
2026-05-05T09:40:00Z,NEM,VIC1,115.24,6437.7
2026-05-05T09:45:00Z,NEM,NSW1,118.42,8624.64
2026-05-05T09:45:00Z,NEM,QLD1,115.09,7274.43
2026-05-05T09:45:00Z,NEM,SA1,122.4,1761.14
2026-05-05T09:45:00Z,NEM,TAS1,96.22,1164.12
2026-05-05T09:45:00Z,NEM,VIC1,115.0,6503.31
2026-05-05T09:50:00Z,NEM,NSW1,118.79,8574.5
2026-05-05T09:50:00Z,NEM,QLD1,114.7,7263.42
2026-05-05T09:50:00Z,NEM,SA1,128.6,1743.04
2026-05-05T09:50:00Z,NEM,TAS1,96.22,1142.13
2026-05-05T09:50:00Z,NEM,VIC1,117.85,6509.3
2026-05-05T09:55:00Z,NEM,NSW1,118.63,8575.2
2026-05-05T09:55:00Z,NEM,QLD1,114.12,7252.64
2026-05-05T09:55:00Z,NEM,SA1,124.45,1733.36
2026-05-05T09:55:00Z,NEM,TAS1,96.22,1140.71
2026-05-05T09:55:00Z,NEM,VIC1,115.0,6451.27
2026-05-05T10:00:00Z,NEM,NSW1,118.01,8569.76
2026-05-05T10:00:00Z,NEM,QLD1,111.11,7207.67
2026-05-05T10:00:00Z,NEM,SA1,120.54,1730.76
2026-05-05T10:00:00Z,NEM,TAS1,96.22,1140.4
2026-05-05T10:00:00Z,NEM,VIC1,114.4,6472.68
2026-05-05T10:05:00Z,NEM,NSW1,116.99,8547.04
2026-05-05T10:05:00Z,NEM,QLD1,111.34,7137.42
2026-05-05T10:05:00Z,NEM,SA1,118.0,1732.07
2026-05-05T10:05:00Z,NEM,TAS1,96.22,1128.07
2026-05-05T10:05:00Z,NEM,VIC1,110.93,6423.64
2026-05-05T10:10:00Z,NEM,NSW1,118.79,8521.08
2026-05-05T10:10:00Z,NEM,QLD1,114.45,7140.32
2026-05-05T10:10:00Z,NEM,SA1,125.27,1730.76
2026-05-05T10:10:00Z,NEM,TAS1,96.2,1135.42
2026-05-05T10:10:00Z,NEM,VIC1,115.17,6394.36
2026-05-05T10:15:00Z,NEM,NSW1,116.99,8488.07
2026-05-05T10:15:00Z,NEM,QLD1,114.03,7102.37
2026-05-05T10:15:00Z,NEM,SA1,112.6,1715.22
2026-05-05T10:15:00Z,NEM,TAS1,96.2,1133.33
2026-05-05T10:15:00Z,NEM,VIC1,107.99,6289.6
2026-05-05T10:20:00Z,NEM,NSW1,116.99,8445.04
2026-05-05T10:20:00Z,NEM,QLD1,109.73,7036.57
2026-05-05T10:20:00Z,NEM,SA1,118.37,1695.27
2026-05-05T10:20:00Z,NEM,TAS1,88.16,1126.95
2026-05-05T10:20:00Z,NEM,VIC1,110.72,6237.65
2026-05-05T10:25:00Z,NEM,NSW1,116.99,8469.42
2026-05-05T10:25:00Z,NEM,QLD1,109.01,7004.12
2026-05-05T10:25:00Z,NEM,SA1,115.25,1691.58
2026-05-05T10:25:00Z,NEM,TAS1,88.16,1124.04
2026-05-05T10:25:00Z,NEM,VIC1,108.25,6215.01
2026-05-05T10:30:00Z,NEM,NSW1,118.01,8436.02
2026-05-05T10:30:00Z,NEM,QLD1,112.7,6984.43
2026-05-05T10:30:00Z,NEM,SA1,115.46,1674.24
2026-05-05T10:30:00Z,NEM,TAS1,88.15,1115.78
2026-05-05T10:30:00Z,NEM,VIC1,109.89,6149.97
2026-05-05T10:35:00Z,NEM,NSW1,118.01,8446.05
2026-05-05T10:35:00Z,NEM,QLD1,113.53,6958.11
2026-05-05T10:35:00Z,NEM,SA1,118.99,1678.97
2026-05-05T10:35:00Z,NEM,TAS1,96.2,1100.13
2026-05-05T10:35:00Z,NEM,VIC1,110.7,6111.67
2026-05-05T10:40:00Z,NEM,NSW1,118.79,8421.28
2026-05-05T10:40:00Z,NEM,QLD1,117.09,7035.62
2026-05-05T10:40:00Z,NEM,SA1,122.87,1660.21
2026-05-05T10:40:00Z,NEM,TAS1,95.24,1097.23
2026-05-05T10:40:00Z,NEM,VIC1,113.03,6163.56
2026-05-05T10:45:00Z,NEM,NSW1,118.01,8394.0
2026-05-05T10:45:00Z,NEM,QLD1,118.59,7104.36
2026-05-05T10:45:00Z,NEM,SA1,124.51,1651.55
2026-05-05T10:45:00Z,NEM,TAS1,96.24,1103.04
2026-05-05T10:45:00Z,NEM,VIC1,113.98,6128.34
2026-05-05T10:50:00Z,NEM,NSW1,117.22,8344.76
2026-05-05T10:50:00Z,NEM,QLD1,117.73,7076.67
2026-05-05T10:50:00Z,NEM,SA1,121.3,1634.38
2026-05-05T10:50:00Z,NEM,TAS1,95.24,1093.24
2026-05-05T10:50:00Z,NEM,VIC1,111.98,6040.0
2026-05-05T10:55:00Z,NEM,NSW1,118.01,8333.37
2026-05-05T10:55:00Z,NEM,QLD1,119.04,7101.69
2026-05-05T10:55:00Z,NEM,SA1,120.21,1650.39
2026-05-05T10:55:00Z,NEM,TAS1,88.16,1087.46
2026-05-05T10:55:00Z,NEM,VIC1,112.37,6066.98
2026-05-05T11:00:00Z,NEM,NSW1,117.62,8260.75
2026-05-05T11:00:00Z,NEM,QLD1,119.72,7169.85
2026-05-05T11:00:00Z,NEM,SA1,119.87,1647.61
2026-05-05T11:00:00Z,NEM,TAS1,95.24,1080.98
2026-05-05T11:00:00Z,NEM,VIC1,112.08,6060.18
2026-05-05T11:05:00Z,NEM,NSW1,116.99,8235.52
2026-05-05T11:05:00Z,NEM,QLD1,118.25,7119.45
2026-05-05T11:05:00Z,NEM,SA1,126.72,1638.83
2026-05-05T11:05:00Z,NEM,TAS1,89.09,1078.9
2026-05-05T11:05:00Z,NEM,VIC1,115.42,6013.0
2026-05-05T11:10:00Z,NEM,NSW1,118.01,8207.88
2026-05-05T11:10:00Z,NEM,QLD1,119.72,7131.81
2026-05-05T11:10:00Z,NEM,SA1,119.99,1607.05
2026-05-05T11:10:00Z,NEM,TAS1,88.15,1090.81
2026-05-05T11:10:00Z,NEM,VIC1,113.86,6014.97
2026-05-05T11:15:00Z,NEM,NSW1,126.19,8210.22
2026-05-05T11:15:00Z,NEM,QLD1,123.57,7063.27
2026-05-05T11:15:00Z,NEM,SA1,131.57,1613.23
2026-05-05T11:15:00Z,NEM,TAS1,94.18,1078.97
2026-05-05T11:15:00Z,NEM,VIC1,120.83,5899.77
2026-05-05T11:20:00Z,NEM,NSW1,118.01,8152.74
2026-05-05T11:20:00Z,NEM,QLD1,116.14,7003.46
2026-05-05T11:20:00Z,NEM,SA1,122.88,1598.82
2026-05-05T11:20:00Z,NEM,TAS1,88.15,1079.25
2026-05-05T11:20:00Z,NEM,VIC1,112.98,5860.9
2026-05-05T11:25:00Z,NEM,NSW1,118.98,8159.56
2026-05-05T11:25:00Z,NEM,QLD1,117.73,7027.9
2026-05-05T11:25:00Z,NEM,SA1,123.1,1588.1
2026-05-05T11:25:00Z,NEM,TAS1,88.15,1046.76
2026-05-05T11:25:00Z,NEM,VIC1,113.98,5867.5
2026-05-05T11:30:00Z,NEM,NSW1,122.1,8172.56
2026-05-05T11:30:00Z,NEM,QLD1,118.61,6949.22
2026-05-05T11:30:00Z,NEM,SA1,122.43,1573.88
2026-05-05T11:30:00Z,NEM,TAS1,88.19,1033.64
2026-05-05T11:30:00Z,NEM,VIC1,115.0,5812.17
2026-05-05T11:35:00Z,NEM,NSW1,125.06,8101.82
2026-05-05T11:35:00Z,NEM,QLD1,123.73,6970.22
2026-05-05T11:35:00Z,NEM,SA1,127.41,1568.49
2026-05-05T11:35:00Z,NEM,TAS1,103.25,1042.27
2026-05-05T11:35:00Z,NEM,VIC1,118.69,5809.16
2026-05-05T11:40:00Z,NEM,NSW1,125.95,8079.28
2026-05-05T11:40:00Z,NEM,QLD1,122.0,6931.63
2026-05-05T11:40:00Z,NEM,SA1,130.34,1549.49
2026-05-05T11:40:00Z,NEM,TAS1,96.24,1055.72
2026-05-05T11:40:00Z,NEM,VIC1,122.02,5786.48
2026-05-05T11:45:00Z,NEM,NSW1,121.19,8007.17
2026-05-05T11:45:00Z,NEM,QLD1,119.72,6898.18
2026-05-05T11:45:00Z,NEM,SA1,123.02,1547.29
2026-05-05T11:45:00Z,NEM,TAS1,96.24,1053.09
2026-05-05T11:45:00Z,NEM,VIC1,116.63,5769.88
2026-05-05T11:50:00Z,NEM,NSW1,119.5,7972.41
2026-05-05T11:50:00Z,NEM,QLD1,117.97,6860.62
2026-05-05T11:50:00Z,NEM,SA1,121.81,1543.6
2026-05-05T11:50:00Z,NEM,TAS1,96.24,1046.3
2026-05-05T11:50:00Z,NEM,VIC1,115.0,5735.87
2026-05-05T11:55:00Z,NEM,NSW1,127.67,7947.64
2026-05-05T11:55:00Z,NEM,QLD1,122.82,6852.46
2026-05-05T11:55:00Z,NEM,SA1,131.81,1557.82
2026-05-05T11:55:00Z,NEM,TAS1,96.22,1042.9
2026-05-05T11:55:00Z,NEM,VIC1,122.02,5628.79
2026-05-05T12:00:00Z,NEM,NSW1,124.04,7882.32
2026-05-05T12:00:00Z,NEM,QLD1,119.99,6763.04
2026-05-05T12:00:00Z,NEM,SA1,127.45,1546.27
2026-05-05T12:00:00Z,NEM,TAS1,96.2,1023.44
2026-05-05T12:00:00Z,NEM,VIC1,118.54,5601.86
2026-05-05T12:05:00Z,NEM,NSW1,120.24,7831.23
2026-05-05T12:05:00Z,NEM,QLD1,118.93,6627.6
2026-05-05T12:05:00Z,NEM,SA1,123.87,1555.64
2026-05-05T12:05:00Z,NEM,TAS1,95.24,1011.14
2026-05-05T12:05:00Z,NEM,VIC1,115.0,5502.19
2026-05-05T12:10:00Z,NEM,NSW1,132.39,7947.96
2026-05-05T12:10:00Z,NEM,QLD1,131.18,6716.1
2026-05-05T12:10:00Z,NEM,SA1,134.25,1546.96
2026-05-05T12:10:00Z,NEM,TAS1,97.44,1007.48
2026-05-05T12:10:00Z,NEM,VIC1,123.6,5497.16
2026-05-05T12:15:00Z,NEM,NSW1,125.12,7931.49
2026-05-05T12:15:00Z,NEM,QLD1,122.0,6711.0
2026-05-05T12:15:00Z,NEM,SA1,126.23,1512.52
2026-05-05T12:15:00Z,NEM,TAS1,96.2,994.01
2026-05-05T12:15:00Z,NEM,VIC1,117.5,5532.96
2026-05-05T12:20:00Z,NEM,NSW1,125.27,7949.52
2026-05-05T12:20:00Z,NEM,QLD1,123.3,6686.27
2026-05-05T12:20:00Z,NEM,SA1,125.67,1500.72
2026-05-05T12:20:00Z,NEM,TAS1,91.64,994.88
2026-05-05T12:20:00Z,NEM,VIC1,117.5,5505.41
2026-05-05T12:25:00Z,NEM,NSW1,122.46,7867.5
2026-05-05T12:25:00Z,NEM,QLD1,122.0,6626.35
2026-05-05T12:25:00Z,NEM,SA1,123.61,1505.6
2026-05-05T12:25:00Z,NEM,TAS1,88.92,987.07
2026-05-05T12:25:00Z,NEM,VIC1,115.0,5469.45
2026-05-05T12:30:00Z,NEM,NSW1,121.58,7862.39
2026-05-05T12:30:00Z,NEM,QLD1,120.08,6540.38
2026-05-05T12:30:00Z,NEM,SA1,123.13,1508.5
2026-05-05T12:30:00Z,NEM,TAS1,88.68,989.5
2026-05-05T12:30:00Z,NEM,VIC1,115.0,5447.9
2026-05-05T12:35:00Z,NEM,NSW1,123.54,7805.69
2026-05-05T12:35:00Z,NEM,QLD1,122.0,6534.66
2026-05-05T12:35:00Z,NEM,SA1,123.25,1502.0
2026-05-05T12:35:00Z,NEM,TAS1,89.36,981.25
2026-05-05T12:35:00Z,NEM,VIC1,115.19,5393.58
2026-05-05T12:40:00Z,NEM,NSW1,121.45,7790.18
2026-05-05T12:40:00Z,NEM,QLD1,118.39,6499.27
2026-05-05T12:40:00Z,NEM,SA1,122.49,1489.2
2026-05-05T12:40:00Z,NEM,TAS1,88.16,959.37
2026-05-05T12:40:00Z,NEM,VIC1,113.99,5386.39
2026-05-05T12:45:00Z,NEM,NSW1,118.79,7777.94
2026-05-05T12:45:00Z,NEM,QLD1,115.0,6452.76
2026-05-05T12:45:00Z,NEM,SA1,117.96,1476.6
2026-05-05T12:45:00Z,NEM,TAS1,88.15,944.53
2026-05-05T12:45:00Z,NEM,VIC1,110.54,5265.37
2026-05-05T12:50:00Z,NEM,NSW1,116.99,7726.86
2026-05-05T12:50:00Z,NEM,QLD1,112.44,6409.22
2026-05-05T12:50:00Z,NEM,SA1,113.87,1459.92
2026-05-05T12:50:00Z,NEM,TAS1,88.12,960.49
2026-05-05T12:50:00Z,NEM,VIC1,107.25,5247.42
2026-05-05T12:55:00Z,NEM,NSW1,116.99,7691.5
2026-05-05T12:55:00Z,NEM,QLD1,110.23,6348.97
2026-05-05T12:55:00Z,NEM,SA1,113.83,1449.42
2026-05-05T12:55:00Z,NEM,TAS1,88.12,942.86
2026-05-05T12:55:00Z,NEM,VIC1,107.22,5210.35
2026-05-05T13:00:00Z,NEM,NSW1,116.99,7689.46
2026-05-05T13:00:00Z,NEM,QLD1,108.85,6256.74
2026-05-05T13:00:00Z,NEM,SA1,114.59,1449.04
2026-05-05T13:00:00Z,NEM,TAS1,88.12,921.15
2026-05-05T13:00:00Z,NEM,VIC1,107.98,5225.86
2026-05-05T13:05:00Z,NEM,NSW1,120.0,7657.05
2026-05-05T13:05:00Z,NEM,QLD1,113.59,6245.54
2026-05-05T13:05:00Z,NEM,SA1,118.9,1449.44
2026-05-05T13:05:00Z,NEM,TAS1,88.12,945.04
2026-05-05T13:05:00Z,NEM,VIC1,111.61,5244.45
2026-05-05T13:10:00Z,NEM,NSW1,124.5,7676.99
2026-05-05T13:10:00Z,NEM,QLD1,120.89,6279.49
2026-05-05T13:10:00Z,NEM,SA1,122.42,1452.96
2026-05-05T13:10:00Z,NEM,TAS1,88.16,941.69
2026-05-05T13:10:00Z,NEM,VIC1,115.0,5310.1
2026-05-05T13:15:00Z,NEM,NSW1,121.3,7641.3
2026-05-05T13:15:00Z,NEM,QLD1,117.02,6272.54
2026-05-05T13:15:00Z,NEM,SA1,121.2,1435.83
2026-05-05T13:15:00Z,NEM,TAS1,88.19,953.77
2026-05-05T13:15:00Z,NEM,VIC1,114.5,5334.4
2026-05-05T13:20:00Z,NEM,NSW1,118.0,7570.9
2026-05-05T13:20:00Z,NEM,QLD1,113.04,6236.37
2026-05-05T13:20:00Z,NEM,SA1,119.47,1440.28
2026-05-05T13:20:00Z,NEM,TAS1,88.16,961.64
2026-05-05T13:20:00Z,NEM,VIC1,112.33,5343.26
2026-05-05T13:25:00Z,NEM,NSW1,111.23,7528.14
2026-05-05T13:25:00Z,NEM,QLD1,105.73,6146.03
2026-05-05T13:25:00Z,NEM,SA1,112.57,1434.76
2026-05-05T13:25:00Z,NEM,TAS1,88.16,944.24
2026-05-05T13:25:00Z,NEM,VIC1,105.88,5342.74
2026-05-05T13:30:00Z,NEM,NSW1,112.15,7523.46
2026-05-05T13:30:00Z,NEM,QLD1,105.95,6147.18
2026-05-05T13:30:00Z,NEM,SA1,113.59,1443.01
2026-05-05T13:30:00Z,NEM,TAS1,88.12,928.23
2026-05-05T13:30:00Z,NEM,VIC1,106.83,5368.73
2026-05-05T13:35:00Z,NEM,NSW1,114.54,7496.07
2026-05-05T13:35:00Z,NEM,QLD1,106.08,6086.51
2026-05-05T13:35:00Z,NEM,SA1,117.85,1468.68
2026-05-05T13:35:00Z,NEM,TAS1,88.87,914.74
2026-05-05T13:35:00Z,NEM,VIC1,110.02,5239.08
2026-05-05T13:40:00Z,NEM,NSW1,116.45,7487.41
2026-05-05T13:40:00Z,NEM,QLD1,109.36,6170.23
2026-05-05T13:40:00Z,NEM,SA1,121.19,1491.13
2026-05-05T13:40:00Z,NEM,TAS1,88.15,904.64
2026-05-05T13:40:00Z,NEM,VIC1,111.98,5207.66
2026-05-05T13:45:00Z,NEM,NSW1,112.69,7446.75
2026-05-05T13:45:00Z,NEM,QLD1,105.73,6117.25
2026-05-05T13:45:00Z,NEM,SA1,116.03,1468.72
2026-05-05T13:45:00Z,NEM,TAS1,88.15,898.55
2026-05-05T13:45:00Z,NEM,VIC1,108.28,5200.91
2026-05-05T13:50:00Z,NEM,NSW1,97.67,7427.48
2026-05-05T13:50:00Z,NEM,QLD1,92.19,6110.13
2026-05-05T13:50:00Z,NEM,SA1,99.5,1456.13
2026-05-05T13:50:00Z,NEM,TAS1,88.15,898.64
2026-05-05T13:50:00Z,NEM,VIC1,92.4,5126.3
2026-05-05T13:55:00Z,NEM,NSW1,97.65,7402.67
2026-05-05T13:55:00Z,NEM,QLD1,92.1,6078.06
2026-05-05T13:55:00Z,NEM,SA1,98.72,1445.97
2026-05-05T13:55:00Z,NEM,TAS1,88.15,870.63
2026-05-05T13:55:00Z,NEM,VIC1,91.69,5101.71
2026-05-05T14:00:00Z,NEM,NSW1,97.65,7384.62
2026-05-05T14:00:00Z,NEM,QLD1,92.69,6087.37
2026-05-05T14:00:00Z,NEM,SA1,97.47,1440.87
2026-05-05T14:00:00Z,NEM,TAS1,88.15,869.27
2026-05-05T14:00:00Z,NEM,VIC1,90.5,5056.27
2026-05-05T14:05:00Z,NEM,NSW1,111.12,7367.82
2026-05-05T14:05:00Z,NEM,QLD1,104.0,5995.86
2026-05-05T14:05:00Z,NEM,SA1,113.07,1463.64
2026-05-05T14:05:00Z,NEM,TAS1,88.15,861.43
2026-05-05T14:05:00Z,NEM,VIC1,104.49,5101.73
2026-05-05T14:10:00Z,NEM,NSW1,114.54,7400.21
2026-05-05T14:10:00Z,NEM,QLD1,105.73,5985.71
2026-05-05T14:10:00Z,NEM,SA1,116.34,1449.75
2026-05-05T14:10:00Z,NEM,TAS1,88.15,861.78
2026-05-05T14:10:00Z,NEM,VIC1,107.59,5106.5
2026-05-05T14:15:00Z,NEM,NSW1,114.54,7420.92
2026-05-05T14:15:00Z,NEM,QLD1,105.44,5961.73
2026-05-05T14:15:00Z,NEM,SA1,115.62,1459.62
2026-05-05T14:15:00Z,NEM,TAS1,88.15,867.96
2026-05-05T14:15:00Z,NEM,VIC1,106.81,5062.58
2026-05-05T14:20:00Z,NEM,NSW1,112.97,7391.98
2026-05-05T14:20:00Z,NEM,QLD1,104.0,5971.49
2026-05-05T14:20:00Z,NEM,SA1,114.92,1486.19
2026-05-05T14:20:00Z,NEM,TAS1,88.15,863.4
2026-05-05T14:20:00Z,NEM,VIC1,105.55,5045.63
2026-05-05T14:25:00Z,NEM,NSW1,102.49,7430.72
2026-05-05T14:25:00Z,NEM,QLD1,94.64,5908.44
2026-05-05T14:25:00Z,NEM,SA1,103.44,1482.15
2026-05-05T14:25:00Z,NEM,TAS1,88.15,858.14
2026-05-05T14:25:00Z,NEM,VIC1,94.97,5008.89
2026-05-05T14:30:00Z,NEM,NSW1,96.88,7374.77
2026-05-05T14:30:00Z,NEM,QLD1,88.27,5881.91
2026-05-05T14:30:00Z,NEM,SA1,99.01,1482.48
2026-05-05T14:30:00Z,NEM,TAS1,88.15,861.23
2026-05-05T14:30:00Z,NEM,VIC1,90.5,4997.61
2026-05-05T14:35:00Z,NEM,NSW1,113.97,7338.1
2026-05-05T14:35:00Z,NEM,QLD1,101.83,5859.06
2026-05-05T14:35:00Z,NEM,SA1,114.86,1481.76
2026-05-05T14:35:00Z,NEM,TAS1,88.16,862.54
2026-05-05T14:35:00Z,NEM,VIC1,104.96,4963.19
2026-05-05T14:40:00Z,NEM,NSW1,106.59,7297.23
2026-05-05T14:40:00Z,NEM,QLD1,95.82,5852.98
2026-05-05T14:40:00Z,NEM,SA1,106.63,1495.74
2026-05-05T14:40:00Z,NEM,TAS1,95.24,864.54
2026-05-05T14:40:00Z,NEM,VIC1,96.83,4856.81
2026-05-05T14:45:00Z,NEM,NSW1,112.51,7271.68
2026-05-05T14:45:00Z,NEM,QLD1,101.83,5892.87
2026-05-05T14:45:00Z,NEM,SA1,111.66,1479.44
2026-05-05T14:45:00Z,NEM,TAS1,88.16,865.56
2026-05-05T14:45:00Z,NEM,VIC1,101.4,4812.49
2026-05-05T14:50:00Z,NEM,NSW1,104.0,7239.36
2026-05-05T14:50:00Z,NEM,QLD1,94.0,5819.25
2026-05-05T14:50:00Z,NEM,SA1,103.89,1470.9
2026-05-05T14:50:00Z,NEM,TAS1,88.15,863.06
2026-05-05T14:50:00Z,NEM,VIC1,94.44,4858.92
2026-05-05T14:55:00Z,NEM,NSW1,102.69,7185.28
2026-05-05T14:55:00Z,NEM,QLD1,94.0,5832.84
2026-05-05T14:55:00Z,NEM,SA1,102.37,1469.93
2026-05-05T14:55:00Z,NEM,TAS1,88.16,865.39
2026-05-05T14:55:00Z,NEM,VIC1,92.64,4836.61
2026-05-05T15:00:00Z,NEM,NSW1,100.29,7151.93
2026-05-05T15:00:00Z,NEM,QLD1,92.35,5812.08
2026-05-05T15:00:00Z,NEM,SA1,100.07,1469.84
2026-05-05T15:00:00Z,NEM,TAS1,88.15,843.75
2026-05-05T15:00:00Z,NEM,VIC1,90.5,4782.14
2026-05-05T15:05:00Z,NEM,NSW1,102.48,7144.8
2026-05-05T15:05:00Z,NEM,QLD1,94.0,5783.56
2026-05-05T15:05:00Z,NEM,SA1,103.44,1469.83
2026-05-05T15:05:00Z,NEM,TAS1,88.15,841.09
2026-05-05T15:05:00Z,NEM,VIC1,93.15,4785.97
2026-05-05T15:10:00Z,NEM,NSW1,99.57,7125.95
2026-05-05T15:10:00Z,NEM,QLD1,91.64,5792.79
2026-05-05T15:10:00Z,NEM,SA1,100.94,1468.14
2026-05-05T15:10:00Z,NEM,TAS1,88.15,849.97
2026-05-05T15:10:00Z,NEM,VIC1,90.5,4765.56
2026-05-05T15:15:00Z,NEM,NSW1,97.67,7051.32
2026-05-05T15:15:00Z,NEM,QLD1,89.85,5780.61
2026-05-05T15:15:00Z,NEM,SA1,99.03,1461.32
2026-05-05T15:15:00Z,NEM,TAS1,88.15,844.51
2026-05-05T15:15:00Z,NEM,VIC1,88.8,4736.41
2026-05-05T15:20:00Z,NEM,NSW1,97.65,7032.7
2026-05-05T15:20:00Z,NEM,QLD1,89.75,5730.81
2026-05-05T15:20:00Z,NEM,SA1,98.07,1432.56
2026-05-05T15:20:00Z,NEM,TAS1,88.15,849.88
2026-05-05T15:20:00Z,NEM,VIC1,87.97,4657.04
2026-05-05T15:25:00Z,NEM,NSW1,94.25,6986.69
2026-05-05T15:25:00Z,NEM,QLD1,86.68,5788.08
2026-05-05T15:25:00Z,NEM,SA1,94.49,1448.97
2026-05-05T15:25:00Z,NEM,TAS1,88.15,840.95
2026-05-05T15:25:00Z,NEM,VIC1,85.0,4610.53
2026-05-05T15:30:00Z,NEM,NSW1,94.22,6962.22
2026-05-05T15:30:00Z,NEM,QLD1,86.56,5719.11
2026-05-05T15:30:00Z,NEM,SA1,94.04,1445.83
2026-05-05T15:30:00Z,NEM,TAS1,88.15,837.21
2026-05-05T15:30:00Z,NEM,VIC1,85.0,4644.9
2026-05-05T15:35:00Z,NEM,NSW1,97.65,6914.04
2026-05-05T15:35:00Z,NEM,QLD1,89.64,5681.49
2026-05-05T15:35:00Z,NEM,SA1,99.12,1437.94
2026-05-05T15:35:00Z,NEM,TAS1,88.15,849.03
2026-05-05T15:35:00Z,NEM,VIC1,88.1,4607.19
2026-05-05T15:40:00Z,NEM,NSW1,98.23,6879.37
2026-05-05T15:40:00Z,NEM,QLD1,91.37,5727.94
2026-05-05T15:40:00Z,NEM,SA1,103.58,1446.0
2026-05-05T15:40:00Z,NEM,TAS1,88.15,841.61
2026-05-05T15:40:00Z,NEM,VIC1,90.0,4622.13
2026-05-05T15:45:00Z,NEM,NSW1,97.65,6847.69
2026-05-05T15:45:00Z,NEM,QLD1,91.96,5727.47
2026-05-05T15:45:00Z,NEM,SA1,127.8,1439.43
2026-05-05T15:45:00Z,NEM,TAS1,88.15,850.17
2026-05-05T15:45:00Z,NEM,VIC1,88.17,4517.02
2026-05-05T15:50:00Z,NEM,NSW1,93.48,6823.74
2026-05-05T15:50:00Z,NEM,QLD1,85.78,5689.23
2026-05-05T15:50:00Z,NEM,SA1,97.78,1427.82
2026-05-05T15:50:00Z,NEM,TAS1,88.15,857.29
2026-05-05T15:50:00Z,NEM,VIC1,85.0,4575.69
2026-05-05T15:55:00Z,NEM,NSW1,92.04,6804.93
2026-05-05T15:55:00Z,NEM,QLD1,84.73,5700.18
2026-05-05T15:55:00Z,NEM,SA1,126.82,1438.59
2026-05-05T15:55:00Z,NEM,TAS1,88.15,853.52
2026-05-05T15:55:00Z,NEM,VIC1,84.38,4564.18
2026-05-05T16:00:00Z,NEM,NSW1,92.76,6769.6
2026-05-05T16:00:00Z,NEM,QLD1,85.66,5700.67
2026-05-05T16:00:00Z,NEM,SA1,97.37,1423.53
2026-05-05T16:00:00Z,NEM,TAS1,88.15,856.04
2026-05-05T16:00:00Z,NEM,VIC1,85.0,4563.98
2026-05-05T16:05:00Z,NEM,NSW1,97.65,6755.64
2026-05-05T16:05:00Z,NEM,QLD1,90.72,5685.13
2026-05-05T16:05:00Z,NEM,SA1,107.29,1430.32
2026-05-05T16:05:00Z,NEM,TAS1,88.15,847.37
2026-05-05T16:05:00Z,NEM,VIC1,88.89,4539.5
2026-05-05T16:10:00Z,NEM,NSW1,97.65,6770.96
2026-05-05T16:10:00Z,NEM,QLD1,89.54,5647.22
2026-05-05T16:10:00Z,NEM,SA1,138.0,1411.33
2026-05-05T16:10:00Z,NEM,TAS1,88.15,847.65
2026-05-05T16:10:00Z,NEM,VIC1,88.11,4430.12
2026-05-05T16:15:00Z,NEM,NSW1,90.6,6785.26
2026-05-05T16:15:00Z,NEM,QLD1,82.5,5600.66
2026-05-05T16:15:00Z,NEM,SA1,107.92,1399.56
2026-05-05T16:15:00Z,NEM,TAS1,88.15,835.9
2026-05-05T16:15:00Z,NEM,VIC1,82.25,4396.21
2026-05-05T16:20:00Z,NEM,NSW1,94.34,6774.2
2026-05-05T16:20:00Z,NEM,QLD1,86.51,5646.25
2026-05-05T16:20:00Z,NEM,SA1,122.88,1397.24
2026-05-05T16:20:00Z,NEM,TAS1,88.15,828.11
2026-05-05T16:20:00Z,NEM,VIC1,85.0,4351.94
2026-05-05T16:25:00Z,NEM,NSW1,95.16,6786.71
2026-05-05T16:25:00Z,NEM,QLD1,87.81,5634.27
2026-05-05T16:25:00Z,NEM,SA1,97.86,1372.18
2026-05-05T16:25:00Z,NEM,TAS1,88.15,822.04
2026-05-05T16:25:00Z,NEM,VIC1,85.0,4349.11
2026-05-05T16:30:00Z,NEM,NSW1,89.43,6746.73
2026-05-05T16:30:00Z,NEM,QLD1,82.5,5633.83
2026-05-05T16:30:00Z,NEM,SA1,120.25,1383.94
2026-05-05T16:30:00Z,NEM,TAS1,88.15,828.74
2026-05-05T16:30:00Z,NEM,VIC1,79.99,4388.14
2026-05-05T16:35:00Z,NEM,NSW1,97.65,6740.47
2026-05-05T16:35:00Z,NEM,QLD1,90.04,5610.21
2026-05-05T16:35:00Z,NEM,SA1,100.41,1371.99
2026-05-05T16:35:00Z,NEM,TAS1,88.15,829.26
2026-05-05T16:35:00Z,NEM,VIC1,87.3,4407.83
2026-05-05T16:40:00Z,NEM,NSW1,96.44,6676.36
2026-05-05T16:40:00Z,NEM,QLD1,89.5,5635.73
2026-05-05T16:40:00Z,NEM,SA1,106.96,1361.54
2026-05-05T16:40:00Z,NEM,TAS1,88.15,840.46
2026-05-05T16:40:00Z,NEM,VIC1,85.0,4373.29
2026-05-05T16:45:00Z,NEM,NSW1,92.52,6628.01
2026-05-05T16:45:00Z,NEM,QLD1,85.82,5616.9
2026-05-05T16:45:00Z,NEM,SA1,94.0,1349.01
2026-05-05T16:45:00Z,NEM,TAS1,88.15,838.98
2026-05-05T16:45:00Z,NEM,VIC1,82.08,4299.82
2026-05-05T16:50:00Z,NEM,NSW1,92.32,6612.53
2026-05-05T16:50:00Z,NEM,QLD1,85.11,5632.01
2026-05-05T16:50:00Z,NEM,SA1,94.0,1346.96
2026-05-05T16:50:00Z,NEM,TAS1,88.15,845.17
2026-05-05T16:50:00Z,NEM,VIC1,82.53,4377.64
2026-05-05T16:55:00Z,NEM,NSW1,88.24,6553.45
2026-05-05T16:55:00Z,NEM,QLD1,81.83,5621.12
2026-05-05T16:55:00Z,NEM,SA1,94.0,1349.99
2026-05-05T16:55:00Z,NEM,TAS1,88.87,849.51
2026-05-05T16:55:00Z,NEM,VIC1,79.53,4373.55
2026-05-05T17:00:00Z,NEM,NSW1,94.98,6550.29
2026-05-05T17:00:00Z,NEM,QLD1,89.25,5662.97
2026-05-05T17:00:00Z,NEM,SA1,96.82,1350.4
2026-05-05T17:00:00Z,NEM,TAS1,88.87,849.08
2026-05-05T17:00:00Z,NEM,VIC1,85.0,4379.14
2026-05-05T17:05:00Z,NEM,NSW1,82.59,6521.63
2026-05-05T17:05:00Z,NEM,QLD1,77.73,5661.1
2026-05-05T17:05:00Z,NEM,SA1,94.0,1338.73
2026-05-05T17:05:00Z,NEM,TAS1,88.87,847.76
2026-05-05T17:05:00Z,NEM,VIC1,73.85,4300.18
2026-05-05T17:10:00Z,NEM,NSW1,95.16,6631.58
2026-05-05T17:10:00Z,NEM,QLD1,87.74,5637.49
2026-05-05T17:10:00Z,NEM,SA1,96.83,1344.15
2026-05-05T17:10:00Z,NEM,TAS1,88.16,843.38
2026-05-05T17:10:00Z,NEM,VIC1,85.0,4357.1
2026-05-05T17:15:00Z,NEM,NSW1,95.85,6598.15
2026-05-05T17:15:00Z,NEM,QLD1,90.12,5682.74
2026-05-05T17:15:00Z,NEM,SA1,96.35,1336.48
2026-05-05T17:15:00Z,NEM,TAS1,88.15,837.64
2026-05-05T17:15:00Z,NEM,VIC1,85.0,4359.73
2026-05-05T17:20:00Z,NEM,NSW1,88.29,6611.59
2026-05-05T17:20:00Z,NEM,QLD1,82.5,5681.29
2026-05-05T17:20:00Z,NEM,SA1,89.36,1322.46
2026-05-05T17:20:00Z,NEM,TAS1,88.15,835.57
2026-05-05T17:20:00Z,NEM,VIC1,78.8,4311.2
2026-05-05T17:25:00Z,NEM,NSW1,89.43,6579.72
2026-05-05T17:25:00Z,NEM,QLD1,82.5,5678.09
2026-05-05T17:25:00Z,NEM,SA1,92.73,1331.69
2026-05-05T17:25:00Z,NEM,TAS1,88.15,844.16
2026-05-05T17:25:00Z,NEM,VIC1,81.07,4365.75
2026-05-05T17:30:00Z,NEM,NSW1,84.36,6574.72
2026-05-05T17:30:00Z,NEM,QLD1,77.73,5600.27
2026-05-05T17:30:00Z,NEM,SA1,86.69,1330.27
2026-05-05T17:30:00Z,NEM,TAS1,105.5,840.94
2026-05-05T17:30:00Z,NEM,VIC1,76.47,4375.25
2026-05-05T17:35:00Z,NEM,NSW1,95.15,6556.43
2026-05-05T17:35:00Z,NEM,QLD1,89.46,5692.14
2026-05-05T17:35:00Z,NEM,SA1,95.88,1321.69
2026-05-05T17:35:00Z,NEM,TAS1,88.15,842.54
2026-05-05T17:35:00Z,NEM,VIC1,85.0,4367.33
2026-05-05T17:40:00Z,NEM,NSW1,95.12,6541.35
2026-05-05T17:40:00Z,NEM,QLD1,89.73,5701.1
2026-05-05T17:40:00Z,NEM,SA1,95.91,1325.39
2026-05-05T17:40:00Z,NEM,TAS1,88.15,849.93
2026-05-05T17:40:00Z,NEM,VIC1,85.0,4362.17
2026-05-05T17:45:00Z,NEM,NSW1,83.79,6559.21
2026-05-05T17:45:00Z,NEM,QLD1,77.73,5636.18
2026-05-05T17:45:00Z,NEM,SA1,85.53,1330.37
2026-05-05T17:45:00Z,NEM,TAS1,88.87,861.17
2026-05-05T17:45:00Z,NEM,VIC1,75.37,4286.28
2026-05-05T17:50:00Z,NEM,NSW1,88.88,6588.44
2026-05-05T17:50:00Z,NEM,QLD1,82.5,5669.31
2026-05-05T17:50:00Z,NEM,SA1,91.21,1346.49
2026-05-05T17:50:00Z,NEM,TAS1,88.87,854.1
2026-05-05T17:50:00Z,NEM,VIC1,79.98,4305.71
2026-05-05T17:55:00Z,NEM,NSW1,86.59,6583.97
2026-05-05T17:55:00Z,NEM,QLD1,82.5,5748.16
2026-05-05T17:55:00Z,NEM,SA1,86.98,1349.02
2026-05-05T17:55:00Z,NEM,TAS1,88.15,854.15
2026-05-05T17:55:00Z,NEM,VIC1,76.27,4289.65
2026-05-05T18:00:00Z,NEM,NSW1,82.73,6611.56
2026-05-05T18:00:00Z,NEM,QLD1,77.73,5649.28
2026-05-05T18:00:00Z,NEM,SA1,83.67,1357.67
2026-05-05T18:00:00Z,NEM,TAS1,88.87,857.29
2026-05-05T18:00:00Z,NEM,VIC1,73.43,4354.52
2026-05-05T18:05:00Z,NEM,NSW1,88.3,6592.78
2026-05-05T18:05:00Z,NEM,QLD1,82.5,5694.07
2026-05-05T18:05:00Z,NEM,SA1,103.44,1349.03
2026-05-05T18:05:00Z,NEM,TAS1,88.22,859.73
2026-05-05T18:05:00Z,NEM,VIC1,78.92,4327.08
2026-05-05T18:10:00Z,NEM,NSW1,89.37,6619.28
2026-05-05T18:10:00Z,NEM,QLD1,82.5,5715.06
2026-05-05T18:10:00Z,NEM,SA1,103.44,1343.89
2026-05-05T18:10:00Z,NEM,TAS1,106.24,843.9
2026-05-05T18:10:00Z,NEM,VIC1,79.81,4303.27
2026-05-05T18:15:00Z,NEM,NSW1,95.96,6628.92
2026-05-05T18:15:00Z,NEM,QLD1,89.22,5767.03
2026-05-05T18:15:00Z,NEM,SA1,98.0,1322.3
2026-05-05T18:15:00Z,NEM,TAS1,106.26,848.35
2026-05-05T18:15:00Z,NEM,VIC1,85.0,4380.93
2026-05-05T18:20:00Z,NEM,NSW1,92.45,6572.56
2026-05-05T18:20:00Z,NEM,QLD1,84.32,5761.94
2026-05-05T18:20:00Z,NEM,SA1,103.44,1319.37
2026-05-05T18:20:00Z,NEM,TAS1,94.26,853.6
2026-05-05T18:20:00Z,NEM,VIC1,83.13,4387.2
2026-05-05T18:25:00Z,NEM,NSW1,97.65,6599.1
2026-05-05T18:25:00Z,NEM,QLD1,89.04,5737.99
2026-05-05T18:25:00Z,NEM,SA1,100.09,1301.81
2026-05-05T18:25:00Z,NEM,TAS1,96.24,862.97
2026-05-05T18:25:00Z,NEM,VIC1,87.71,4425.35
2026-05-05T18:30:00Z,NEM,NSW1,97.65,6592.46
2026-05-05T18:30:00Z,NEM,QLD1,89.1,5779.99
2026-05-05T18:30:00Z,NEM,SA1,103.44,1301.29
2026-05-05T18:30:00Z,NEM,TAS1,88.91,856.18
2026-05-05T18:30:00Z,NEM,VIC1,87.71,4406.35
2026-05-05T18:35:00Z,NEM,NSW1,94.02,6581.62
2026-05-05T18:35:00Z,NEM,QLD1,86.35,5788.13
2026-05-05T18:35:00Z,NEM,SA1,96.62,1290.44
2026-05-05T18:35:00Z,NEM,TAS1,88.18,860.25
2026-05-05T18:35:00Z,NEM,VIC1,85.0,4357.29
2026-05-05T18:40:00Z,NEM,NSW1,95.23,6594.78
2026-05-05T18:40:00Z,NEM,QLD1,88.65,5841.94
2026-05-05T18:40:00Z,NEM,SA1,97.19,1321.06
2026-05-05T18:40:00Z,NEM,TAS1,88.14,861.82
2026-05-05T18:40:00Z,NEM,VIC1,85.0,4345.49
2026-05-05T18:45:00Z,NEM,NSW1,95.33,6613.02
2026-05-05T18:45:00Z,NEM,QLD1,88.16,5819.73
2026-05-05T18:45:00Z,NEM,SA1,96.61,1303.09
2026-05-05T18:45:00Z,NEM,TAS1,88.14,862.39
2026-05-05T18:45:00Z,NEM,VIC1,85.0,4387.3
2026-05-05T18:50:00Z,NEM,NSW1,96.0,6645.8
2026-05-05T18:50:00Z,NEM,QLD1,89.35,5820.42
2026-05-05T18:50:00Z,NEM,SA1,97.12,1310.68
2026-05-05T18:50:00Z,NEM,TAS1,88.1,860.56
2026-05-05T18:50:00Z,NEM,VIC1,85.0,4359.03
2026-05-05T18:55:00Z,NEM,NSW1,97.65,6695.01
2026-05-05T18:55:00Z,NEM,QLD1,92.14,5885.62
2026-05-05T18:55:00Z,NEM,SA1,99.53,1315.94
2026-05-05T18:55:00Z,NEM,TAS1,88.14,868.35
2026-05-05T18:55:00Z,NEM,VIC1,85.82,4366.37
2026-05-05T19:00:00Z,NEM,NSW1,97.65,6723.63
2026-05-05T19:00:00Z,NEM,QLD1,92.16,5888.69
2026-05-05T19:00:00Z,NEM,SA1,103.44,1316.72
2026-05-05T19:00:00Z,NEM,TAS1,88.14,874.61
2026-05-05T19:00:00Z,NEM,VIC1,85.19,4375.61
2026-05-05T19:05:00Z,NEM,NSW1,79.0,6778.63
2026-05-05T19:05:00Z,NEM,QLD1,75.52,5899.32
2026-05-05T19:05:00Z,NEM,SA1,81.33,1308.92
2026-05-05T19:05:00Z,NEM,TAS1,88.16,876.89
2026-05-05T19:05:00Z,NEM,VIC1,67.39,4408.22
2026-05-05T19:10:00Z,NEM,NSW1,86.19,6792.44
2026-05-05T19:10:00Z,NEM,QLD1,82.5,5976.22
2026-05-05T19:10:00Z,NEM,SA1,96.72,1323.06
2026-05-05T19:10:00Z,NEM,TAS1,88.14,887.27
2026-05-05T19:10:00Z,NEM,VIC1,74.11,4470.41
2026-05-05T19:15:00Z,NEM,NSW1,97.18,6849.07
2026-05-05T19:15:00Z,NEM,QLD1,92.5,5987.93
2026-05-05T19:15:00Z,NEM,SA1,95.77,1329.71
2026-05-05T19:15:00Z,NEM,TAS1,88.16,889.62
2026-05-05T19:15:00Z,NEM,VIC1,83.55,4509.76
2026-05-05T19:20:00Z,NEM,NSW1,97.65,6856.07
2026-05-05T19:20:00Z,NEM,QLD1,93.63,6055.85
2026-05-05T19:20:00Z,NEM,SA1,103.44,1326.78
2026-05-05T19:20:00Z,NEM,TAS1,88.14,885.69
2026-05-05T19:20:00Z,NEM,VIC1,83.35,4540.8
2026-05-05T19:25:00Z,NEM,NSW1,98.68,6925.89
2026-05-05T19:25:00Z,NEM,QLD1,94.66,6075.79
2026-05-05T19:25:00Z,NEM,SA1,103.44,1329.43
2026-05-05T19:25:00Z,NEM,TAS1,88.14,890.09
2026-05-05T19:25:00Z,NEM,VIC1,84.75,4581.33
2026-05-05T19:30:00Z,NEM,NSW1,100.8,6949.13
2026-05-05T19:30:00Z,NEM,QLD1,96.08,6059.4
2026-05-05T19:30:00Z,NEM,SA1,122.65,1352.91
2026-05-05T19:30:00Z,NEM,TAS1,88.14,897.57
2026-05-05T19:30:00Z,NEM,VIC1,87.29,4605.48
2026-05-05T19:35:00Z,NEM,NSW1,97.92,7027.32
2026-05-05T19:35:00Z,NEM,QLD1,94.66,6150.1
2026-05-05T19:35:00Z,NEM,SA1,103.44,1349.72
2026-05-05T19:35:00Z,NEM,TAS1,88.14,904.79
2026-05-05T19:35:00Z,NEM,VIC1,83.59,4617.22
2026-05-05T19:40:00Z,NEM,NSW1,97.65,7061.8
2026-05-05T19:40:00Z,NEM,QLD1,95.06,6194.09
2026-05-05T19:40:00Z,NEM,SA1,117.65,1375.29
2026-05-05T19:40:00Z,NEM,TAS1,88.14,908.31
2026-05-05T19:40:00Z,NEM,VIC1,83.98,4646.11
2026-05-05T19:45:00Z,NEM,NSW1,105.19,7076.67
2026-05-05T19:45:00Z,NEM,QLD1,103.1,6232.28
2026-05-05T19:45:00Z,NEM,SA1,136.05,1382.45
2026-05-05T19:45:00Z,NEM,TAS1,88.14,918.74
2026-05-05T19:45:00Z,NEM,VIC1,90.5,4694.34
2026-05-05T19:50:00Z,NEM,NSW1,113.8,7185.85
2026-05-05T19:50:00Z,NEM,QLD1,110.22,6235.74
2026-05-05T19:50:00Z,NEM,SA1,112.68,1370.9
2026-05-05T19:50:00Z,NEM,TAS1,88.16,926.35
2026-05-05T19:50:00Z,NEM,VIC1,97.73,4734.25
2026-05-05T19:55:00Z,NEM,NSW1,113.8,7248.4
2026-05-05T19:55:00Z,NEM,QLD1,109.63,6274.54
2026-05-05T19:55:00Z,NEM,SA1,109.82,1392.71
2026-05-05T19:55:00Z,NEM,TAS1,88.18,936.59
2026-05-05T19:55:00Z,NEM,VIC1,97.12,4766.71
2026-05-05T20:00:00Z,NEM,NSW1,116.69,7270.64
2026-05-05T20:00:00Z,NEM,QLD1,111.11,6320.21
2026-05-05T20:00:00Z,NEM,SA1,114.11,1391.59
2026-05-05T20:00:00Z,NEM,TAS1,88.16,945.84
2026-05-05T20:00:00Z,NEM,VIC1,101.0,4829.96
2026-05-05T20:05:00Z,NEM,NSW1,109.07,7376.58
2026-05-05T20:05:00Z,NEM,QLD1,105.95,6379.78
2026-05-05T20:05:00Z,NEM,SA1,103.44,1394.93
2026-05-05T20:05:00Z,NEM,TAS1,88.14,951.21
2026-05-05T20:05:00Z,NEM,VIC1,92.34,4876.07
2026-05-05T20:10:00Z,NEM,NSW1,112.55,7509.23
2026-05-05T20:10:00Z,NEM,QLD1,110.22,6464.48
2026-05-05T20:10:00Z,NEM,SA1,104.5,1386.59
2026-05-05T20:10:00Z,NEM,TAS1,88.16,967.73
2026-05-05T20:10:00Z,NEM,VIC1,95.15,4995.12
2026-05-05T20:15:00Z,NEM,NSW1,111.16,7589.31
2026-05-05T20:15:00Z,NEM,QLD1,109.63,6492.09
2026-05-05T20:15:00Z,NEM,SA1,103.14,1383.8
2026-05-05T20:15:00Z,NEM,TAS1,88.16,979.38
2026-05-05T20:15:00Z,NEM,VIC1,93.26,5119.54
2026-05-05T20:20:00Z,NEM,NSW1,120.0,7752.25
2026-05-05T20:20:00Z,NEM,QLD1,118.54,6549.98
2026-05-05T20:20:00Z,NEM,SA1,108.3,1370.96
2026-05-05T20:20:00Z,NEM,TAS1,88.16,998.32
2026-05-05T20:20:00Z,NEM,VIC1,99.72,5145.71
2026-05-05T20:25:00Z,NEM,NSW1,120.0,7827.0
2026-05-05T20:25:00Z,NEM,QLD1,117.15,6565.91
2026-05-05T20:25:00Z,NEM,SA1,108.99,1411.7
2026-05-05T20:25:00Z,NEM,TAS1,88.18,1005.26
2026-05-05T20:25:00Z,NEM,VIC1,100.63,5201.71
2026-05-05T20:30:00Z,NEM,NSW1,134.88,7913.11
2026-05-05T20:30:00Z,NEM,QLD1,130.9,6562.48
2026-05-05T20:30:00Z,NEM,SA1,122.49,1402.3
2026-05-05T20:30:00Z,NEM,TAS1,88.16,1016.79
2026-05-05T20:30:00Z,NEM,VIC1,113.76,5307.35
2026-05-05T20:35:00Z,NEM,NSW1,133.03,7957.52
2026-05-05T20:35:00Z,NEM,QLD1,136.44,6569.85
2026-05-05T20:35:00Z,NEM,SA1,117.5,1404.6
2026-05-05T20:35:00Z,NEM,TAS1,88.18,1036.76
2026-05-05T20:35:00Z,NEM,VIC1,109.82,5357.71
2026-05-05T20:40:00Z,NEM,NSW1,145.38,8068.46
2026-05-05T20:40:00Z,NEM,QLD1,152.12,6676.72
2026-05-05T20:40:00Z,NEM,SA1,127.99,1422.49
2026-05-05T20:40:00Z,NEM,TAS1,90.9,1043.88
2026-05-05T20:40:00Z,NEM,VIC1,117.5,5438.58
2026-05-05T20:45:00Z,NEM,NSW1,141.17,8110.02
2026-05-05T20:45:00Z,NEM,QLD1,144.03,6591.95
2026-05-05T20:45:00Z,NEM,SA1,130.34,1443.1
2026-05-05T20:45:00Z,NEM,TAS1,91.15,1060.62
2026-05-05T20:45:00Z,NEM,VIC1,117.5,5454.26
2026-05-05T20:50:00Z,NEM,NSW1,147.68,8223.07
2026-05-05T20:50:00Z,NEM,QLD1,148.94,6603.79
2026-05-05T20:50:00Z,NEM,SA1,132.32,1460.24
2026-05-05T20:50:00Z,NEM,TAS1,96.24,1062.01
2026-05-05T20:50:00Z,NEM,VIC1,122.92,5510.5
2026-05-05T20:55:00Z,NEM,NSW1,140.19,8271.63
2026-05-05T20:55:00Z,NEM,QLD1,140.57,6624.94
2026-05-05T20:55:00Z,NEM,SA1,124.66,1461.0
2026-05-05T20:55:00Z,NEM,TAS1,91.15,1066.15
2026-05-05T20:55:00Z,NEM,VIC1,117.5,5637.73
2026-05-05T21:00:00Z,NEM,NSW1,142.58,8259.82
2026-05-05T21:00:00Z,NEM,QLD1,144.0,6700.37
2026-05-05T21:00:00Z,NEM,SA1,133.63,1485.65
2026-05-05T21:00:00Z,NEM,TAS1,96.26,1078.31
2026-05-05T21:00:00Z,NEM,VIC1,123.2,5713.84
2026-05-05T21:05:00Z,NEM,NSW1,162.25,8304.45
2026-05-05T21:05:00Z,NEM,QLD1,164.82,6668.67
2026-05-05T21:05:00Z,NEM,SA1,147.66,1499.07
2026-05-05T21:05:00Z,NEM,TAS1,107.87,1079.44
2026-05-05T21:05:00Z,NEM,VIC1,137.34,5789.91
2026-05-05T21:10:00Z,NEM,NSW1,148.0,8314.82
2026-05-05T21:10:00Z,NEM,QLD1,146.72,6656.44
2026-05-05T21:10:00Z,NEM,SA1,139.29,1501.18
2026-05-05T21:10:00Z,NEM,TAS1,100.48,1078.02
2026-05-05T21:10:00Z,NEM,VIC1,127.9,5758.24
2026-05-05T21:15:00Z,NEM,NSW1,134.99,8351.27
2026-05-05T21:15:00Z,NEM,QLD1,133.78,6627.63
2026-05-05T21:15:00Z,NEM,SA1,124.0,1499.7
2026-05-05T21:15:00Z,NEM,TAS1,96.24,1102.44
2026-05-05T21:15:00Z,NEM,VIC1,117.5,5854.48
2026-05-05T21:20:00Z,NEM,NSW1,135.0,8394.46
2026-05-05T21:20:00Z,NEM,QLD1,132.15,6611.75
2026-05-05T21:20:00Z,NEM,SA1,126.92,1515.78
2026-05-05T21:20:00Z,NEM,TAS1,93.15,1124.57
2026-05-05T21:20:00Z,NEM,VIC1,119.28,5937.32
2026-05-05T21:25:00Z,NEM,NSW1,134.88,8406.58
2026-05-05T21:25:00Z,NEM,QLD1,131.32,6653.49
2026-05-05T21:25:00Z,NEM,SA1,127.64,1534.09
2026-05-05T21:25:00Z,NEM,TAS1,93.42,1124.7
2026-05-05T21:25:00Z,NEM,VIC1,119.29,5986.99
2026-05-05T21:30:00Z,NEM,NSW1,120.0,8357.9
2026-05-05T21:30:00Z,NEM,QLD1,113.8,6563.55
2026-05-05T21:30:00Z,NEM,SA1,120.64,1548.52
2026-05-05T21:30:00Z,NEM,TAS1,89.1,1126.13
2026-05-05T21:30:00Z,NEM,VIC1,111.83,6018.99
2026-05-05T21:35:00Z,NEM,NSW1,109.41,8276.72
2026-05-05T21:35:00Z,NEM,QLD1,102.38,6529.66
2026-05-05T21:35:00Z,NEM,SA1,112.82,1570.53
2026-05-05T21:35:00Z,NEM,TAS1,88.2,1123.05
2026-05-05T21:35:00Z,NEM,VIC1,104.49,6054.61
2026-05-05T21:40:00Z,NEM,NSW1,97.67,8241.51
2026-05-05T21:40:00Z,NEM,QLD1,89.59,6465.63
2026-05-05T21:40:00Z,NEM,SA1,105.1,1592.36
2026-05-05T21:40:00Z,NEM,TAS1,96.26,1125.53
2026-05-05T21:40:00Z,NEM,VIC1,94.82,6093.15
2026-05-05T21:45:00Z,NEM,NSW1,90.78,8186.83
2026-05-05T21:45:00Z,NEM,QLD1,82.7,6452.66
2026-05-05T21:45:00Z,NEM,SA1,103.44,1655.87
2026-05-05T21:45:00Z,NEM,TAS1,96.24,1127.04
2026-05-05T21:45:00Z,NEM,VIC1,90.5,6089.1
2026-05-05T21:50:00Z,NEM,NSW1,81.01,8155.29
2026-05-05T21:50:00Z,NEM,QLD1,72.83,6336.27
2026-05-05T21:50:00Z,NEM,SA1,103.44,1659.95
2026-05-05T21:50:00Z,NEM,TAS1,96.24,1138.81
2026-05-05T21:50:00Z,NEM,VIC1,81.4,6044.07
2026-05-05T21:55:00Z,NEM,NSW1,79.0,8164.15
2026-05-05T21:55:00Z,NEM,QLD1,70.07,6378.45
2026-05-05T21:55:00Z,NEM,SA1,118.61,1659.12
2026-05-05T21:55:00Z,NEM,TAS1,96.24,1138.87
2026-05-05T21:55:00Z,NEM,VIC1,81.4,6102.67
2026-05-05T22:00:00Z,NEM,NSW1,64.02,8066.0
2026-05-05T22:00:00Z,NEM,QLD1,56.88,6270.13
2026-05-05T22:00:00Z,NEM,SA1,103.44,1656.2
2026-05-05T22:00:00Z,NEM,TAS1,96.24,1121.24
2026-05-05T22:00:00Z,NEM,VIC1,64.39,6013.31
2026-05-05T22:05:00Z,NEM,NSW1,74.34,8019.86
2026-05-05T22:05:00Z,NEM,QLD1,64.55,6282.13
2026-05-05T22:05:00Z,NEM,SA1,103.44,1643.3
2026-05-05T22:05:00Z,NEM,TAS1,96.26,1129.95
2026-05-05T22:05:00Z,NEM,VIC1,79.52,6013.87
2026-05-05T22:10:00Z,NEM,NSW1,70.01,7949.32
2026-05-05T22:10:00Z,NEM,QLD1,60.78,6266.82
2026-05-05T22:10:00Z,NEM,SA1,138.0,1652.0
2026-05-05T22:10:00Z,NEM,TAS1,96.26,1147.23
2026-05-05T22:10:00Z,NEM,VIC1,88.65,6029.22
2026-05-05T22:15:00Z,NEM,NSW1,73.49,7905.85
2026-05-05T22:15:00Z,NEM,QLD1,64.55,6204.65
2026-05-05T22:15:00Z,NEM,SA1,138.0,1626.47
2026-05-05T22:15:00Z,NEM,TAS1,96.26,1144.78
2026-05-05T22:15:00Z,NEM,VIC1,76.13,6006.55
2026-05-05T22:20:00Z,NEM,NSW1,70.01,7798.97
2026-05-05T22:20:00Z,NEM,QLD1,61.36,6095.44
2026-05-05T22:20:00Z,NEM,SA1,147.66,1608.99
2026-05-05T22:20:00Z,NEM,TAS1,96.24,1121.52
2026-05-05T22:20:00Z,NEM,VIC1,73.11,6002.07
2026-05-05T22:25:00Z,NEM,NSW1,70.01,7714.06
2026-05-05T22:25:00Z,NEM,QLD1,60.88,6046.86
2026-05-05T22:25:00Z,NEM,SA1,103.44,1566.17
2026-05-05T22:25:00Z,NEM,TAS1,96.24,1127.45
2026-05-05T22:25:00Z,NEM,VIC1,73.3,5955.25
2026-05-05T22:30:00Z,NEM,NSW1,57.51,7560.84
2026-05-05T22:30:00Z,NEM,QLD1,50.63,5974.97
2026-05-05T22:30:00Z,NEM,SA1,103.44,1566.27
2026-05-05T22:30:00Z,NEM,TAS1,96.24,1106.22
2026-05-05T22:30:00Z,NEM,VIC1,59.64,5917.27
2026-05-05T22:35:00Z,NEM,NSW1,70.01,7509.47
2026-05-05T22:35:00Z,NEM,QLD1,59.87,5877.82
2026-05-05T22:35:00Z,NEM,SA1,103.44,1546.15
2026-05-05T22:35:00Z,NEM,TAS1,88.86,1111.17
2026-05-05T22:35:00Z,NEM,VIC1,73.7,5857.07
2026-05-05T22:40:00Z,NEM,NSW1,76.99,7399.94
2026-05-05T22:40:00Z,NEM,QLD1,66.23,5860.7
2026-05-05T22:40:00Z,NEM,SA1,138.04,1545.44
2026-05-05T22:40:00Z,NEM,TAS1,89.07,1107.57
2026-05-05T22:40:00Z,NEM,VIC1,81.77,5812.97
2026-05-05T22:45:00Z,NEM,NSW1,70.01,7242.92
2026-05-05T22:45:00Z,NEM,QLD1,60.35,5786.74
2026-05-05T22:45:00Z,NEM,SA1,126.81,1541.81
2026-05-05T22:45:00Z,NEM,TAS1,88.91,1109.07
2026-05-05T22:45:00Z,NEM,VIC1,73.91,5753.82
2026-05-05T22:50:00Z,NEM,NSW1,73.53,7179.12
2026-05-05T22:50:00Z,NEM,QLD1,64.55,5728.07
2026-05-05T22:50:00Z,NEM,SA1,87.5,1496.69
2026-05-05T22:50:00Z,NEM,TAS1,88.91,1107.58
2026-05-05T22:50:00Z,NEM,VIC1,76.94,5753.62
2026-05-05T22:55:00Z,NEM,NSW1,70.01,7080.74
2026-05-05T22:55:00Z,NEM,QLD1,62.19,5713.68
2026-05-05T22:55:00Z,NEM,SA1,103.44,1523.61
2026-05-05T22:55:00Z,NEM,TAS1,89.07,1103.47
2026-05-05T22:55:00Z,NEM,VIC1,71.3,5680.4
2026-05-05T23:00:00Z,NEM,NSW1,59.51,7031.82
2026-05-05T23:00:00Z,NEM,QLD1,52.72,5566.63
2026-05-05T23:00:00Z,NEM,SA1,103.44,1522.93
2026-05-05T23:00:00Z,NEM,TAS1,88.91,1097.94
2026-05-05T23:00:00Z,NEM,VIC1,60.19,5653.63
2026-05-05T23:05:00Z,NEM,NSW1,58.06,6921.51
2026-05-05T23:05:00Z,NEM,QLD1,52.75,5580.32
2026-05-05T23:05:00Z,NEM,SA1,123.45,1501.59
2026-05-05T23:05:00Z,NEM,TAS1,88.86,1104.38
2026-05-05T23:05:00Z,NEM,VIC1,57.39,5599.1
2026-05-05T23:10:00Z,NEM,NSW1,59.23,6927.55
2026-05-05T23:10:00Z,NEM,QLD1,52.75,5513.37
2026-05-05T23:10:00Z,NEM,SA1,103.44,1490.06
2026-05-05T23:10:00Z,NEM,TAS1,88.86,1072.0
2026-05-05T23:10:00Z,NEM,VIC1,58.51,5590.36
2026-05-05T23:15:00Z,NEM,NSW1,57.76,6838.97
2026-05-05T23:15:00Z,NEM,QLD1,51.38,5468.34
2026-05-05T23:15:00Z,NEM,SA1,103.44,1467.94
2026-05-05T23:15:00Z,NEM,TAS1,88.18,1063.23
2026-05-05T23:15:00Z,NEM,VIC1,57.0,5553.59
2026-05-05T23:20:00Z,NEM,NSW1,56.06,6794.46
2026-05-05T23:20:00Z,NEM,QLD1,49.84,5433.38
2026-05-05T23:20:00Z,NEM,SA1,153.07,1458.95
2026-05-05T23:20:00Z,NEM,TAS1,88.18,1051.28
2026-05-05T23:20:00Z,NEM,VIC1,55.33,5530.35
2026-05-05T23:25:00Z,NEM,NSW1,56.57,6716.11
2026-05-05T23:25:00Z,NEM,QLD1,50.9,5428.42
2026-05-05T23:25:00Z,NEM,SA1,122.49,1401.56
2026-05-05T23:25:00Z,NEM,TAS1,88.18,1047.43
2026-05-05T23:25:00Z,NEM,VIC1,55.24,5429.55
2026-05-05T23:30:00Z,NEM,NSW1,56.41,6621.55
2026-05-05T23:30:00Z,NEM,QLD1,50.73,5424.66
2026-05-05T23:30:00Z,NEM,SA1,147.73,1419.34
2026-05-05T23:30:00Z,NEM,TAS1,88.14,1028.55
2026-05-05T23:30:00Z,NEM,VIC1,55.24,5425.62
2026-05-05T23:35:00Z,NEM,NSW1,59.11,6596.81
2026-05-05T23:35:00Z,NEM,QLD1,52.84,5438.65
2026-05-05T23:35:00Z,NEM,SA1,97.68,1413.01
2026-05-05T23:35:00Z,NEM,TAS1,88.16,1034.72
2026-05-05T23:35:00Z,NEM,VIC1,57.0,5362.98
2026-05-05T23:40:00Z,NEM,NSW1,56.06,6580.42
2026-05-05T23:40:00Z,NEM,QLD1,50.08,5395.73
2026-05-05T23:40:00Z,NEM,SA1,147.66,1418.34
2026-05-05T23:40:00Z,NEM,TAS1,88.16,1028.75
2026-05-05T23:40:00Z,NEM,VIC1,52.55,5366.13
2026-05-05T23:45:00Z,NEM,NSW1,43.38,6567.28
2026-05-05T23:45:00Z,NEM,QLD1,39.99,5380.06
2026-05-05T23:45:00Z,NEM,SA1,42.72,1375.79
2026-05-05T23:45:00Z,NEM,TAS1,88.14,1014.59
2026-05-05T23:45:00Z,NEM,VIC1,25.11,5277.29
2026-05-05T23:50:00Z,NEM,NSW1,56.06,6570.68
2026-05-05T23:50:00Z,NEM,QLD1,52.02,5409.68
2026-05-05T23:50:00Z,NEM,SA1,53.65,1397.73
2026-05-05T23:50:00Z,NEM,TAS1,88.14,1023.77
2026-05-05T23:50:00Z,NEM,VIC1,25.11,5275.31
2026-05-05T23:55:00Z,NEM,NSW1,56.06,6554.41
2026-05-05T23:55:00Z,NEM,QLD1,51.96,5345.5
2026-05-05T23:55:00Z,NEM,SA1,32.47,1365.85
2026-05-05T23:55:00Z,NEM,TAS1,88.14,1020.92
2026-05-05T23:55:00Z,NEM,VIC1,9.67,5266.43
2026-05-06T00:00:00Z,NEM,NSW1,41.94,6423.59
2026-05-06T00:00:00Z,NEM,QLD1,39.82,5318.22
2026-05-06T00:00:00Z,NEM,SA1,25.48,1359.75
2026-05-06T00:00:00Z,NEM,TAS1,88.14,1012.31
2026-05-06T00:00:00Z,NEM,VIC1,9.67,5215.76
2026-05-06T00:05:00Z,NEM,NSW1,56.03,6459.91
2026-05-06T00:05:00Z,NEM,QLD1,52.63,5418.56
2026-05-06T00:05:00Z,NEM,SA1,31.45,1317.51
2026-05-06T00:05:00Z,NEM,TAS1,88.16,1011.71
2026-05-06T00:05:00Z,NEM,VIC1,9.0,5148.47
2026-05-06T00:10:00Z,NEM,NSW1,58.96,6470.12
2026-05-06T00:10:00Z,NEM,QLD1,54.99,5367.42
2026-05-06T00:10:00Z,NEM,SA1,38.94,1326.28
2026-05-06T00:10:00Z,NEM,TAS1,88.14,1003.98
2026-05-06T00:10:00Z,NEM,VIC1,19.18,5234.37
2026-05-06T00:15:00Z,NEM,NSW1,67.98,6310.48
2026-05-06T00:15:00Z,NEM,QLD1,62.73,5364.57
2026-05-06T00:15:00Z,NEM,SA1,34.68,1312.12
2026-05-06T00:15:00Z,NEM,TAS1,88.2,997.3
2026-05-06T00:15:00Z,NEM,VIC1,5.02,5179.6
2026-05-06T00:20:00Z,NEM,NSW1,41.07,6261.96
2026-05-06T00:20:00Z,NEM,QLD1,39.55,5439.62
2026-05-06T00:20:00Z,NEM,SA1,21.78,1286.32
2026-05-06T00:20:00Z,NEM,TAS1,88.2,986.05
2026-05-06T00:20:00Z,NEM,VIC1,4.78,5163.35
2026-05-06T00:25:00Z,NEM,NSW1,41.77,6311.88
2026-05-06T00:25:00Z,NEM,QLD1,40.0,5420.16
2026-05-06T00:25:00Z,NEM,SA1,21.87,1229.4
2026-05-06T00:25:00Z,NEM,TAS1,88.2,996.29
2026-05-06T00:25:00Z,NEM,VIC1,5.02,5217.16
2026-05-06T00:30:00Z,NEM,NSW1,57.16,6222.0
2026-05-06T00:30:00Z,NEM,QLD1,54.99,5515.57
2026-05-06T00:30:00Z,NEM,SA1,28.84,1209.13
2026-05-06T00:30:00Z,NEM,TAS1,88.14,990.89
2026-05-06T00:30:00Z,NEM,VIC1,5.02,5204.2
2026-05-06T00:35:00Z,NEM,NSW1,42.15,6194.29
2026-05-06T00:35:00Z,NEM,QLD1,39.82,5454.3
2026-05-06T00:35:00Z,NEM,SA1,14.3,1166.04
2026-05-06T00:35:00Z,NEM,TAS1,88.16,984.58
2026-05-06T00:35:00Z,NEM,VIC1,14.24,5121.5
2026-05-06T00:40:00Z,NEM,NSW1,54.72,6199.34
2026-05-06T00:40:00Z,NEM,QLD1,52.75,5556.69
2026-05-06T00:40:00Z,NEM,SA1,9.23,1142.69
2026-05-06T00:40:00Z,NEM,TAS1,88.18,990.38
2026-05-06T00:40:00Z,NEM,VIC1,8.95,5094.17
2026-05-06T00:45:00Z,NEM,NSW1,56.03,6429.49
2026-05-06T00:45:00Z,NEM,QLD1,52.73,5554.58
2026-05-06T00:45:00Z,NEM,SA1,27.6,1133.72
2026-05-06T00:45:00Z,NEM,TAS1,130.43,996.15
2026-05-06T00:45:00Z,NEM,VIC1,11.92,5077.96
2026-05-06T00:50:00Z,NEM,NSW1,40.55,6409.36
2026-05-06T00:50:00Z,NEM,QLD1,39.1,5510.3
2026-05-06T00:50:00Z,NEM,SA1,22.96,1142.09
2026-05-06T00:50:00Z,NEM,TAS1,88.14,998.64
2026-05-06T00:50:00Z,NEM,VIC1,9.01,5134.1
2026-05-06T00:55:00Z,NEM,NSW1,54.54,6430.81
2026-05-06T00:55:00Z,NEM,QLD1,54.99,5600.68
2026-05-06T00:55:00Z,NEM,SA1,16.53,1110.64
2026-05-06T00:55:00Z,NEM,TAS1,88.18,998.14
2026-05-06T00:55:00Z,NEM,VIC1,9.0,5110.82
2026-05-06T01:00:00Z,NEM,NSW1,64.24,6343.29
2026-05-06T01:00:00Z,NEM,QLD1,62.73,5530.01
2026-05-06T01:00:00Z,NEM,SA1,4.39,1100.85
2026-05-06T01:00:00Z,NEM,TAS1,96.26,977.77
2026-05-06T01:00:00Z,NEM,VIC1,4.55,5087.94
2026-05-06T01:05:00Z,NEM,NSW1,40.55,6257.75
2026-05-06T01:05:00Z,NEM,QLD1,39.82,5660.39
2026-05-06T01:05:00Z,NEM,SA1,11.2,1078.12
2026-05-06T01:05:00Z,NEM,TAS1,88.16,955.36
2026-05-06T01:05:00Z,NEM,VIC1,4.55,5135.6
2026-05-06T01:10:00Z,NEM,NSW1,40.55,6351.9
2026-05-06T01:10:00Z,NEM,QLD1,41.71,5741.55
2026-05-06T01:10:00Z,NEM,SA1,4.74,1104.9
2026-05-06T01:10:00Z,NEM,TAS1,89.41,950.63
2026-05-06T01:10:00Z,NEM,VIC1,4.95,5263.5
2026-05-06T01:15:00Z,NEM,NSW1,54.46,6316.49
2026-05-06T01:15:00Z,NEM,QLD1,54.99,5734.1
2026-05-06T01:15:00Z,NEM,SA1,16.86,1131.23
2026-05-06T01:15:00Z,NEM,TAS1,88.74,960.44
2026-05-06T01:15:00Z,NEM,VIC1,9.0,5253.59
2026-05-06T01:20:00Z,NEM,NSW1,63.21,6256.16
2026-05-06T01:20:00Z,NEM,QLD1,64.55,5697.7
2026-05-06T01:20:00Z,NEM,SA1,9.13,1082.11
2026-05-06T01:20:00Z,NEM,TAS1,88.18,963.27
2026-05-06T01:20:00Z,NEM,VIC1,9.67,5213.99
2026-05-06T01:25:00Z,NEM,NSW1,53.45,6212.9
2026-05-06T01:25:00Z,NEM,QLD1,55.71,5867.97
2026-05-06T01:25:00Z,NEM,SA1,8.1,1047.78
2026-05-06T01:25:00Z,NEM,TAS1,88.18,963.81
2026-05-06T01:25:00Z,NEM,VIC1,8.63,5149.99
2026-05-06T01:30:00Z,NEM,NSW1,66.27,6176.61
2026-05-06T01:30:00Z,NEM,QLD1,66.99,5846.33
2026-05-06T01:30:00Z,NEM,SA1,0.02,1028.85
2026-05-06T01:30:00Z,NEM,TAS1,88.74,961.2
2026-05-06T01:30:00Z,NEM,VIC1,0.02,5113.76
2026-05-06T01:35:00Z,NEM,NSW1,65.5,5856.94
2026-05-06T01:35:00Z,NEM,QLD1,65.73,5862.14
2026-05-06T01:35:00Z,NEM,SA1,4.31,1030.89
2026-05-06T01:35:00Z,NEM,TAS1,88.16,949.6
2026-05-06T01:35:00Z,NEM,VIC1,4.55,5046.19
2026-05-06T01:40:00Z,NEM,NSW1,64.99,5823.01
2026-05-06T01:40:00Z,NEM,QLD1,65.73,5947.55
2026-05-06T01:40:00Z,NEM,SA1,0.0,1017.93
2026-05-06T01:40:00Z,NEM,TAS1,93.54,959.77
2026-05-06T01:40:00Z,NEM,VIC1,0.0,5023.27
2026-05-06T01:45:00Z,NEM,NSW1,53.45,5823.15
2026-05-06T01:45:00Z,NEM,QLD1,55.71,5966.23
2026-05-06T01:45:00Z,NEM,SA1,0.02,1026.61
2026-05-06T01:45:00Z,NEM,TAS1,75.02,955.44
2026-05-06T01:45:00Z,NEM,VIC1,0.02,4943.31
2026-05-06T01:50:00Z,NEM,NSW1,40.55,5822.14
2026-05-06T01:50:00Z,NEM,QLD1,43.88,5928.44
2026-05-06T01:50:00Z,NEM,SA1,9.36,1035.68
2026-05-06T01:50:00Z,NEM,TAS1,84.86,975.34
2026-05-06T01:50:00Z,NEM,VIC1,9.67,4888.6
2026-05-06T01:55:00Z,NEM,NSW1,62.54,5885.97
2026-05-06T01:55:00Z,NEM,QLD1,64.55,5948.41
2026-05-06T01:55:00Z,NEM,SA1,8.52,1042.8
2026-05-06T01:55:00Z,NEM,TAS1,84.08,946.71
2026-05-06T01:55:00Z,NEM,VIC1,8.95,4822.71
2026-05-06T02:00:00Z,NEM,NSW1,54.31,5883.43
2026-05-06T02:00:00Z,NEM,QLD1,55.73,5964.58
2026-05-06T02:00:00Z,NEM,SA1,0.02,1064.66
2026-05-06T02:00:00Z,NEM,TAS1,75.02,951.74
2026-05-06T02:00:00Z,NEM,VIC1,0.02,4808.97
2026-05-06T02:05:00Z,NEM,NSW1,66.88,5880.8
2026-05-06T02:05:00Z,NEM,QLD1,68.26,6012.72
2026-05-06T02:05:00Z,NEM,SA1,9.6,1121.4
2026-05-06T02:05:00Z,NEM,TAS1,84.84,953.58
2026-05-06T02:05:00Z,NEM,VIC1,9.67,4787.78
2026-05-06T02:10:00Z,NEM,NSW1,65.94,5949.8
2026-05-06T02:10:00Z,NEM,QLD1,65.73,6053.25
2026-05-06T02:10:00Z,NEM,SA1,8.57,1127.15
2026-05-06T02:10:00Z,NEM,TAS1,84.08,945.05
2026-05-06T02:10:00Z,NEM,VIC1,8.95,4713.99
2026-05-06T02:15:00Z,NEM,NSW1,64.77,5946.57
2026-05-06T02:15:00Z,NEM,QLD1,64.93,6013.12
2026-05-06T02:15:00Z,NEM,SA1,4.91,1142.28
2026-05-06T02:15:00Z,NEM,TAS1,80.09,946.68
2026-05-06T02:15:00Z,NEM,VIC1,5.02,4681.52
2026-05-06T02:20:00Z,NEM,NSW1,60.7,5885.89
2026-05-06T02:20:00Z,NEM,QLD1,62.73,6019.09
2026-05-06T02:20:00Z,NEM,SA1,8.53,1160.82
2026-05-06T02:20:00Z,NEM,TAS1,83.92,949.55
2026-05-06T02:20:00Z,NEM,VIC1,8.75,4607.6
2026-05-06T02:25:00Z,NEM,NSW1,53.28,5914.12
2026-05-06T02:25:00Z,NEM,QLD1,55.73,6018.26
2026-05-06T02:25:00Z,NEM,SA1,4.99,1155.83
2026-05-06T02:25:00Z,NEM,TAS1,80.01,944.15
2026-05-06T02:25:00Z,NEM,VIC1,4.95,4584.98
2026-05-06T02:30:00Z,NEM,NSW1,60.93,5905.55
2026-05-06T02:30:00Z,NEM,QLD1,65.73,6068.74
2026-05-06T02:30:00Z,NEM,SA1,0.0,1168.21
2026-05-06T02:30:00Z,NEM,TAS1,75.0,948.9
2026-05-06T02:30:00Z,NEM,VIC1,0.0,4551.12
2026-05-06T02:35:00Z,NEM,NSW1,61.0,5871.1
2026-05-06T02:35:00Z,NEM,QLD1,64.55,6004.13
2026-05-06T02:35:00Z,NEM,SA1,0.0,1220.23
2026-05-06T02:35:00Z,NEM,TAS1,75.0,949.42
2026-05-06T02:35:00Z,NEM,VIC1,0.0,4562.84
2026-05-06T02:40:00Z,NEM,NSW1,61.02,5822.56
2026-05-06T02:40:00Z,NEM,QLD1,64.93,5993.53
2026-05-06T02:40:00Z,NEM,SA1,85.63,1329.26
2026-05-06T02:40:00Z,NEM,TAS1,75.02,955.3
2026-05-06T02:40:00Z,NEM,VIC1,0.02,4544.27
2026-05-06T02:45:00Z,NEM,NSW1,59.67,5830.12
2026-05-06T02:45:00Z,NEM,QLD1,64.65,5997.79
2026-05-06T02:45:00Z,NEM,SA1,10.88,1311.1
2026-05-06T02:45:00Z,NEM,TAS1,75.02,942.64
2026-05-06T02:45:00Z,NEM,VIC1,0.02,4693.53
2026-05-06T02:50:00Z,NEM,NSW1,61.74,5819.73
2026-05-06T02:50:00Z,NEM,QLD1,65.73,6019.33
2026-05-06T02:50:00Z,NEM,SA1,58.58,1326.96
2026-05-06T02:50:00Z,NEM,TAS1,75.01,926.89
2026-05-06T02:50:00Z,NEM,VIC1,0.01,4688.61
2026-05-06T02:55:00Z,NEM,NSW1,63.67,5834.83
2026-05-06T02:55:00Z,NEM,QLD1,68.11,5941.58
2026-05-06T02:55:00Z,NEM,SA1,12.18,1289.85
2026-05-06T02:55:00Z,NEM,TAS1,75.02,927.46
2026-05-06T02:55:00Z,NEM,VIC1,0.02,4689.77
2026-05-06T03:00:00Z,NEM,NSW1,59.24,5872.2
2026-05-06T03:00:00Z,NEM,QLD1,64.93,5974.7
2026-05-06T03:00:00Z,NEM,SA1,0.02,1303.74
2026-05-06T03:00:00Z,NEM,TAS1,75.02,918.93
2026-05-06T03:00:00Z,NEM,VIC1,0.02,4663.53
2026-05-06T03:05:00Z,NEM,NSW1,61.84,5890.63
2026-05-06T03:05:00Z,NEM,QLD1,66.99,5972.21
2026-05-06T03:05:00Z,NEM,SA1,0.0,1285.2
2026-05-06T03:05:00Z,NEM,TAS1,96.22,920.75
2026-05-06T03:05:00Z,NEM,VIC1,0.0,4657.99
2026-05-06T03:10:00Z,NEM,NSW1,60.32,5924.66
2026-05-06T03:10:00Z,NEM,QLD1,65.73,5970.59
2026-05-06T03:10:00Z,NEM,SA1,0.0,1249.93
2026-05-06T03:10:00Z,NEM,TAS1,96.16,935.02
2026-05-06T03:10:00Z,NEM,VIC1,0.0,4581.11
2026-05-06T03:15:00Z,NEM,NSW1,58.21,5859.62
2026-05-06T03:15:00Z,NEM,QLD1,64.55,5944.64
2026-05-06T03:15:00Z,NEM,SA1,0.0,1200.71
2026-05-06T03:15:00Z,NEM,TAS1,96.16,932.65
2026-05-06T03:15:00Z,NEM,VIC1,0.0,4540.58
2026-05-06T03:20:00Z,NEM,NSW1,59.51,5885.84
2026-05-06T03:20:00Z,NEM,QLD1,64.83,5929.92
2026-05-06T03:20:00Z,NEM,SA1,0.0,1168.79
2026-05-06T03:20:00Z,NEM,TAS1,96.16,930.4
2026-05-06T03:20:00Z,NEM,VIC1,0.0,4431.95
2026-05-06T03:25:00Z,NEM,NSW1,60.64,5921.85
2026-05-06T03:25:00Z,NEM,QLD1,65.73,5977.0
2026-05-06T03:25:00Z,NEM,SA1,0.0,1118.02
2026-05-06T03:25:00Z,NEM,TAS1,96.16,932.64
2026-05-06T03:25:00Z,NEM,VIC1,0.0,4479.72
2026-05-06T03:30:00Z,NEM,NSW1,59.13,5987.79
2026-05-06T03:30:00Z,NEM,QLD1,64.83,5958.28
2026-05-06T03:30:00Z,NEM,SA1,-0.1,1095.8
2026-05-06T03:30:00Z,NEM,TAS1,96.16,928.36
2026-05-06T03:30:00Z,NEM,VIC1,-0.1,4543.11
2026-05-06T03:35:00Z,NEM,NSW1,59.82,6036.34
2026-05-06T03:35:00Z,NEM,QLD1,64.83,5967.98
2026-05-06T03:35:00Z,NEM,SA1,-0.05,1089.51
2026-05-06T03:35:00Z,NEM,TAS1,88.18,933.8
2026-05-06T03:35:00Z,NEM,VIC1,-0.05,4535.08
2026-05-06T03:40:00Z,NEM,NSW1,66.83,6129.31
2026-05-06T03:40:00Z,NEM,QLD1,68.71,6016.24
2026-05-06T03:40:00Z,NEM,SA1,-0.05,1074.01
2026-05-06T03:40:00Z,NEM,TAS1,88.18,945.54
2026-05-06T03:40:00Z,NEM,VIC1,-0.05,4601.9
2026-05-06T03:45:00Z,NEM,NSW1,63.17,6104.36
2026-05-06T03:45:00Z,NEM,QLD1,66.99,6076.81
2026-05-06T03:45:00Z,NEM,SA1,-0.05,1013.93
2026-05-06T03:45:00Z,NEM,TAS1,88.18,962.17
2026-05-06T03:45:00Z,NEM,VIC1,-0.05,4623.85
2026-05-06T03:50:00Z,NEM,NSW1,66.88,6213.09
2026-05-06T03:50:00Z,NEM,QLD1,68.71,6066.11
2026-05-06T03:50:00Z,NEM,SA1,-0.1,1013.36
2026-05-06T03:50:00Z,NEM,TAS1,88.18,966.82
2026-05-06T03:50:00Z,NEM,VIC1,-0.1,4633.87
2026-05-06T03:55:00Z,NEM,NSW1,59.85,6201.88
2026-05-06T03:55:00Z,NEM,QLD1,64.65,6099.75
2026-05-06T03:55:00Z,NEM,SA1,0.0,1031.51
2026-05-06T03:55:00Z,NEM,TAS1,90.15,975.95
2026-05-06T03:55:00Z,NEM,VIC1,0.0,4653.3
2026-05-06T04:00:00Z,NEM,NSW1,60.21,6205.93
2026-05-06T04:00:00Z,NEM,QLD1,64.65,6067.19
2026-05-06T04:00:00Z,NEM,SA1,0.0,1053.34
2026-05-06T04:00:00Z,NEM,TAS1,94.1,986.19
2026-05-06T04:00:00Z,NEM,VIC1,-0.05,4679.6
2026-05-06T04:05:00Z,NEM,NSW1,60.97,6313.49
2026-05-06T04:05:00Z,NEM,QLD1,62.73,6004.02
2026-05-06T04:05:00Z,NEM,SA1,-0.01,1159.72
2026-05-06T04:05:00Z,NEM,TAS1,88.14,991.82
2026-05-06T04:05:00Z,NEM,VIC1,-0.05,4705.55
2026-05-06T04:10:00Z,NEM,NSW1,54.45,6303.98
2026-05-06T04:10:00Z,NEM,QLD1,55.73,6083.11
2026-05-06T04:10:00Z,NEM,SA1,0.0,1208.21
2026-05-06T04:10:00Z,NEM,TAS1,86.9,970.11
2026-05-06T04:10:00Z,NEM,VIC1,-0.1,4718.25
2026-05-06T04:15:00Z,NEM,NSW1,61.52,6398.53
2026-05-06T04:15:00Z,NEM,QLD1,64.55,6088.21
2026-05-06T04:15:00Z,NEM,SA1,0.0,1247.8
2026-05-06T04:15:00Z,NEM,TAS1,87.0,972.18
2026-05-06T04:15:00Z,NEM,VIC1,0.0,4685.64
2026-05-06T04:20:00Z,NEM,NSW1,63.82,6353.31
2026-05-06T04:20:00Z,NEM,QLD1,65.73,6060.25
2026-05-06T04:20:00Z,NEM,SA1,-0.05,1234.18
2026-05-06T04:20:00Z,NEM,TAS1,86.95,967.86
2026-05-06T04:20:00Z,NEM,VIC1,-0.05,4709.35
2026-05-06T04:25:00Z,NEM,NSW1,63.38,6397.48
2026-05-06T04:25:00Z,NEM,QLD1,65.73,6109.1
2026-05-06T04:25:00Z,NEM,SA1,-0.1,1229.09
2026-05-06T04:25:00Z,NEM,TAS1,86.16,963.47
2026-05-06T04:25:00Z,NEM,VIC1,-0.1,4743.43
2026-05-06T04:30:00Z,NEM,NSW1,64.9,6449.72
2026-05-06T04:30:00Z,NEM,QLD1,65.73,6147.51
2026-05-06T04:30:00Z,NEM,SA1,-0.01,1199.46
2026-05-06T04:30:00Z,NEM,TAS1,74.9,944.97
2026-05-06T04:30:00Z,NEM,VIC1,-0.1,4750.16
2026-05-06T04:35:00Z,NEM,NSW1,63.24,6453.17
2026-05-06T04:35:00Z,NEM,QLD1,64.83,6142.82
2026-05-06T04:35:00Z,NEM,SA1,-0.1,1203.65
2026-05-06T04:35:00Z,NEM,TAS1,74.18,925.69
2026-05-06T04:35:00Z,NEM,VIC1,-0.1,4757.09
2026-05-06T04:40:00Z,NEM,NSW1,66.87,6545.9
2026-05-06T04:40:00Z,NEM,QLD1,66.22,6236.09
2026-05-06T04:40:00Z,NEM,SA1,-0.01,1213.02
2026-05-06T04:40:00Z,NEM,TAS1,86.99,932.79
2026-05-06T04:40:00Z,NEM,VIC1,-0.01,4757.77
2026-05-06T04:45:00Z,NEM,NSW1,62.53,6533.63
2026-05-06T04:45:00Z,NEM,QLD1,64.65,6285.68
2026-05-06T04:45:00Z,NEM,SA1,0.0,1223.11
2026-05-06T04:45:00Z,NEM,TAS1,87.0,932.55
2026-05-06T04:45:00Z,NEM,VIC1,0.0,4893.61
2026-05-06T04:50:00Z,NEM,NSW1,61.02,6623.68
2026-05-06T04:50:00Z,NEM,QLD1,62.73,6279.34
2026-05-06T04:50:00Z,NEM,SA1,8.51,1245.51
2026-05-06T04:50:00Z,NEM,TAS1,87.2,943.97
2026-05-06T04:50:00Z,NEM,VIC1,8.53,4938.42
2026-05-06T04:55:00Z,NEM,NSW1,65.8,6677.79
2026-05-06T04:55:00Z,NEM,QLD1,65.73,6353.73
2026-05-06T04:55:00Z,NEM,SA1,0.0,1247.12
2026-05-06T04:55:00Z,NEM,TAS1,87.0,951.42
2026-05-06T04:55:00Z,NEM,VIC1,0.0,4974.7
2026-05-06T05:00:00Z,NEM,NSW1,65.78,6745.43
2026-05-06T05:00:00Z,NEM,QLD1,66.22,6459.06
2026-05-06T05:00:00Z,NEM,SA1,0.0,1235.52
2026-05-06T05:00:00Z,NEM,TAS1,87.0,962.06
2026-05-06T05:00:00Z,NEM,VIC1,0.0,4922.19
2026-05-06T05:05:00Z,NEM,NSW1,64.98,6819.68
2026-05-06T05:05:00Z,NEM,QLD1,66.22,6467.36
2026-05-06T05:05:00Z,NEM,SA1,0.0,1271.19
2026-05-06T05:05:00Z,NEM,TAS1,87.0,967.22
2026-05-06T05:05:00Z,NEM,VIC1,0.0,4872.59
2026-05-06T05:10:00Z,NEM,NSW1,63.73,6863.71
2026-05-06T05:10:00Z,NEM,QLD1,66.22,6529.88
2026-05-06T05:10:00Z,NEM,SA1,0.0,1224.2
2026-05-06T05:10:00Z,NEM,TAS1,87.0,976.95
2026-05-06T05:10:00Z,NEM,VIC1,0.0,4813.2
2026-05-06T05:15:00Z,NEM,NSW1,62.85,6960.73
2026-05-06T05:15:00Z,NEM,QLD1,66.22,6632.91
2026-05-06T05:15:00Z,NEM,SA1,0.64,1216.63
2026-05-06T05:15:00Z,NEM,TAS1,88.16,1027.96
2026-05-06T05:15:00Z,NEM,VIC1,0.65,4784.45
2026-05-06T05:20:00Z,NEM,NSW1,63.94,6980.19
2026-05-06T05:20:00Z,NEM,QLD1,66.22,6666.0
2026-05-06T05:20:00Z,NEM,SA1,0.02,1192.55
2026-05-06T05:20:00Z,NEM,TAS1,88.16,1039.17
2026-05-06T05:20:00Z,NEM,VIC1,0.02,4862.54
2026-05-06T05:25:00Z,NEM,NSW1,66.88,7095.94
2026-05-06T05:25:00Z,NEM,QLD1,68.95,6724.38
2026-05-06T05:25:00Z,NEM,SA1,0.0,1183.14
2026-05-06T05:25:00Z,NEM,TAS1,88.18,1054.19
2026-05-06T05:25:00Z,NEM,VIC1,-0.05,4868.83
2026-05-06T05:30:00Z,NEM,NSW1,66.88,7175.5
2026-05-06T05:30:00Z,NEM,QLD1,69.42,6756.47
2026-05-06T05:30:00Z,NEM,SA1,0.0,1156.23
2026-05-06T05:30:00Z,NEM,TAS1,96.18,1056.8
2026-05-06T05:30:00Z,NEM,VIC1,-0.05,4846.95
2026-05-06T05:35:00Z,NEM,NSW1,64.89,7261.93
2026-05-06T05:35:00Z,NEM,QLD1,67.8,6778.94
2026-05-06T05:35:00Z,NEM,SA1,-0.1,1143.21
2026-05-06T05:35:00Z,NEM,TAS1,96.16,1036.86
2026-05-06T05:35:00Z,NEM,VIC1,-0.1,4882.19
2026-05-06T05:40:00Z,NEM,NSW1,66.88,7330.91
2026-05-06T05:40:00Z,NEM,QLD1,72.02,6950.5
2026-05-06T05:40:00Z,NEM,SA1,-0.1,1148.28
2026-05-06T05:40:00Z,NEM,TAS1,88.1,1036.94
2026-05-06T05:40:00Z,NEM,VIC1,-0.1,4930.95
2026-05-06T05:45:00Z,NEM,NSW1,66.88,7405.85
2026-05-06T05:45:00Z,NEM,QLD1,70.92,6917.69
2026-05-06T05:45:00Z,NEM,SA1,-0.1,1182.67
2026-05-06T05:45:00Z,NEM,TAS1,88.1,1049.44
2026-05-06T05:45:00Z,NEM,VIC1,-0.1,5010.36
2026-05-06T05:50:00Z,NEM,NSW1,66.88,7505.55
2026-05-06T05:50:00Z,NEM,QLD1,72.75,6976.07
2026-05-06T05:50:00Z,NEM,SA1,-0.1,1149.42
2026-05-06T05:50:00Z,NEM,TAS1,95.26,1053.57
2026-05-06T05:50:00Z,NEM,VIC1,-0.1,5091.38
2026-05-06T05:55:00Z,NEM,NSW1,70.81,7635.15
2026-05-06T05:55:00Z,NEM,QLD1,77.53,7009.63
2026-05-06T05:55:00Z,NEM,SA1,-0.01,1150.28
2026-05-06T05:55:00Z,NEM,TAS1,96.1,1069.09
2026-05-06T05:55:00Z,NEM,VIC1,-0.01,5145.8
2026-05-06T06:00:00Z,NEM,NSW1,78.14,7737.16
2026-05-06T06:00:00Z,NEM,QLD1,84.71,7085.44
2026-05-06T06:00:00Z,NEM,SA1,0.0,1166.62
2026-05-06T06:00:00Z,NEM,TAS1,95.16,1075.11
2026-05-06T06:00:00Z,NEM,VIC1,0.0,5238.05
2026-05-06T06:05:00Z,NEM,NSW1,66.75,7727.62
2026-05-06T06:05:00Z,NEM,QLD1,72.83,7129.51
2026-05-06T06:05:00Z,NEM,SA1,0.0,1171.19
2026-05-06T06:05:00Z,NEM,TAS1,88.16,1084.8
2026-05-06T06:05:00Z,NEM,VIC1,0.0,5339.85
2026-05-06T06:10:00Z,NEM,NSW1,66.88,7883.19
2026-05-06T06:10:00Z,NEM,QLD1,72.83,7121.66
2026-05-06T06:10:00Z,NEM,SA1,-0.09,1155.32
2026-05-06T06:10:00Z,NEM,TAS1,88.16,1100.23
2026-05-06T06:10:00Z,NEM,VIC1,-0.1,5366.0
2026-05-06T06:15:00Z,NEM,NSW1,84.81,7974.34
2026-05-06T06:15:00Z,NEM,QLD1,91.62,7194.94
2026-05-06T06:15:00Z,NEM,SA1,-0.09,1177.61
2026-05-06T06:15:00Z,NEM,TAS1,88.16,1102.23
2026-05-06T06:15:00Z,NEM,VIC1,-0.1,5388.42
2026-05-06T06:20:00Z,NEM,NSW1,89.17,8035.08
2026-05-06T06:20:00Z,NEM,QLD1,94.73,7251.14
2026-05-06T06:20:00Z,NEM,SA1,0.62,1247.91
2026-05-06T06:20:00Z,NEM,TAS1,88.16,1085.68
2026-05-06T06:20:00Z,NEM,VIC1,0.65,5514.02
2026-05-06T06:25:00Z,NEM,NSW1,90.0,8198.83
2026-05-06T06:25:00Z,NEM,QLD1,94.73,7366.32
2026-05-06T06:25:00Z,NEM,SA1,0.01,1223.29
2026-05-06T06:25:00Z,NEM,TAS1,88.1,1093.87
2026-05-06T06:25:00Z,NEM,VIC1,0.01,5528.52
2026-05-06T06:30:00Z,NEM,NSW1,100.05,8328.82
2026-05-06T06:30:00Z,NEM,QLD1,107.25,7382.6
2026-05-06T06:30:00Z,NEM,SA1,0.01,1295.53
2026-05-06T06:30:00Z,NEM,TAS1,94.18,1104.87
2026-05-06T06:30:00Z,NEM,VIC1,0.01,5621.34
2026-05-06T06:35:00Z,NEM,NSW1,84.36,8364.36
2026-05-06T06:35:00Z,NEM,QLD1,91.62,7455.63
2026-05-06T06:35:00Z,NEM,SA1,4.23,1321.08
2026-05-06T06:35:00Z,NEM,TAS1,96.24,1132.61
2026-05-06T06:35:00Z,NEM,VIC1,4.55,5679.43
2026-05-06T06:40:00Z,NEM,NSW1,84.38,8425.99
2026-05-06T06:40:00Z,NEM,QLD1,91.62,7428.01
2026-05-06T06:40:00Z,NEM,SA1,8.53,1334.85
2026-05-06T06:40:00Z,NEM,TAS1,96.24,1146.43
2026-05-06T06:40:00Z,NEM,VIC1,4.55,5761.2
2026-05-06T06:45:00Z,NEM,NSW1,88.23,8496.0
2026-05-06T06:45:00Z,NEM,QLD1,94.73,7439.71
2026-05-06T06:45:00Z,NEM,SA1,24.73,1398.19
2026-05-06T06:45:00Z,NEM,TAS1,96.26,1165.87
2026-05-06T06:45:00Z,NEM,VIC1,4.55,5877.41
2026-05-06T06:50:00Z,NEM,NSW1,84.79,8551.3
2026-05-06T06:50:00Z,NEM,QLD1,89.63,7563.44
2026-05-06T06:50:00Z,NEM,SA1,41.02,1436.53
2026-05-06T06:50:00Z,NEM,TAS1,102.09,1169.98
2026-05-06T06:50:00Z,NEM,VIC1,9.0,5929.91
2026-05-06T06:55:00Z,NEM,NSW1,87.17,8623.88
2026-05-06T06:55:00Z,NEM,QLD1,91.62,7562.72
2026-05-06T06:55:00Z,NEM,SA1,41.59,1450.6
2026-05-06T06:55:00Z,NEM,TAS1,107.21,1175.42
2026-05-06T06:55:00Z,NEM,VIC1,8.95,6017.3
2026-05-06T07:00:00Z,NEM,NSW1,90.57,8671.04
2026-05-06T07:00:00Z,NEM,QLD1,94.73,7632.01
2026-05-06T07:00:00Z,NEM,SA1,43.41,1489.41
2026-05-06T07:00:00Z,NEM,TAS1,102.55,1182.46
2026-05-06T07:00:00Z,NEM,VIC1,9.0,6111.11
2026-05-06T07:05:00Z,NEM,NSW1,84.55,8734.83
2026-05-06T07:05:00Z,NEM,QLD1,91.62,7578.09
2026-05-06T07:05:00Z,NEM,SA1,36.94,1526.36
2026-05-06T07:05:00Z,NEM,TAS1,105.5,1195.46
2026-05-06T07:05:00Z,NEM,VIC1,-0.05,6175.35
2026-05-06T07:10:00Z,NEM,NSW1,94.94,8793.24
2026-05-06T07:10:00Z,NEM,QLD1,102.22,7543.05
2026-05-06T07:10:00Z,NEM,SA1,41.61,1567.78
2026-05-06T07:10:00Z,NEM,TAS1,101.02,1204.65
2026-05-06T07:10:00Z,NEM,VIC1,-0.05,6194.73
2026-05-06T07:15:00Z,NEM,NSW1,100.05,8781.97
2026-05-06T07:15:00Z,NEM,QLD1,106.48,7578.06
2026-05-06T07:15:00Z,NEM,SA1,46.14,1606.69
2026-05-06T07:15:00Z,NEM,TAS1,108.16,1217.91
2026-05-06T07:15:00Z,NEM,VIC1,4.55,6272.89
2026-05-06T07:20:00Z,NEM,NSW1,91.7,8819.18
2026-05-06T07:20:00Z,NEM,QLD1,97.09,7625.9
2026-05-06T07:20:00Z,NEM,SA1,42.87,1640.79
2026-05-06T07:20:00Z,NEM,TAS1,111.36,1244.71
2026-05-06T07:20:00Z,NEM,VIC1,4.55,6328.79
2026-05-06T07:25:00Z,NEM,NSW1,100.05,8918.56
2026-05-06T07:25:00Z,NEM,QLD1,108.0,7700.5
2026-05-06T07:25:00Z,NEM,SA1,44.04,1667.68
2026-05-06T07:25:00Z,NEM,TAS1,111.28,1254.48
2026-05-06T07:25:00Z,NEM,VIC1,0.21,6400.75
2026-05-06T07:30:00Z,NEM,NSW1,104.05,8965.82
2026-05-06T07:30:00Z,NEM,QLD1,111.11,7741.87
2026-05-06T07:30:00Z,NEM,SA1,46.7,1674.57
2026-05-06T07:30:00Z,NEM,TAS1,113.26,1256.12
2026-05-06T07:30:00Z,NEM,VIC1,0.01,6409.95
2026-05-06T07:35:00Z,NEM,NSW1,105.25,9045.81
2026-05-06T07:35:00Z,NEM,QLD1,111.11,7763.14
2026-05-06T07:35:00Z,NEM,SA1,46.86,1700.26
2026-05-06T07:35:00Z,NEM,TAS1,114.23,1268.75
2026-05-06T07:35:00Z,NEM,VIC1,0.01,6486.3
2026-05-06T07:40:00Z,NEM,NSW1,104.65,9113.41
2026-05-06T07:40:00Z,NEM,QLD1,111.11,7725.23
2026-05-06T07:40:00Z,NEM,SA1,46.78,1723.78
2026-05-06T07:40:00Z,NEM,TAS1,113.25,1258.32
2026-05-06T07:40:00Z,NEM,VIC1,-0.05,6477.81
2026-05-06T07:45:00Z,NEM,NSW1,114.54,9163.14
2026-05-06T07:45:00Z,NEM,QLD1,119.46,7735.72
2026-05-06T07:45:00Z,NEM,SA1,51.4,1745.76
2026-05-06T07:45:00Z,NEM,TAS1,117.12,1266.83
2026-05-06T07:45:00Z,NEM,VIC1,0.0,6514.13
2026-05-06T07:50:00Z,NEM,NSW1,103.99,9057.98
2026-05-06T07:50:00Z,NEM,QLD1,111.11,7773.59
2026-05-06T07:50:00Z,NEM,SA1,46.8,1745.44
2026-05-06T07:50:00Z,NEM,TAS1,113.3,1270.44
2026-05-06T07:50:00Z,NEM,VIC1,0.01,6567.31
2026-05-06T07:55:00Z,NEM,NSW1,114.76,9137.48
2026-05-06T07:55:00Z,NEM,QLD1,122.0,7812.65
2026-05-06T07:55:00Z,NEM,SA1,51.5,1739.97
2026-05-06T07:55:00Z,NEM,TAS1,117.31,1266.31
2026-05-06T07:55:00Z,NEM,VIC1,-0.05,6601.11
2026-05-06T08:00:00Z,NEM,NSW1,102.73,9051.35
2026-05-06T08:00:00Z,NEM,QLD1,111.11,7794.85
2026-05-06T08:00:00Z,NEM,SA1,46.14,1756.02
2026-05-06T08:00:00Z,NEM,TAS1,112.81,1269.94
2026-05-06T08:00:00Z,NEM,VIC1,-0.05,6640.9
2026-05-06T08:05:00Z,NEM,NSW1,100.47,9092.42
2026-05-06T08:05:00Z,NEM,QLD1,109.88,7733.25
2026-05-06T08:05:00Z,NEM,SA1,45.05,1787.16
2026-05-06T08:05:00Z,NEM,TAS1,107.53,1262.62
2026-05-06T08:05:00Z,NEM,VIC1,-0.1,6615.85
2026-05-06T08:10:00Z,NEM,NSW1,91.84,9088.08
2026-05-06T08:10:00Z,NEM,QLD1,102.22,7720.19
2026-05-06T08:10:00Z,NEM,SA1,40.88,1797.67
2026-05-06T08:10:00Z,NEM,TAS1,96.24,1253.72
2026-05-06T08:10:00Z,NEM,VIC1,-0.1,6638.26
2026-05-06T08:15:00Z,NEM,NSW1,84.36,9096.28
2026-05-06T08:15:00Z,NEM,QLD1,92.73,7670.85
2026-05-06T08:15:00Z,NEM,SA1,37.72,1810.66
2026-05-06T08:15:00Z,NEM,TAS1,88.22,1248.82
2026-05-06T08:15:00Z,NEM,VIC1,-0.1,6637.14
2026-05-06T08:20:00Z,NEM,NSW1,91.7,9103.2
2026-05-06T08:20:00Z,NEM,QLD1,101.47,7705.0
2026-05-06T08:20:00Z,NEM,SA1,41.13,1834.39
2026-05-06T08:20:00Z,NEM,TAS1,96.26,1239.89
2026-05-06T08:20:00Z,NEM,VIC1,-0.1,6684.07
2026-05-06T08:25:00Z,NEM,NSW1,100.05,9129.49
2026-05-06T08:25:00Z,NEM,QLD1,108.69,7653.4
2026-05-06T08:25:00Z,NEM,SA1,44.84,1847.92
2026-05-06T08:25:00Z,NEM,TAS1,96.26,1240.65
2026-05-06T08:25:00Z,NEM,VIC1,-0.1,6713.77
2026-05-06T08:30:00Z,NEM,NSW1,99.92,9056.09
2026-05-06T08:30:00Z,NEM,QLD1,109.88,7673.0
2026-05-06T08:30:00Z,NEM,SA1,44.54,1829.88
2026-05-06T08:30:00Z,NEM,TAS1,96.26,1245.44
2026-05-06T08:30:00Z,NEM,VIC1,-0.1,6642.67
2026-05-06T08:35:00Z,NEM,NSW1,75.27,9064.74
2026-05-06T08:35:00Z,NEM,QLD1,92.73,7611.71
2026-05-06T08:35:00Z,NEM,SA1,33.82,1850.03
2026-05-06T08:35:00Z,NEM,TAS1,96.26,1242.54
2026-05-06T08:35:00Z,NEM,VIC1,-0.1,6556.18
2026-05-06T08:40:00Z,NEM,NSW1,86.13,9077.97
2026-05-06T08:40:00Z,NEM,QLD1,102.22,7583.95
2026-05-06T08:40:00Z,NEM,SA1,15.74,1835.82
2026-05-06T08:40:00Z,NEM,TAS1,88.22,1241.17
2026-05-06T08:40:00Z,NEM,VIC1,18.73,6539.55
2026-05-06T08:45:00Z,NEM,NSW1,97.45,9112.11
2026-05-06T08:45:00Z,NEM,QLD1,111.11,7563.62
2026-05-06T08:45:00Z,NEM,SA1,38.08,1843.58
2026-05-06T08:45:00Z,NEM,TAS1,96.01,1243.26
2026-05-06T08:45:00Z,NEM,VIC1,-12.1,6541.27
2026-05-06T08:50:00Z,NEM,NSW1,82.56,8998.63
2026-05-06T08:50:00Z,NEM,QLD1,111.11,7492.8
2026-05-06T08:50:00Z,NEM,SA1,36.89,1841.45
2026-05-06T08:50:00Z,NEM,TAS1,96.26,1239.8
2026-05-06T08:50:00Z,NEM,VIC1,-0.1,6537.16
2026-05-06T08:55:00Z,NEM,NSW1,70.92,9019.26
2026-05-06T08:55:00Z,NEM,QLD1,110.18,7537.31
2026-05-06T08:55:00Z,NEM,SA1,31.84,1826.14
2026-05-06T08:55:00Z,NEM,TAS1,96.26,1225.63
2026-05-06T08:55:00Z,NEM,VIC1,-0.1,6512.87
2026-05-06T09:00:00Z,NEM,NSW1,89.73,8990.13
2026-05-06T09:00:00Z,NEM,QLD1,104.84,7485.7
2026-05-06T09:00:00Z,NEM,SA1,37.09,1840.21
2026-05-06T09:00:00Z,NEM,TAS1,105.92,1240.35
2026-05-06T09:00:00Z,NEM,VIC1,-0.1,6514.32
2026-05-06T09:05:00Z,NEM,NSW1,86.5,8946.58
2026-05-06T09:05:00Z,NEM,QLD1,103.98,7474.81
2026-05-06T09:05:00Z,NEM,SA1,37.55,1844.61
2026-05-06T09:05:00Z,NEM,TAS1,106.27,1240.07
2026-05-06T09:05:00Z,NEM,VIC1,-0.1,6471.01
2026-05-06T09:10:00Z,NEM,NSW1,85.96,8883.58
2026-05-06T09:10:00Z,NEM,QLD1,103.98,7415.81
2026-05-06T09:10:00Z,NEM,SA1,37.75,1866.57
2026-05-06T09:10:00Z,NEM,TAS1,106.24,1220.07
2026-05-06T09:10:00Z,NEM,VIC1,-0.1,6377.05
2026-05-06T09:15:00Z,NEM,NSW1,82.13,8852.33
2026-05-06T09:15:00Z,NEM,QLD1,103.98,7349.58
2026-05-06T09:15:00Z,NEM,SA1,37.13,1838.42
2026-05-06T09:15:00Z,NEM,TAS1,105.92,1222.54
2026-05-06T09:15:00Z,NEM,VIC1,-0.1,6409.27
2026-05-06T09:20:00Z,NEM,NSW1,72.88,8780.6
2026-05-06T09:20:00Z,NEM,QLD1,102.22,7361.33
2026-05-06T09:20:00Z,NEM,SA1,33.06,1834.89
2026-05-06T09:20:00Z,NEM,TAS1,102.35,1216.88
2026-05-06T09:20:00Z,NEM,VIC1,-0.1,6389.61
2026-05-06T09:25:00Z,NEM,NSW1,87.31,8844.46
2026-05-06T09:25:00Z,NEM,QLD1,109.88,7355.3
2026-05-06T09:25:00Z,NEM,SA1,37.06,1809.78
2026-05-06T09:25:00Z,NEM,TAS1,105.83,1224.16
2026-05-06T09:25:00Z,NEM,VIC1,-0.1,6418.16
2026-05-06T09:30:00Z,NEM,NSW1,82.11,8723.34
2026-05-06T09:30:00Z,NEM,QLD1,92.73,7317.04
2026-05-06T09:30:00Z,NEM,SA1,36.93,1811.95
2026-05-06T09:30:00Z,NEM,TAS1,105.92,1219.48
2026-05-06T09:30:00Z,NEM,VIC1,-0.1,6409.47
2026-05-06T09:35:00Z,NEM,NSW1,69.03,8685.42
2026-05-06T09:35:00Z,NEM,QLD1,102.22,7325.9
2026-05-06T09:35:00Z,NEM,SA1,30.84,1796.66
2026-05-06T09:35:00Z,NEM,TAS1,100.77,1219.18
2026-05-06T09:35:00Z,NEM,VIC1,-0.1,6405.9
2026-05-06T09:40:00Z,NEM,NSW1,91.7,8672.26
2026-05-06T09:40:00Z,NEM,QLD1,100.59,7268.63
2026-05-06T09:40:00Z,NEM,SA1,36.41,1809.8
2026-05-06T09:40:00Z,NEM,TAS1,105.67,1210.59
2026-05-06T09:40:00Z,NEM,VIC1,-0.1,6306.94
2026-05-06T09:45:00Z,NEM,NSW1,81.86,8579.59
2026-05-06T09:45:00Z,NEM,QLD1,94.66,7284.82
2026-05-06T09:45:00Z,NEM,SA1,37.0,1803.4
2026-05-06T09:45:00Z,NEM,TAS1,105.67,1223.6
2026-05-06T09:45:00Z,NEM,VIC1,-0.1,6406.23
2026-05-06T09:50:00Z,NEM,NSW1,82.12,8592.37
2026-05-06T09:50:00Z,NEM,QLD1,103.98,7319.14
2026-05-06T09:50:00Z,NEM,SA1,37.02,1798.99
2026-05-06T09:50:00Z,NEM,TAS1,96.26,1199.65
2026-05-06T09:50:00Z,NEM,VIC1,-0.1,6412.25
2026-05-06T09:55:00Z,NEM,NSW1,86.52,8616.33
2026-05-06T09:55:00Z,NEM,QLD1,103.98,7242.08
2026-05-06T09:55:00Z,NEM,SA1,38.99,1802.92
2026-05-06T09:55:00Z,NEM,TAS1,96.26,1211.49
2026-05-06T09:55:00Z,NEM,VIC1,-0.1,6377.68
2026-05-06T10:00:00Z,NEM,NSW1,82.36,8538.32
2026-05-06T10:00:00Z,NEM,QLD1,109.88,7271.6
2026-05-06T10:00:00Z,NEM,SA1,36.84,1792.8
2026-05-06T10:00:00Z,NEM,TAS1,96.26,1200.45
2026-05-06T10:00:00Z,NEM,VIC1,-0.1,6352.33
2026-05-06T10:05:00Z,NEM,NSW1,63.93,8520.09
2026-05-06T10:05:00Z,NEM,QLD1,102.22,7199.26
2026-05-06T10:05:00Z,NEM,SA1,28.75,1793.2
2026-05-06T10:05:00Z,NEM,TAS1,96.26,1195.82
2026-05-06T10:05:00Z,NEM,VIC1,-0.1,6319.62
2026-05-06T10:10:00Z,NEM,NSW1,82.12,8566.08
2026-05-06T10:10:00Z,NEM,QLD1,103.98,7212.87
2026-05-06T10:10:00Z,NEM,SA1,37.22,1814.05
2026-05-06T10:10:00Z,NEM,TAS1,96.26,1194.67
2026-05-06T10:10:00Z,NEM,VIC1,-0.1,6223.89
2026-05-06T10:15:00Z,NEM,NSW1,81.99,8505.92
2026-05-06T10:15:00Z,NEM,QLD1,102.22,7191.6
2026-05-06T10:15:00Z,NEM,SA1,37.15,1797.39
2026-05-06T10:15:00Z,NEM,TAS1,96.26,1196.74
2026-05-06T10:15:00Z,NEM,VIC1,0.01,6201.72
2026-05-06T10:20:00Z,NEM,NSW1,85.09,8541.59
2026-05-06T10:20:00Z,NEM,QLD1,94.66,7138.89
2026-05-06T10:20:00Z,NEM,SA1,38.58,1790.42
2026-05-06T10:20:00Z,NEM,TAS1,96.24,1189.51
2026-05-06T10:20:00Z,NEM,VIC1,0.01,6191.72
2026-05-06T10:25:00Z,NEM,NSW1,74.99,8464.04
2026-05-06T10:25:00Z,NEM,QLD1,92.73,7105.4
2026-05-06T10:25:00Z,NEM,SA1,36.72,1776.92
2026-05-06T10:25:00Z,NEM,TAS1,96.24,1181.73
2026-05-06T10:25:00Z,NEM,VIC1,5.33,6234.12
2026-05-06T10:30:00Z,NEM,NSW1,73.4,8455.0
2026-05-06T10:30:00Z,NEM,QLD1,91.62,7024.33
2026-05-06T10:30:00Z,NEM,SA1,37.7,1751.26
2026-05-06T10:30:00Z,NEM,TAS1,96.24,1184.24
2026-05-06T10:30:00Z,NEM,VIC1,9.0,6244.5
2026-05-06T10:35:00Z,NEM,NSW1,84.85,8391.86
2026-05-06T10:35:00Z,NEM,QLD1,92.73,7076.76
2026-05-06T10:35:00Z,NEM,SA1,42.98,1758.57
2026-05-06T10:35:00Z,NEM,TAS1,96.26,1172.14
2026-05-06T10:35:00Z,NEM,VIC1,9.0,6178.4
2026-05-06T10:40:00Z,NEM,NSW1,83.83,8356.27
2026-05-06T10:40:00Z,NEM,QLD1,91.62,7088.84
2026-05-06T10:40:00Z,NEM,SA1,40.82,1746.3
2026-05-06T10:40:00Z,NEM,TAS1,88.22,1072.45
2026-05-06T10:40:00Z,NEM,VIC1,5.33,6215.97
2026-05-06T10:45:00Z,NEM,NSW1,84.79,8335.73
2026-05-06T10:45:00Z,NEM,QLD1,92.5,7083.5
2026-05-06T10:45:00Z,NEM,SA1,40.84,1734.61
2026-05-06T10:45:00Z,NEM,TAS1,88.22,1061.18
2026-05-06T10:45:00Z,NEM,VIC1,4.55,6181.15
2026-05-06T10:50:00Z,NEM,NSW1,84.79,8310.74
2026-05-06T10:50:00Z,NEM,QLD1,92.5,7087.07
2026-05-06T10:50:00Z,NEM,SA1,38.28,1727.95
2026-05-06T10:50:00Z,NEM,TAS1,88.22,1061.4
2026-05-06T10:50:00Z,NEM,VIC1,-0.1,6075.03
2026-05-06T10:55:00Z,NEM,NSW1,83.75,8254.07
2026-05-06T10:55:00Z,NEM,QLD1,92.1,7130.68
2026-05-06T10:55:00Z,NEM,SA1,37.67,1721.92
2026-05-06T10:55:00Z,NEM,TAS1,106.26,1153.45
2026-05-06T10:55:00Z,NEM,VIC1,-0.1,6013.03
2026-05-06T11:00:00Z,NEM,NSW1,83.45,8275.36
2026-05-06T11:00:00Z,NEM,QLD1,91.62,7039.08
2026-05-06T11:00:00Z,NEM,SA1,37.55,1704.47
2026-05-06T11:00:00Z,NEM,TAS1,106.14,1155.99
2026-05-06T11:00:00Z,NEM,VIC1,-0.1,6001.24
2026-05-06T11:05:00Z,NEM,NSW1,100.05,8254.66
2026-05-06T11:05:00Z,NEM,QLD1,109.88,7018.54
2026-05-06T11:05:00Z,NEM,SA1,45.15,1713.3
2026-05-06T11:05:00Z,NEM,TAS1,96.26,1143.37
2026-05-06T11:05:00Z,NEM,VIC1,-0.1,5950.0
2026-05-06T11:10:00Z,NEM,NSW1,87.4,8187.02
2026-05-06T11:10:00Z,NEM,QLD1,109.88,7010.41
2026-05-06T11:10:00Z,NEM,SA1,39.37,1710.12
2026-05-06T11:10:00Z,NEM,TAS1,96.26,1138.83
2026-05-06T11:10:00Z,NEM,VIC1,-0.1,5929.63
2026-05-06T11:15:00Z,NEM,NSW1,90.02,8140.39
2026-05-06T11:15:00Z,NEM,QLD1,98.99,6963.14
2026-05-06T11:15:00Z,NEM,SA1,40.77,1693.26
2026-05-06T11:15:00Z,NEM,TAS1,96.26,1147.45
2026-05-06T11:15:00Z,NEM,VIC1,-0.1,5884.0
2026-05-06T11:20:00Z,NEM,NSW1,84.79,8127.93
2026-05-06T11:20:00Z,NEM,QLD1,92.87,6915.79
2026-05-06T11:20:00Z,NEM,SA1,38.45,1700.8
2026-05-06T11:20:00Z,NEM,TAS1,96.24,1135.51
2026-05-06T11:20:00Z,NEM,VIC1,-0.05,5867.49
2026-05-06T11:25:00Z,NEM,NSW1,90.02,8112.99
2026-05-06T11:25:00Z,NEM,QLD1,104.75,7023.27
2026-05-06T11:25:00Z,NEM,SA1,40.67,1685.92
2026-05-06T11:25:00Z,NEM,TAS1,96.26,1121.52
2026-05-06T11:25:00Z,NEM,VIC1,-0.05,5850.13
2026-05-06T11:30:00Z,NEM,NSW1,67.26,8054.41
2026-05-06T11:30:00Z,NEM,QLD1,72.83,6944.37
2026-05-06T11:30:00Z,NEM,SA1,30.39,1682.09
2026-05-06T11:30:00Z,NEM,TAS1,96.26,1128.09
2026-05-06T11:30:00Z,NEM,VIC1,-0.05,5842.0
2026-05-06T11:35:00Z,NEM,NSW1,76.99,8003.2
2026-05-06T11:35:00Z,NEM,QLD1,82.34,6930.04
2026-05-06T11:35:00Z,NEM,SA1,34.88,1666.71
2026-05-06T11:35:00Z,NEM,TAS1,96.24,1114.81
2026-05-06T11:35:00Z,NEM,VIC1,0.01,5844.6
2026-05-06T11:40:00Z,NEM,NSW1,76.99,8008.78
2026-05-06T11:40:00Z,NEM,QLD1,82.35,6932.22
2026-05-06T11:40:00Z,NEM,SA1,34.68,1650.5
2026-05-06T11:40:00Z,NEM,TAS1,96.24,1112.4
2026-05-06T11:40:00Z,NEM,VIC1,0.01,5786.78
2026-05-06T11:45:00Z,NEM,NSW1,79.0,7973.07
2026-05-06T11:45:00Z,NEM,QLD1,86.05,6945.41
2026-05-06T11:45:00Z,NEM,SA1,35.37,1631.98
2026-05-06T11:45:00Z,NEM,TAS1,96.24,1118.14
2026-05-06T11:45:00Z,NEM,VIC1,-0.05,5682.71
2026-05-06T11:50:00Z,NEM,NSW1,77.09,7933.51
2026-05-06T11:50:00Z,NEM,QLD1,83.29,6831.84
2026-05-06T11:50:00Z,NEM,SA1,34.37,1635.22
2026-05-06T11:50:00Z,NEM,TAS1,96.26,1111.43
2026-05-06T11:50:00Z,NEM,VIC1,0.01,5632.48
2026-05-06T11:55:00Z,NEM,NSW1,76.99,7887.94
2026-05-06T11:55:00Z,NEM,QLD1,83.67,6819.15
2026-05-06T11:55:00Z,NEM,SA1,15.67,1613.8
2026-05-06T11:55:00Z,NEM,TAS1,88.22,1101.01
2026-05-06T11:55:00Z,NEM,VIC1,0.01,5652.8
2026-05-06T12:00:00Z,NEM,NSW1,76.84,7812.48
2026-05-06T12:00:00Z,NEM,QLD1,82.74,6834.33
2026-05-06T12:00:00Z,NEM,SA1,34.32,1607.41
2026-05-06T12:00:00Z,NEM,TAS1,96.24,1087.01
2026-05-06T12:00:00Z,NEM,VIC1,0.01,5631.58
2026-05-06T12:05:00Z,NEM,NSW1,71.68,7765.83
2026-05-06T12:05:00Z,NEM,QLD1,105.95,6684.31
2026-05-06T12:05:00Z,NEM,SA1,0.01,1583.56
2026-05-06T12:05:00Z,NEM,TAS1,88.22,1084.79
2026-05-06T12:05:00Z,NEM,VIC1,0.01,5485.37
2026-05-06T12:10:00Z,NEM,NSW1,86.81,7858.08
2026-05-06T12:10:00Z,NEM,QLD1,105.95,6739.74
2026-05-06T12:10:00Z,NEM,SA1,8.53,1576.85
2026-05-06T12:10:00Z,NEM,TAS1,88.22,1083.56
2026-05-06T12:10:00Z,NEM,VIC1,0.01,5523.96
2026-05-06T12:15:00Z,NEM,NSW1,84.79,7855.17
2026-05-06T12:15:00Z,NEM,QLD1,92.98,6661.11
2026-05-06T12:15:00Z,NEM,SA1,16.84,1604.44
2026-05-06T12:15:00Z,NEM,TAS1,88.22,1089.56
2026-05-06T12:15:00Z,NEM,VIC1,0.01,5461.19
2026-05-06T12:20:00Z,NEM,NSW1,84.79,7873.23
2026-05-06T12:20:00Z,NEM,QLD1,92.93,6613.73
2026-05-06T12:20:00Z,NEM,SA1,14.92,1585.22
2026-05-06T12:20:00Z,NEM,TAS1,88.18,1092.25
2026-05-06T12:20:00Z,NEM,VIC1,4.55,5419.53
2026-05-06T12:25:00Z,NEM,NSW1,79.0,7843.6
2026-05-06T12:25:00Z,NEM,QLD1,84.93,6517.91
2026-05-06T12:25:00Z,NEM,SA1,14.88,1589.99
2026-05-06T12:25:00Z,NEM,TAS1,88.18,1066.39
2026-05-06T12:25:00Z,NEM,VIC1,4.55,5387.92
2026-05-06T12:30:00Z,NEM,NSW1,77.33,7807.1
2026-05-06T12:30:00Z,NEM,QLD1,82.5,6417.07
2026-05-06T12:30:00Z,NEM,SA1,8.51,1561.18
2026-05-06T12:30:00Z,NEM,TAS1,88.18,1058.7
2026-05-06T12:30:00Z,NEM,VIC1,4.55,5295.09
2026-05-06T12:35:00Z,NEM,NSW1,76.99,7770.53
2026-05-06T12:35:00Z,NEM,QLD1,82.5,6422.26
2026-05-06T12:35:00Z,NEM,SA1,4.72,1561.08
2026-05-06T12:35:00Z,NEM,TAS1,88.18,1068.24
2026-05-06T12:35:00Z,NEM,VIC1,4.55,5258.49
2026-05-06T12:40:00Z,NEM,NSW1,76.99,7728.67
2026-05-06T12:40:00Z,NEM,QLD1,83.17,6468.78
2026-05-06T12:40:00Z,NEM,SA1,4.63,1520.63
2026-05-06T12:40:00Z,NEM,TAS1,88.18,1086.57
2026-05-06T12:40:00Z,NEM,VIC1,4.55,5222.53
2026-05-06T12:45:00Z,NEM,NSW1,75.07,7711.61
2026-05-06T12:45:00Z,NEM,QLD1,92.5,6467.26
2026-05-06T12:45:00Z,NEM,SA1,7.97,1504.58
2026-05-06T12:45:00Z,NEM,TAS1,88.18,1089.58
2026-05-06T12:45:00Z,NEM,VIC1,7.9,5248.37
2026-05-06T12:50:00Z,NEM,NSW1,57.51,7666.21
2026-05-06T12:50:00Z,NEM,QLD1,94.66,6375.62
2026-05-06T12:50:00Z,NEM,SA1,4.55,1498.03
2026-05-06T12:50:00Z,NEM,TAS1,88.18,1090.13
2026-05-06T12:50:00Z,NEM,VIC1,4.55,5212.62
2026-05-06T12:55:00Z,NEM,NSW1,76.99,7667.25
2026-05-06T12:55:00Z,NEM,QLD1,82.5,6249.23
2026-05-06T12:55:00Z,NEM,SA1,4.53,1486.1
2026-05-06T12:55:00Z,NEM,TAS1,88.18,1090.28
2026-05-06T12:55:00Z,NEM,VIC1,4.55,5131.17
2026-05-06T13:00:00Z,NEM,NSW1,64.97,7661.8
2026-05-06T13:00:00Z,NEM,QLD1,117.73,6269.67
2026-05-06T13:00:00Z,NEM,SA1,1.09,1473.49
2026-05-06T13:00:00Z,NEM,TAS1,88.16,1083.92
2026-05-06T13:00:00Z,NEM,VIC1,1.11,5069.0
2026-05-06T13:05:00Z,NEM,NSW1,63.64,7537.91
2026-05-06T13:05:00Z,NEM,QLD1,105.95,6273.0
2026-05-06T13:05:00Z,NEM,SA1,1.11,1465.65
2026-05-06T13:05:00Z,NEM,TAS1,88.18,1072.0
2026-05-06T13:05:00Z,NEM,VIC1,1.14,5152.84
2026-05-06T13:10:00Z,NEM,NSW1,66.81,7607.69
2026-05-06T13:10:00Z,NEM,QLD1,117.73,6255.96
2026-05-06T13:10:00Z,NEM,SA1,4.48,1474.21
2026-05-06T13:10:00Z,NEM,TAS1,88.18,1075.18
2026-05-06T13:10:00Z,NEM,VIC1,4.55,5208.85
2026-05-06T13:15:00Z,NEM,NSW1,63.18,7592.67
2026-05-06T13:15:00Z,NEM,QLD1,111.29,6226.27
2026-05-06T13:15:00Z,NEM,SA1,1.08,1440.3
2026-05-06T13:15:00Z,NEM,TAS1,88.18,1058.82
2026-05-06T13:15:00Z,NEM,VIC1,1.14,5289.62
2026-05-06T13:20:00Z,NEM,NSW1,57.51,7504.26
2026-05-06T13:20:00Z,NEM,QLD1,102.16,6227.3
2026-05-06T13:20:00Z,NEM,SA1,0.01,1444.79
2026-05-06T13:20:00Z,NEM,TAS1,88.1,1045.64
2026-05-06T13:20:00Z,NEM,VIC1,0.01,5249.76
2026-05-06T13:25:00Z,NEM,NSW1,57.51,7468.23
2026-05-06T13:25:00Z,NEM,QLD1,94.66,6158.91
2026-05-06T13:25:00Z,NEM,SA1,-0.05,1444.39
2026-05-06T13:25:00Z,NEM,TAS1,86.95,1012.92
2026-05-06T13:25:00Z,NEM,VIC1,-0.05,5205.76
2026-05-06T13:30:00Z,NEM,NSW1,57.51,7513.15
2026-05-06T13:30:00Z,NEM,QLD1,94.66,6159.01
2026-05-06T13:30:00Z,NEM,SA1,-0.1,1451.91
2026-05-06T13:30:00Z,NEM,TAS1,86.9,1000.01
2026-05-06T13:30:00Z,NEM,VIC1,-0.1,5173.44
2026-05-06T13:35:00Z,NEM,NSW1,65.23,7470.87
2026-05-06T13:35:00Z,NEM,QLD1,82.5,6093.52
2026-05-06T13:35:00Z,NEM,SA1,-1.02,1469.33
2026-05-06T13:35:00Z,NEM,TAS1,86.9,993.41
2026-05-06T13:35:00Z,NEM,VIC1,-0.1,5171.43
2026-05-06T13:40:00Z,NEM,NSW1,72.73,7441.23
2026-05-06T13:40:00Z,NEM,QLD1,82.5,6116.34
2026-05-06T13:40:00Z,NEM,SA1,1.1,1509.12
2026-05-06T13:40:00Z,NEM,TAS1,86.9,989.83
2026-05-06T13:40:00Z,NEM,VIC1,-0.1,5168.49
2026-05-06T13:45:00Z,NEM,NSW1,57.51,7370.44
2026-05-06T13:45:00Z,NEM,QLD1,102.17,6193.93
2026-05-06T13:45:00Z,NEM,SA1,-0.1,1494.48
2026-05-06T13:45:00Z,NEM,TAS1,86.89,983.91
2026-05-06T13:45:00Z,NEM,VIC1,-0.1,5133.52
2026-05-06T13:50:00Z,NEM,NSW1,59.46,7391.67
2026-05-06T13:50:00Z,NEM,QLD1,81.83,6073.84
2026-05-06T13:50:00Z,NEM,SA1,-0.1,1486.62
2026-05-06T13:50:00Z,NEM,TAS1,86.89,977.9
2026-05-06T13:50:00Z,NEM,VIC1,-0.1,5049.51
2026-05-06T13:55:00Z,NEM,NSW1,57.51,7355.51
2026-05-06T13:55:00Z,NEM,QLD1,82.5,6050.45
2026-05-06T13:55:00Z,NEM,SA1,-0.05,1472.34
2026-05-06T13:55:00Z,NEM,TAS1,86.95,981.4
2026-05-06T13:55:00Z,NEM,VIC1,-0.05,5073.82
2026-05-06T14:00:00Z,NEM,NSW1,59.48,7369.8
2026-05-06T14:00:00Z,NEM,QLD1,81.83,6027.52
2026-05-06T14:00:00Z,NEM,SA1,0.01,1464.76
2026-05-06T14:00:00Z,NEM,TAS1,87.01,976.83
2026-05-06T14:00:00Z,NEM,VIC1,0.01,5052.28
2026-05-06T14:05:00Z,NEM,NSW1,68.59,7284.96
2026-05-06T14:05:00Z,NEM,QLD1,117.73,6010.68
2026-05-06T14:05:00Z,NEM,SA1,0.01,1468.93
2026-05-06T14:05:00Z,NEM,TAS1,87.01,988.43
2026-05-06T14:05:00Z,NEM,VIC1,0.01,4996.77
2026-05-06T14:10:00Z,NEM,NSW1,85.42,7340.85
2026-05-06T14:10:00Z,NEM,QLD1,95.82,5965.39
2026-05-06T14:10:00Z,NEM,SA1,1.06,1475.31
2026-05-06T14:10:00Z,NEM,TAS1,88.1,988.61
2026-05-06T14:10:00Z,NEM,VIC1,1.05,5020.95
2026-05-06T14:15:00Z,NEM,NSW1,84.9,7361.97
2026-05-06T14:15:00Z,NEM,QLD1,92.5,5941.59
2026-05-06T14:15:00Z,NEM,SA1,-0.05,1448.12
2026-05-06T14:15:00Z,NEM,TAS1,86.95,988.52
2026-05-06T14:15:00Z,NEM,VIC1,-0.05,4905.67
2026-05-06T14:20:00Z,NEM,NSW1,71.06,7311.28
2026-05-06T14:20:00Z,NEM,QLD1,95.82,5944.79
2026-05-06T14:20:00Z,NEM,SA1,-0.05,1476.48
2026-05-06T14:20:00Z,NEM,TAS1,86.95,985.93
2026-05-06T14:20:00Z,NEM,VIC1,-0.05,4838.47
2026-05-06T14:25:00Z,NEM,NSW1,76.99,7298.42
2026-05-06T14:25:00Z,NEM,QLD1,83.29,5901.47
2026-05-06T14:25:00Z,NEM,SA1,1.06,1463.58
2026-05-06T14:25:00Z,NEM,TAS1,88.1,982.98
2026-05-06T14:25:00Z,NEM,VIC1,1.05,4814.76
2026-05-06T14:30:00Z,NEM,NSW1,72.63,7292.09
2026-05-06T14:30:00Z,NEM,QLD1,101.83,5865.52
2026-05-06T14:30:00Z,NEM,SA1,4.62,1475.05
2026-05-06T14:30:00Z,NEM,TAS1,88.16,972.73
2026-05-06T14:30:00Z,NEM,VIC1,4.55,4841.3
2026-05-06T14:35:00Z,NEM,NSW1,90.0,7287.1
2026-05-06T14:35:00Z,NEM,QLD1,97.25,5832.98
2026-05-06T14:35:00Z,NEM,SA1,8.5,1478.03
2026-05-06T14:35:00Z,NEM,TAS1,88.22,979.42
2026-05-06T14:35:00Z,NEM,VIC1,8.52,4835.2
2026-05-06T14:40:00Z,NEM,NSW1,71.98,7193.09
2026-05-06T14:40:00Z,NEM,QLD1,103.97,5845.79
2026-05-06T14:40:00Z,NEM,SA1,4.53,1487.76
2026-05-06T14:40:00Z,NEM,TAS1,88.16,968.54
2026-05-06T14:40:00Z,NEM,VIC1,4.55,4744.42
2026-05-06T14:45:00Z,NEM,NSW1,76.99,7158.67
2026-05-06T14:45:00Z,NEM,QLD1,82.5,5791.95
2026-05-06T14:45:00Z,NEM,SA1,4.54,1462.63
2026-05-06T14:45:00Z,NEM,TAS1,88.16,963.18
2026-05-06T14:45:00Z,NEM,VIC1,4.55,4802.82
2026-05-06T14:50:00Z,NEM,NSW1,77.03,7159.41
2026-05-06T14:50:00Z,NEM,QLD1,82.94,5820.72
2026-05-06T14:50:00Z,NEM,SA1,4.59,1493.07
2026-05-06T14:50:00Z,NEM,TAS1,88.16,964.73
2026-05-06T14:50:00Z,NEM,VIC1,4.55,4755.1
2026-05-06T14:55:00Z,NEM,NSW1,76.99,7140.45
2026-05-06T14:55:00Z,NEM,QLD1,82.5,5792.54
2026-05-06T14:55:00Z,NEM,SA1,1.13,1487.63
2026-05-06T14:55:00Z,NEM,TAS1,88.16,974.72
2026-05-06T14:55:00Z,NEM,VIC1,1.12,4751.64
2026-05-06T15:00:00Z,NEM,NSW1,76.99,7118.41
2026-05-06T15:00:00Z,NEM,QLD1,82.62,5805.91
2026-05-06T15:00:00Z,NEM,SA1,0.01,1463.59
2026-05-06T15:00:00Z,NEM,TAS1,87.01,972.26
2026-05-06T15:00:00Z,NEM,VIC1,0.01,4646.17
2026-05-06T15:05:00Z,NEM,NSW1,84.79,7061.24
2026-05-06T15:05:00Z,NEM,QLD1,91.96,5742.71
2026-05-06T15:05:00Z,NEM,SA1,0.0,1463.9
2026-05-06T15:05:00Z,NEM,TAS1,87.0,969.61
2026-05-06T15:05:00Z,NEM,VIC1,0.0,4576.79
2026-05-06T15:10:00Z,NEM,NSW1,84.79,7051.26
2026-05-06T15:10:00Z,NEM,QLD1,91.98,5761.74
2026-05-06T15:10:00Z,NEM,SA1,-0.05,1461.58
2026-05-06T15:10:00Z,NEM,TAS1,86.95,968.76
2026-05-06T15:10:00Z,NEM,VIC1,-0.05,4572.83
2026-05-06T15:15:00Z,NEM,NSW1,84.79,7008.24
2026-05-06T15:15:00Z,NEM,QLD1,92.73,5770.04
2026-05-06T15:15:00Z,NEM,SA1,0.0,1449.45
2026-05-06T15:15:00Z,NEM,TAS1,87.0,964.34
2026-05-06T15:15:00Z,NEM,VIC1,0.0,4633.23
2026-05-06T15:20:00Z,NEM,NSW1,84.79,6969.35
2026-05-06T15:20:00Z,NEM,QLD1,92.73,5749.8
2026-05-06T15:20:00Z,NEM,SA1,-0.05,1449.8
2026-05-06T15:20:00Z,NEM,TAS1,86.95,963.29
2026-05-06T15:20:00Z,NEM,VIC1,-0.05,4592.66
2026-05-06T15:25:00Z,NEM,NSW1,76.99,6921.74
2026-05-06T15:25:00Z,NEM,QLD1,83.39,5690.54
2026-05-06T15:25:00Z,NEM,SA1,-0.02,1471.17
2026-05-06T15:25:00Z,NEM,TAS1,86.98,968.94
2026-05-06T15:25:00Z,NEM,VIC1,-0.02,4507.29
2026-05-06T15:30:00Z,NEM,NSW1,84.79,6889.96
2026-05-06T15:30:00Z,NEM,QLD1,92.37,5690.8
2026-05-06T15:30:00Z,NEM,SA1,0.0,1461.22
2026-05-06T15:30:00Z,NEM,TAS1,87.0,963.71
2026-05-06T15:30:00Z,NEM,VIC1,0.0,4518.07
2026-05-06T15:35:00Z,NEM,NSW1,85.51,6847.7
2026-05-06T15:35:00Z,NEM,QLD1,92.5,5632.24
2026-05-06T15:35:00Z,NEM,SA1,0.16,1462.94
2026-05-06T15:35:00Z,NEM,TAS1,87.16,969.33
2026-05-06T15:35:00Z,NEM,VIC1,0.15,4531.47
2026-05-06T15:40:00Z,NEM,NSW1,84.79,6819.45
2026-05-06T15:40:00Z,NEM,QLD1,92.2,5592.02
2026-05-06T15:40:00Z,NEM,SA1,0.01,1461.15
2026-05-06T15:40:00Z,NEM,TAS1,87.01,953.29
2026-05-06T15:40:00Z,NEM,VIC1,0.01,4541.35
2026-05-06T15:45:00Z,NEM,NSW1,84.79,6791.68
2026-05-06T15:45:00Z,NEM,QLD1,92.78,5612.17
2026-05-06T15:45:00Z,NEM,SA1,0.01,1443.26
2026-05-06T15:45:00Z,NEM,TAS1,87.01,933.73
2026-05-06T15:45:00Z,NEM,VIC1,0.01,4514.59
2026-05-06T15:50:00Z,NEM,NSW1,86.75,6737.93
2026-05-06T15:50:00Z,NEM,QLD1,105.95,5648.43
2026-05-06T15:50:00Z,NEM,SA1,0.01,1453.33
2026-05-06T15:50:00Z,NEM,TAS1,87.01,945.84
2026-05-06T15:50:00Z,NEM,VIC1,0.01,4399.84
2026-05-06T15:55:00Z,NEM,NSW1,84.79,6727.63
2026-05-06T15:55:00Z,NEM,QLD1,92.77,5595.15
2026-05-06T15:55:00Z,NEM,SA1,0.0,1455.23
2026-05-06T15:55:00Z,NEM,TAS1,75.0,941.57
2026-05-06T15:55:00Z,NEM,VIC1,0.0,4381.04
2026-05-06T16:00:00Z,NEM,NSW1,86.77,6722.59
2026-05-06T16:00:00Z,NEM,QLD1,105.95,5603.83
2026-05-06T16:00:00Z,NEM,SA1,0.01,1461.07
2026-05-06T16:00:00Z,NEM,TAS1,75.01,928.15
2026-05-06T16:00:00Z,NEM,VIC1,0.01,4319.58
2026-05-06T16:05:00Z,NEM,NSW1,88.71,6696.27
2026-05-06T16:05:00Z,NEM,QLD1,117.73,5599.29
2026-05-06T16:05:00Z,NEM,SA1,0.01,1451.82
2026-05-06T16:05:00Z,NEM,TAS1,75.01,933.93
2026-05-06T16:05:00Z,NEM,VIC1,0.01,4390.13
2026-05-06T16:10:00Z,NEM,NSW1,71.89,6642.94
2026-05-06T16:10:00Z,NEM,QLD1,105.95,5624.01
2026-05-06T16:10:00Z,NEM,SA1,0.0,1440.73
2026-05-06T16:10:00Z,NEM,TAS1,75.0,934.74
2026-05-06T16:10:00Z,NEM,VIC1,0.0,4331.56
2026-05-06T16:15:00Z,NEM,NSW1,71.06,6640.1
2026-05-06T16:15:00Z,NEM,QLD1,105.95,5593.5
2026-05-06T16:15:00Z,NEM,SA1,0.0,1444.91
2026-05-06T16:15:00Z,NEM,TAS1,87.0,946.92
2026-05-06T16:15:00Z,NEM,VIC1,0.0,4256.03
2026-05-06T16:20:00Z,NEM,NSW1,71.76,6618.33
2026-05-06T16:20:00Z,NEM,QLD1,105.95,5625.47
2026-05-06T16:20:00Z,NEM,SA1,8.5,1435.55
2026-05-06T16:20:00Z,NEM,TAS1,88.1,954.69
2026-05-06T16:20:00Z,NEM,VIC1,8.29,4355.23
2026-05-06T16:25:00Z,NEM,NSW1,76.99,6615.24
2026-05-06T16:25:00Z,NEM,QLD1,83.13,5568.7
2026-05-06T16:25:00Z,NEM,SA1,8.53,1416.83
2026-05-06T16:25:00Z,NEM,TAS1,88.1,959.96
2026-05-06T16:25:00Z,NEM,VIC1,8.49,4376.32
2026-05-06T16:30:00Z,NEM,NSW1,76.99,6548.5
2026-05-06T16:30:00Z,NEM,QLD1,84.09,5548.71
2026-05-06T16:30:00Z,NEM,SA1,8.53,1396.04
2026-05-06T16:30:00Z,NEM,TAS1,88.1,976.08
2026-05-06T16:30:00Z,NEM,VIC1,8.54,4393.3
2026-05-06T16:35:00Z,NEM,NSW1,88.2,6534.48
2026-05-06T16:35:00Z,NEM,QLD1,115.02,5600.74
2026-05-06T16:35:00Z,NEM,SA1,1.19,1366.24
2026-05-06T16:35:00Z,NEM,TAS1,88.22,988.54
2026-05-06T16:35:00Z,NEM,VIC1,1.17,4388.4
2026-05-06T16:40:00Z,NEM,NSW1,88.22,6511.92
2026-05-06T16:40:00Z,NEM,QLD1,115.02,5549.27
2026-05-06T16:40:00Z,NEM,SA1,4.61,1369.84
2026-05-06T16:40:00Z,NEM,TAS1,79.0,991.01
2026-05-06T16:40:00Z,NEM,VIC1,4.55,4307.68
2026-05-06T16:45:00Z,NEM,NSW1,86.78,6516.23
2026-05-06T16:45:00Z,NEM,QLD1,105.95,5603.75
2026-05-06T16:45:00Z,NEM,SA1,4.65,1381.53
2026-05-06T16:45:00Z,NEM,TAS1,78.99,994.1
2026-05-06T16:45:00Z,NEM,VIC1,4.55,4306.8
2026-05-06T16:50:00Z,NEM,NSW1,84.79,6531.57
2026-05-06T16:50:00Z,NEM,QLD1,92.73,5556.25
2026-05-06T16:50:00Z,NEM,SA1,4.65,1382.84
2026-05-06T16:50:00Z,NEM,TAS1,78.97,978.9
2026-05-06T16:50:00Z,NEM,VIC1,4.55,4332.55
2026-05-06T16:55:00Z,NEM,NSW1,88.99,6478.15
2026-05-06T16:55:00Z,NEM,QLD1,120.66,5607.36
2026-05-06T16:55:00Z,NEM,SA1,4.63,1381.03
2026-05-06T16:55:00Z,NEM,TAS1,79.07,975.33
2026-05-06T16:55:00Z,NEM,VIC1,4.55,4306.51
2026-05-06T17:00:00Z,NEM,NSW1,76.04,6486.96
2026-05-06T17:00:00Z,NEM,QLD1,82.62,5608.36
2026-05-06T17:00:00Z,NEM,SA1,4.57,1369.69
2026-05-06T17:00:00Z,NEM,TAS1,79.7,974.63
2026-05-06T17:00:00Z,NEM,VIC1,4.55,4291.81
2026-05-06T17:05:00Z,NEM,NSW1,80.03,6453.96
2026-05-06T17:05:00Z,NEM,QLD1,88.01,5576.53
2026-05-06T17:05:00Z,NEM,SA1,4.59,1362.27
2026-05-06T17:05:00Z,NEM,TAS1,79.07,971.98
2026-05-06T17:05:00Z,NEM,VIC1,4.55,4318.89
2026-05-06T17:10:00Z,NEM,NSW1,76.99,6477.7
2026-05-06T17:10:00Z,NEM,QLD1,83.61,5587.99
2026-05-06T17:10:00Z,NEM,SA1,8.51,1365.27
2026-05-06T17:10:00Z,NEM,TAS1,83.09,981.11
2026-05-06T17:10:00Z,NEM,VIC1,8.53,4366.96
2026-05-06T17:15:00Z,NEM,NSW1,76.99,6529.59
2026-05-06T17:15:00Z,NEM,QLD1,82.5,5550.53
2026-05-06T17:15:00Z,NEM,SA1,4.56,1352.41
2026-05-06T17:15:00Z,NEM,TAS1,78.97,981.21
2026-05-06T17:15:00Z,NEM,VIC1,4.55,4305.3
2026-05-06T17:20:00Z,NEM,NSW1,76.99,6504.4
2026-05-06T17:20:00Z,NEM,QLD1,82.62,5572.97
2026-05-06T17:20:00Z,NEM,SA1,4.58,1356.68
2026-05-06T17:20:00Z,NEM,TAS1,78.94,978.46
2026-05-06T17:20:00Z,NEM,VIC1,4.55,4338.05
2026-05-06T17:25:00Z,NEM,NSW1,76.99,6474.89
2026-05-06T17:25:00Z,NEM,QLD1,82.6,5583.59
2026-05-06T17:25:00Z,NEM,SA1,4.76,1376.39
2026-05-06T17:25:00Z,NEM,TAS1,78.96,972.57
2026-05-06T17:25:00Z,NEM,VIC1,4.55,4306.84
2026-05-06T17:30:00Z,NEM,NSW1,76.99,6453.88
2026-05-06T17:30:00Z,NEM,QLD1,83.67,5642.47
2026-05-06T17:30:00Z,NEM,SA1,4.77,1367.98
2026-05-06T17:30:00Z,NEM,TAS1,78.94,968.6
2026-05-06T17:30:00Z,NEM,VIC1,4.55,4334.1
2026-05-06T17:35:00Z,NEM,NSW1,90.0,6476.95
2026-05-06T17:35:00Z,NEM,QLD1,115.02,5641.5
2026-05-06T17:35:00Z,NEM,SA1,-0.05,1351.05
2026-05-06T17:35:00Z,NEM,TAS1,74.23,970.42
2026-05-06T17:35:00Z,NEM,VIC1,-0.05,4339.35
2026-05-06T17:40:00Z,NEM,NSW1,71.87,6454.74
2026-05-06T17:40:00Z,NEM,QLD1,105.95,5625.01
2026-05-06T17:40:00Z,NEM,SA1,0.0,1368.14
2026-05-06T17:40:00Z,NEM,TAS1,74.28,979.51
2026-05-06T17:40:00Z,NEM,VIC1,0.0,4289.39
2026-05-06T17:45:00Z,NEM,NSW1,76.99,6441.01
2026-05-06T17:45:00Z,NEM,QLD1,85.15,5635.96
2026-05-06T17:45:00Z,NEM,SA1,1.06,1372.38
2026-05-06T17:45:00Z,NEM,TAS1,75.4,976.98
2026-05-06T17:45:00Z,NEM,VIC1,1.0,4280.57
2026-05-06T17:50:00Z,NEM,NSW1,75.92,6448.44
2026-05-06T17:50:00Z,NEM,QLD1,82.5,5641.78
2026-05-06T17:50:00Z,NEM,SA1,0.01,1365.78
2026-05-06T17:50:00Z,NEM,TAS1,74.32,978.11
2026-05-06T17:50:00Z,NEM,VIC1,0.01,4319.17
2026-05-06T17:55:00Z,NEM,NSW1,74.5,6426.87
2026-05-06T17:55:00Z,NEM,QLD1,94.99,5617.25
2026-05-06T17:55:00Z,NEM,SA1,8.21,1355.0
2026-05-06T17:55:00Z,NEM,TAS1,88.1,996.17
2026-05-06T17:55:00Z,NEM,VIC1,7.7,4355.88
2026-05-06T18:00:00Z,NEM,NSW1,72.12,6480.4
2026-05-06T18:00:00Z,NEM,QLD1,104.88,5603.48
2026-05-06T18:00:00Z,NEM,SA1,0.01,1331.01
2026-05-06T18:00:00Z,NEM,TAS1,87.01,1000.91
2026-05-06T18:00:00Z,NEM,VIC1,0.01,4303.93
2026-05-06T18:05:00Z,NEM,NSW1,61.99,6411.13
2026-05-06T18:05:00Z,NEM,QLD1,82.5,5651.55
2026-05-06T18:05:00Z,NEM,SA1,1.17,1322.47
2026-05-06T18:05:00Z,NEM,TAS1,88.16,1005.05
2026-05-06T18:05:00Z,NEM,VIC1,1.12,4362.26
2026-05-06T18:10:00Z,NEM,NSW1,67.22,6496.35
2026-05-06T18:10:00Z,NEM,QLD1,94.99,5627.13
2026-05-06T18:10:00Z,NEM,SA1,5.33,1315.83
2026-05-06T18:10:00Z,NEM,TAS1,92.26,1000.37
2026-05-06T18:10:00Z,NEM,VIC1,5.08,4420.83
2026-05-06T18:15:00Z,NEM,NSW1,72.12,6540.05
2026-05-06T18:15:00Z,NEM,QLD1,94.99,5676.37
2026-05-06T18:15:00Z,NEM,SA1,8.53,1331.9
2026-05-06T18:15:00Z,NEM,TAS1,88.16,991.13
2026-05-06T18:15:00Z,NEM,VIC1,8.01,4406.38
2026-05-06T18:20:00Z,NEM,NSW1,75.4,6558.92
2026-05-06T18:20:00Z,NEM,QLD1,82.5,5659.38
2026-05-06T18:20:00Z,NEM,SA1,5.31,1337.63
2026-05-06T18:20:00Z,NEM,TAS1,88.16,987.26
2026-05-06T18:20:00Z,NEM,VIC1,5.08,4439.56
2026-05-06T18:25:00Z,NEM,NSW1,57.51,6526.78
2026-05-06T18:25:00Z,NEM,QLD1,65.96,5697.48
2026-05-06T18:25:00Z,NEM,SA1,5.46,1330.78
2026-05-06T18:25:00Z,NEM,TAS1,88.16,985.32
2026-05-06T18:25:00Z,NEM,VIC1,5.08,4392.62
2026-05-06T18:30:00Z,NEM,NSW1,62.99,6604.49
2026-05-06T18:30:00Z,NEM,QLD1,82.5,5710.0
2026-05-06T18:30:00Z,NEM,SA1,-0.05,1327.86
2026-05-06T18:30:00Z,NEM,TAS1,86.95,987.14
2026-05-06T18:30:00Z,NEM,VIC1,-0.05,4364.7
2026-05-06T18:35:00Z,NEM,NSW1,62.08,6574.68
2026-05-06T18:35:00Z,NEM,QLD1,82.5,5713.39
2026-05-06T18:35:00Z,NEM,SA1,1.15,1348.01
2026-05-06T18:35:00Z,NEM,TAS1,88.14,997.05
2026-05-06T18:35:00Z,NEM,VIC1,1.08,4471.64
2026-05-06T18:40:00Z,NEM,NSW1,67.33,6665.92
2026-05-06T18:40:00Z,NEM,QLD1,94.99,5697.46
2026-05-06T18:40:00Z,NEM,SA1,5.62,1365.24
2026-05-06T18:40:00Z,NEM,TAS1,88.16,1008.24
2026-05-06T18:40:00Z,NEM,VIC1,5.08,4493.81
2026-05-06T18:45:00Z,NEM,NSW1,67.13,6669.46
2026-05-06T18:45:00Z,NEM,QLD1,94.99,5793.69
2026-05-06T18:45:00Z,NEM,SA1,11.44,1381.6
2026-05-06T18:45:00Z,NEM,TAS1,74.26,1011.84
2026-05-06T18:45:00Z,NEM,VIC1,0.0,4455.94
2026-05-06T18:50:00Z,NEM,NSW1,73.3,6748.85
2026-05-06T18:50:00Z,NEM,QLD1,94.99,5760.57
2026-05-06T18:50:00Z,NEM,SA1,9.92,1406.53
2026-05-06T18:50:00Z,NEM,TAS1,83.5,1006.63
2026-05-06T18:50:00Z,NEM,VIC1,8.95,4522.3
2026-05-06T18:55:00Z,NEM,NSW1,74.46,6833.12
2026-05-06T18:55:00Z,NEM,QLD1,94.99,5780.2
2026-05-06T18:55:00Z,NEM,SA1,0.02,1399.94
2026-05-06T18:55:00Z,NEM,TAS1,74.3,1014.07
2026-05-06T18:55:00Z,NEM,VIC1,0.02,4573.35
2026-05-06T19:00:00Z,NEM,NSW1,57.51,6767.05
2026-05-06T19:00:00Z,NEM,QLD1,94.99,5836.06
2026-05-06T19:00:00Z,NEM,SA1,8.53,1406.05
2026-05-06T19:00:00Z,NEM,TAS1,79.52,1026.92
2026-05-06T19:00:00Z,NEM,VIC1,5.08,4657.61
2026-05-06T19:05:00Z,NEM,NSW1,57.51,6823.16
2026-05-06T19:05:00Z,NEM,QLD1,72.75,5836.69
2026-05-06T19:05:00Z,NEM,SA1,11.6,1406.24
2026-05-06T19:05:00Z,NEM,TAS1,79.45,1023.05
2026-05-06T19:05:00Z,NEM,VIC1,5.08,4700.12
2026-05-06T19:10:00Z,NEM,NSW1,65.77,6877.43
2026-05-06T19:10:00Z,NEM,QLD1,94.99,5886.39
2026-05-06T19:10:00Z,NEM,SA1,16.73,1394.36
2026-05-06T19:10:00Z,NEM,TAS1,88.16,1025.08
2026-05-06T19:10:00Z,NEM,VIC1,15.11,4686.99
2026-05-06T19:15:00Z,NEM,NSW1,58.15,6917.61
2026-05-06T19:15:00Z,NEM,QLD1,105.95,5958.32
2026-05-06T19:15:00Z,NEM,SA1,9.85,1387.38
2026-05-06T19:15:00Z,NEM,TAS1,83.39,1024.52
2026-05-06T19:15:00Z,NEM,VIC1,8.95,4731.31
2026-05-06T19:20:00Z,NEM,NSW1,62.11,6939.93
2026-05-06T19:20:00Z,NEM,QLD1,82.5,5905.85
2026-05-06T19:20:00Z,NEM,SA1,15.62,1380.38
2026-05-06T19:20:00Z,NEM,TAS1,88.16,1025.29
2026-05-06T19:20:00Z,NEM,VIC1,14.39,4834.98
2026-05-06T19:25:00Z,NEM,NSW1,69.08,7007.03
2026-05-06T19:25:00Z,NEM,QLD1,117.73,5998.88
2026-05-06T19:25:00Z,NEM,SA1,11.49,1363.96
2026-05-06T19:25:00Z,NEM,TAS1,85.23,1034.29
2026-05-06T19:25:00Z,NEM,VIC1,10.65,4889.91
2026-05-06T19:30:00Z,NEM,NSW1,69.09,6984.39
2026-05-06T19:30:00Z,NEM,QLD1,117.73,6044.98
2026-05-06T19:30:00Z,NEM,SA1,9.62,1374.19
2026-05-06T19:30:00Z,NEM,TAS1,83.51,1051.81
2026-05-06T19:30:00Z,NEM,VIC1,8.94,4839.05
2026-05-06T19:35:00Z,NEM,NSW1,62.04,7059.34
2026-05-06T19:35:00Z,NEM,QLD1,117.73,6058.23
2026-05-06T19:35:00Z,NEM,SA1,9.58,1375.35
2026-05-06T19:35:00Z,NEM,TAS1,83.41,1058.73
2026-05-06T19:35:00Z,NEM,VIC1,8.95,4929.99
2026-05-06T19:40:00Z,NEM,NSW1,59.8,7074.3
2026-05-06T19:40:00Z,NEM,QLD1,111.11,6116.02
2026-05-06T19:40:00Z,NEM,SA1,9.44,1384.59
2026-05-06T19:40:00Z,NEM,TAS1,83.43,1065.5
2026-05-06T19:40:00Z,NEM,VIC1,8.94,4973.02
2026-05-06T19:45:00Z,NEM,NSW1,61.76,7112.72
2026-05-06T19:45:00Z,NEM,QLD1,117.04,6161.92
2026-05-06T19:45:00Z,NEM,SA1,15.13,1377.92
2026-05-06T19:45:00Z,NEM,TAS1,88.16,1073.87
2026-05-06T19:45:00Z,NEM,VIC1,14.23,5048.46
2026-05-06T19:50:00Z,NEM,NSW1,67.6,7165.33
2026-05-06T19:50:00Z,NEM,QLD1,120.73,6153.74
2026-05-06T19:50:00Z,NEM,SA1,16.13,1406.24
2026-05-06T19:50:00Z,NEM,TAS1,88.16,1084.78
2026-05-06T19:50:00Z,NEM,VIC1,15.11,5161.13
2026-05-06T19:55:00Z,NEM,NSW1,62.14,7227.54
2026-05-06T19:55:00Z,NEM,QLD1,117.73,6175.82
2026-05-06T19:55:00Z,NEM,SA1,16.13,1397.04
2026-05-06T19:55:00Z,NEM,TAS1,88.16,1086.28
2026-05-06T19:55:00Z,NEM,VIC1,15.11,5181.98
2026-05-06T20:00:00Z,NEM,NSW1,65.81,7249.16
2026-05-06T20:00:00Z,NEM,QLD1,94.73,6249.09
2026-05-06T20:00:00Z,NEM,SA1,35.04,1408.88
2026-05-06T20:00:00Z,NEM,TAS1,89.84,1118.53
2026-05-06T20:00:00Z,NEM,VIC1,10.65,5284.2
2026-05-06T20:05:00Z,NEM,NSW1,57.51,7397.88
2026-05-06T20:05:00Z,NEM,QLD1,103.12,6226.92
2026-05-06T20:05:00Z,NEM,SA1,20.74,1374.16
2026-05-06T20:05:00Z,NEM,TAS1,93.45,1131.27
2026-05-06T20:05:00Z,NEM,VIC1,8.95,5332.03
2026-05-06T20:10:00Z,NEM,NSW1,59.65,7556.54
2026-05-06T20:10:00Z,NEM,QLD1,119.84,6364.8
2026-05-06T20:10:00Z,NEM,SA1,31.23,1399.91
2026-05-06T20:10:00Z,NEM,TAS1,88.58,1148.36
2026-05-06T20:10:00Z,NEM,VIC1,8.95,5400.76
2026-05-06T20:15:00Z,NEM,NSW1,60.9,7658.16
2026-05-06T20:15:00Z,NEM,QLD1,117.73,6368.05
2026-05-06T20:15:00Z,NEM,SA1,32.37,1392.96
2026-05-06T20:15:00Z,NEM,TAS1,97.18,1138.02
2026-05-06T20:15:00Z,NEM,VIC1,10.65,5595.21
2026-05-06T20:20:00Z,NEM,NSW1,63.02,7705.32
2026-05-06T20:20:00Z,NEM,QLD1,144.55,6468.0
2026-05-06T20:20:00Z,NEM,SA1,35.51,1395.2
2026-05-06T20:20:00Z,NEM,TAS1,106.9,1154.34
2026-05-06T20:20:00Z,NEM,VIC1,15.11,5718.11
2026-05-06T20:25:00Z,NEM,NSW1,76.0,7806.87
2026-05-06T20:25:00Z,NEM,QLD1,177.81,6464.12
2026-05-06T20:25:00Z,NEM,SA1,41.4,1401.58
2026-05-06T20:25:00Z,NEM,TAS1,107.47,1168.83
2026-05-06T20:25:00Z,NEM,VIC1,15.11,5781.71
2026-05-06T20:30:00Z,NEM,NSW1,82.08,7917.5
2026-05-06T20:30:00Z,NEM,QLD1,177.81,6493.65
2026-05-06T20:30:00Z,NEM,SA1,44.02,1411.7
2026-05-06T20:30:00Z,NEM,TAS1,107.47,1181.57
2026-05-06T20:30:00Z,NEM,VIC1,15.11,5883.55
2026-05-06T20:35:00Z,NEM,NSW1,84.57,8045.18
2026-05-06T20:35:00Z,NEM,QLD1,231.7,6491.56
2026-05-06T20:35:00Z,NEM,SA1,42.01,1416.7
2026-05-06T20:35:00Z,NEM,TAS1,96.18,1193.6
2026-05-06T20:35:00Z,NEM,VIC1,8.95,5905.25
2026-05-06T20:40:00Z,NEM,NSW1,80.74,8149.66
2026-05-06T20:40:00Z,NEM,QLD1,177.81,6566.61
2026-05-06T20:40:00Z,NEM,SA1,40.1,1434.93
2026-05-06T20:40:00Z,NEM,TAS1,97.13,1205.22
2026-05-06T20:40:00Z,NEM,VIC1,8.95,6011.09
2026-05-06T20:45:00Z,NEM,NSW1,70.92,8097.09
2026-05-06T20:45:00Z,NEM,QLD1,209.99,6652.1
2026-05-06T20:45:00Z,NEM,SA1,38.67,1449.4
2026-05-06T20:45:00Z,NEM,TAS1,96.2,1218.11
2026-05-06T20:45:00Z,NEM,VIC1,15.11,6218.93
2026-05-06T20:50:00Z,NEM,NSW1,86.61,8252.13
2026-05-06T20:50:00Z,NEM,QLD1,231.7,6577.1
2026-05-06T20:50:00Z,NEM,SA1,45.53,1483.24
2026-05-06T20:50:00Z,NEM,TAS1,97.15,1228.64
2026-05-06T20:50:00Z,NEM,VIC1,15.11,6295.65
2026-05-06T20:55:00Z,NEM,NSW1,88.82,8236.44
2026-05-06T20:55:00Z,NEM,QLD1,119.99,6593.98
2026-05-06T20:55:00Z,NEM,SA1,47.75,1513.24
2026-05-06T20:55:00Z,NEM,TAS1,97.63,1258.28
2026-05-06T20:55:00Z,NEM,VIC1,15.15,6405.9
2026-05-06T21:00:00Z,NEM,NSW1,66.78,8217.25
2026-05-06T21:00:00Z,NEM,QLD1,119.99,6551.83
2026-05-06T21:00:00Z,NEM,SA1,37.23,1527.13
2026-05-06T21:00:00Z,NEM,TAS1,97.63,1264.87
2026-05-06T21:00:00Z,NEM,VIC1,15.15,6472.24
2026-05-06T21:05:00Z,NEM,NSW1,70.58,8384.01
2026-05-06T21:05:00Z,NEM,QLD1,108.0,6553.4
2026-05-06T21:05:00Z,NEM,SA1,46.77,1564.83
2026-05-06T21:05:00Z,NEM,TAS1,96.22,1253.02
2026-05-06T21:05:00Z,NEM,VIC1,29.69,6517.14
2026-05-06T21:10:00Z,NEM,NSW1,68.24,8275.56
2026-05-06T21:10:00Z,NEM,QLD1,92.57,6588.72
2026-05-06T21:10:00Z,NEM,SA1,45.43,1581.89
2026-05-06T21:10:00Z,NEM,TAS1,96.2,1253.58
2026-05-06T21:10:00Z,NEM,VIC1,29.69,6665.46
2026-05-06T21:15:00Z,NEM,NSW1,72.67,8360.58
2026-05-06T21:15:00Z,NEM,QLD1,92.57,6586.06
2026-05-06T21:15:00Z,NEM,SA1,47.42,1581.88
2026-05-06T21:15:00Z,NEM,TAS1,96.2,1266.15
2026-05-06T21:15:00Z,NEM,VIC1,29.69,6735.5
2026-05-06T21:20:00Z,NEM,NSW1,57.51,8282.23
2026-05-06T21:20:00Z,NEM,QLD1,78.99,6578.32
2026-05-06T21:20:00Z,NEM,SA1,40.64,1583.42
2026-05-06T21:20:00Z,NEM,TAS1,96.83,1287.34
2026-05-06T21:20:00Z,NEM,VIC1,29.69,6880.2
2026-05-06T21:25:00Z,NEM,NSW1,57.51,8263.36
2026-05-06T21:25:00Z,NEM,QLD1,74.58,6574.31
2026-05-06T21:25:00Z,NEM,SA1,40.07,1589.85
2026-05-06T21:25:00Z,NEM,TAS1,96.83,1285.85
2026-05-06T21:25:00Z,NEM,VIC1,29.69,6941.79
2026-05-06T21:30:00Z,NEM,NSW1,58.71,8267.84
2026-05-06T21:30:00Z,NEM,QLD1,72.83,6565.58
2026-05-06T21:30:00Z,NEM,SA1,51.58,1609.01
2026-05-06T21:30:00Z,NEM,TAS1,96.83,1293.37
2026-05-06T21:30:00Z,NEM,VIC1,52.18,6933.4
2026-05-06T21:35:00Z,NEM,NSW1,55.17,8242.35
2026-05-06T21:35:00Z,NEM,QLD1,78.99,6467.58
2026-05-06T21:35:00Z,NEM,SA1,48.62,1613.96
2026-05-06T21:35:00Z,NEM,TAS1,96.2,1286.25
2026-05-06T21:35:00Z,NEM,VIC1,49.09,6979.11
2026-05-06T21:40:00Z,NEM,NSW1,58.65,8168.47
2026-05-06T21:40:00Z,NEM,QLD1,72.75,6376.94
2026-05-06T21:40:00Z,NEM,SA1,39.56,1618.4
2026-05-06T21:40:00Z,NEM,TAS1,99.33,1311.58
2026-05-06T21:40:00Z,NEM,VIC1,29.69,7075.61
2026-05-06T21:45:00Z,NEM,NSW1,59.64,8111.82
2026-05-06T21:45:00Z,NEM,QLD1,64.73,6296.04
2026-05-06T21:45:00Z,NEM,SA1,54.79,1639.56
2026-05-06T21:45:00Z,NEM,TAS1,96.83,1295.9
2026-05-06T21:45:00Z,NEM,VIC1,54.13,7113.79
2026-05-06T21:50:00Z,NEM,NSW1,56.06,8051.33
2026-05-06T21:50:00Z,NEM,QLD1,59.4,6290.97
2026-05-06T21:50:00Z,NEM,SA1,53.56,1636.02
2026-05-06T21:50:00Z,NEM,TAS1,96.2,1286.98
2026-05-06T21:50:00Z,NEM,VIC1,52.0,7120.86
2026-05-06T21:55:00Z,NEM,NSW1,56.03,7914.94
2026-05-06T21:55:00Z,NEM,QLD1,58.86,6173.7
2026-05-06T21:55:00Z,NEM,SA1,54.71,1663.65
2026-05-06T21:55:00Z,NEM,TAS1,96.2,1303.68
2026-05-06T21:55:00Z,NEM,VIC1,52.93,7228.82
2026-05-06T22:00:00Z,NEM,NSW1,40.04,7827.42
2026-05-06T22:00:00Z,NEM,QLD1,41.49,6087.03
2026-05-06T22:00:00Z,NEM,SA1,48.6,1664.87
2026-05-06T22:00:00Z,NEM,TAS1,96.2,1293.82
2026-05-06T22:00:00Z,NEM,VIC1,38.39,7221.6
2026-05-06T22:05:00Z,NEM,NSW1,50.64,7836.41
2026-05-06T22:05:00Z,NEM,QLD1,52.75,6043.3
2026-05-06T22:05:00Z,NEM,SA1,40.45,1670.59
2026-05-06T22:05:00Z,NEM,TAS1,96.18,1273.27
2026-05-06T22:05:00Z,NEM,VIC1,29.39,7213.73
2026-05-06T22:10:00Z,NEM,NSW1,40.54,7722.99
2026-05-06T22:10:00Z,NEM,QLD1,43.23,6037.0
2026-05-06T22:10:00Z,NEM,SA1,40.66,1657.71
2026-05-06T22:10:00Z,NEM,TAS1,96.2,1266.7
2026-05-06T22:10:00Z,NEM,VIC1,39.21,7244.25
2026-05-06T22:15:00Z,NEM,NSW1,40.54,7670.36
2026-05-06T22:15:00Z,NEM,QLD1,44.52,5999.9
2026-05-06T22:15:00Z,NEM,SA1,41.34,1652.82
2026-05-06T22:15:00Z,NEM,TAS1,97.59,1280.2
2026-05-06T22:15:00Z,NEM,VIC1,39.47,7148.46
2026-05-06T22:20:00Z,NEM,NSW1,38.51,7605.86
2026-05-06T22:20:00Z,NEM,QLD1,41.22,5927.81
2026-05-06T22:20:00Z,NEM,SA1,39.26,1625.92
2026-05-06T22:20:00Z,NEM,TAS1,96.2,1272.4
2026-05-06T22:20:00Z,NEM,VIC1,38.03,7098.68
2026-05-06T22:25:00Z,NEM,NSW1,37.46,7589.32
2026-05-06T22:25:00Z,NEM,QLD1,39.82,5879.62
2026-05-06T22:25:00Z,NEM,SA1,30.36,1592.93
2026-05-06T22:25:00Z,NEM,TAS1,96.18,1257.47
2026-05-06T22:25:00Z,NEM,VIC1,29.69,7072.95
2026-05-06T22:30:00Z,NEM,NSW1,37.89,7426.03
2026-05-06T22:30:00Z,NEM,QLD1,40.25,5862.95
2026-05-06T22:30:00Z,NEM,SA1,30.33,1562.68
2026-05-06T22:30:00Z,NEM,TAS1,96.2,1235.39
2026-05-06T22:30:00Z,NEM,VIC1,29.69,7007.67
2026-05-06T22:35:00Z,NEM,NSW1,61.31,7416.88
2026-05-06T22:35:00Z,NEM,QLD1,64.73,5851.29
2026-05-06T22:35:00Z,NEM,SA1,15.44,1526.72
2026-05-06T22:35:00Z,NEM,TAS1,96.18,1230.25
2026-05-06T22:35:00Z,NEM,VIC1,15.11,6858.83
2026-05-06T22:40:00Z,NEM,NSW1,40.54,7228.85
2026-05-06T22:40:00Z,NEM,QLD1,64.65,5794.76
2026-05-06T22:40:00Z,NEM,SA1,15.49,1522.94
2026-05-06T22:40:00Z,NEM,TAS1,96.2,1225.06
2026-05-06T22:40:00Z,NEM,VIC1,15.11,6898.12
2026-05-06T22:45:00Z,NEM,NSW1,40.54,7183.33
2026-05-06T22:45:00Z,NEM,QLD1,64.65,5720.77
2026-05-06T22:45:00Z,NEM,SA1,10.72,1515.2
2026-05-06T22:45:00Z,NEM,TAS1,88.26,1213.26
2026-05-06T22:45:00Z,NEM,VIC1,10.65,6877.28
2026-05-06T22:50:00Z,NEM,NSW1,40.05,7044.23
2026-05-06T22:50:00Z,NEM,QLD1,64.65,5808.58
2026-05-06T22:50:00Z,NEM,SA1,8.81,1469.46
2026-05-06T22:50:00Z,NEM,TAS1,95.9,1208.9
2026-05-06T22:50:00Z,NEM,VIC1,8.94,6898.79
2026-05-06T22:55:00Z,NEM,NSW1,23.88,7009.87
2026-05-06T22:55:00Z,NEM,QLD1,25.88,5682.03
2026-05-06T22:55:00Z,NEM,SA1,11.4,1453.47
2026-05-06T22:55:00Z,NEM,TAS1,88.25,1185.52
2026-05-06T22:55:00Z,NEM,VIC1,11.52,6919.83
2026-05-06T23:00:00Z,NEM,NSW1,9.02,6808.22
2026-05-06T23:00:00Z,NEM,QLD1,22.73,5700.61
2026-05-06T23:00:00Z,NEM,SA1,8.84,1424.22
2026-05-06T23:00:00Z,NEM,TAS1,88.24,1183.69
2026-05-06T23:00:00Z,NEM,VIC1,8.95,6885.64
2026-05-06T23:05:00Z,NEM,NSW1,13.54,6818.68
2026-05-06T23:05:00Z,NEM,QLD1,23.73,5656.9
2026-05-06T23:05:00Z,NEM,SA1,13.69,1401.48
2026-05-06T23:05:00Z,NEM,TAS1,96.2,1170.06
2026-05-06T23:05:00Z,NEM,VIC1,13.62,6864.77
2026-05-06T23:10:00Z,NEM,NSW1,37.45,6830.88
2026-05-06T23:10:00Z,NEM,QLD1,39.99,5649.84
2026-05-06T23:10:00Z,NEM,SA1,36.76,1364.11
2026-05-06T23:10:00Z,NEM,TAS1,96.2,1164.09
2026-05-06T23:10:00Z,NEM,VIC1,37.03,6953.35
2026-05-06T23:15:00Z,NEM,NSW1,38.5,6730.72
2026-05-06T23:15:00Z,NEM,QLD1,40.01,5538.5
2026-05-06T23:15:00Z,NEM,SA1,38.45,1327.36
2026-05-06T23:15:00Z,NEM,TAS1,96.2,1151.97
2026-05-06T23:15:00Z,NEM,VIC1,39.5,6931.85
2026-05-06T23:20:00Z,NEM,NSW1,11.3,6674.34
2026-05-06T23:20:00Z,NEM,QLD1,39.75,5537.31
2026-05-06T23:20:00Z,NEM,SA1,10.28,1301.2
2026-05-06T23:20:00Z,NEM,TAS1,96.18,1134.74
2026-05-06T23:20:00Z,NEM,VIC1,10.65,6826.5
2026-05-06T23:25:00Z,NEM,NSW1,11.3,6736.94
2026-05-06T23:25:00Z,NEM,QLD1,39.82,5597.44
2026-05-06T23:25:00Z,NEM,SA1,8.53,1239.08
2026-05-06T23:25:00Z,NEM,TAS1,95.94,1140.65
2026-05-06T23:25:00Z,NEM,VIC1,8.95,6803.68
2026-05-06T23:30:00Z,NEM,NSW1,11.3,6693.85
2026-05-06T23:30:00Z,NEM,QLD1,22.73,5641.7
2026-05-06T23:30:00Z,NEM,SA1,1.17,1188.65
2026-05-06T23:30:00Z,NEM,TAS1,88.26,1117.57
2026-05-06T23:30:00Z,NEM,VIC1,1.26,6664.77
2026-05-06T23:35:00Z,NEM,NSW1,40.54,6684.79
2026-05-06T23:35:00Z,NEM,QLD1,42.91,5572.36
2026-05-06T23:35:00Z,NEM,SA1,1.03,1137.78
2026-05-06T23:35:00Z,NEM,TAS1,88.16,1119.57
2026-05-06T23:35:00Z,NEM,VIC1,1.13,6567.28
2026-05-06T23:40:00Z,NEM,NSW1,40.54,6664.73
2026-05-06T23:40:00Z,NEM,QLD1,43.69,5547.42
2026-05-06T23:40:00Z,NEM,SA1,5.19,1149.11
2026-05-06T23:40:00Z,NEM,TAS1,88.36,1107.52
2026-05-06T23:40:00Z,NEM,VIC1,5.56,6535.41
2026-05-06T23:45:00Z,NEM,NSW1,36.54,6607.8
2026-05-06T23:45:00Z,NEM,QLD1,39.82,5563.69
2026-05-06T23:45:00Z,NEM,SA1,1.17,1123.54
2026-05-06T23:45:00Z,NEM,TAS1,88.26,1097.25
2026-05-06T23:45:00Z,NEM,VIC1,1.26,6455.67
2026-05-06T23:50:00Z,NEM,NSW1,22.49,6565.89
2026-05-06T23:50:00Z,NEM,QLD1,23.88,5401.13
2026-05-06T23:50:00Z,NEM,SA1,8.06,1081.42
2026-05-06T23:50:00Z,NEM,TAS1,95.91,1098.63
2026-05-06T23:50:00Z,NEM,VIC1,8.95,6464.96
2026-05-06T23:55:00Z,NEM,NSW1,23.88,6604.01
2026-05-06T23:55:00Z,NEM,QLD1,25.18,5392.31
2026-05-06T23:55:00Z,NEM,SA1,7.18,1064.12
2026-05-06T23:55:00Z,NEM,TAS1,88.36,1084.77
2026-05-06T23:55:00Z,NEM,VIC1,7.79,6436.93
2026-05-07T00:00:00Z,NEM,NSW1,20.4,6555.87
2026-05-07T00:00:00Z,NEM,QLD1,23.88,5426.25
2026-05-07T00:00:00Z,NEM,SA1,5.19,1038.06
2026-05-07T00:00:00Z,NEM,TAS1,88.26,1075.94
2026-05-07T00:00:00Z,NEM,VIC1,5.81,6450.24
2026-05-07T00:05:00Z,NEM,NSW1,24.21,6496.93
2026-05-07T00:05:00Z,NEM,QLD1,27.76,5388.75
2026-05-07T00:05:00Z,NEM,SA1,21.82,1009.95
2026-05-07T00:05:00Z,NEM,TAS1,94.47,1062.64
2026-05-07T00:05:00Z,NEM,VIC1,23.85,6446.74
2026-05-07T00:10:00Z,NEM,NSW1,21.97,6669.4
2026-05-07T00:10:00Z,NEM,QLD1,23.88,5359.03
2026-05-07T00:10:00Z,NEM,SA1,18.76,1020.92
2026-05-07T00:10:00Z,NEM,TAS1,96.2,1084.55
2026-05-07T00:10:00Z,NEM,VIC1,21.45,6563.95
2026-05-07T00:15:00Z,NEM,NSW1,21.19,6653.77
2026-05-07T00:15:00Z,NEM,QLD1,22.73,5242.98
2026-05-07T00:15:00Z,NEM,SA1,11.12,1001.96
2026-05-07T00:15:00Z,NEM,TAS1,88.16,1080.18
2026-05-07T00:15:00Z,NEM,VIC1,12.93,6628.91
2026-05-07T00:20:00Z,NEM,NSW1,37.42,6712.09
2026-05-07T00:20:00Z,NEM,QLD1,39.75,5260.75
2026-05-07T00:20:00Z,NEM,SA1,10.9,997.36
2026-05-07T00:20:00Z,NEM,TAS1,88.16,1077.58
2026-05-07T00:20:00Z,NEM,VIC1,12.6,6582.83
2026-05-07T00:25:00Z,NEM,NSW1,23.21,6780.18
2026-05-07T00:25:00Z,NEM,QLD1,23.73,5250.58
2026-05-07T00:25:00Z,NEM,SA1,10.82,998.95
2026-05-07T00:25:00Z,NEM,TAS1,88.16,1089.85
2026-05-07T00:25:00Z,NEM,VIC1,12.64,6563.72
2026-05-07T00:30:00Z,NEM,NSW1,23.14,6746.3
2026-05-07T00:30:00Z,NEM,QLD1,23.88,5000.44
2026-05-07T00:30:00Z,NEM,SA1,9.02,957.61
2026-05-07T00:30:00Z,NEM,TAS1,88.16,1103.54
2026-05-07T00:30:00Z,NEM,VIC1,10.65,6516.98
2026-05-07T00:35:00Z,NEM,NSW1,22.44,6817.21
2026-05-07T00:35:00Z,NEM,QLD1,22.81,4875.87
2026-05-07T00:35:00Z,NEM,SA1,1.59,923.19
2026-05-07T00:35:00Z,NEM,TAS1,88.22,1125.08
2026-05-07T00:35:00Z,NEM,VIC1,1.89,6449.52
2026-05-07T00:40:00Z,NEM,NSW1,21.78,6849.53
2026-05-07T00:40:00Z,NEM,QLD1,22.73,4894.67
2026-05-07T00:40:00Z,NEM,SA1,7.66,934.94
2026-05-07T00:40:00Z,NEM,TAS1,88.26,1137.89
2026-05-07T00:40:00Z,NEM,VIC1,8.95,6362.27
2026-05-07T00:45:00Z,NEM,NSW1,21.94,6874.36
2026-05-07T00:45:00Z,NEM,QLD1,22.73,4941.01
2026-05-07T00:45:00Z,NEM,SA1,7.67,937.81
2026-05-07T00:45:00Z,NEM,TAS1,88.26,1147.81
2026-05-07T00:45:00Z,NEM,VIC1,8.95,6305.34
2026-05-07T00:50:00Z,NEM,NSW1,23.88,6889.85
2026-05-07T00:50:00Z,NEM,QLD1,23.81,4803.68
2026-05-07T00:50:00Z,NEM,SA1,8.17,924.47
2026-05-07T00:50:00Z,NEM,TAS1,88.16,1141.74
2026-05-07T00:50:00Z,NEM,VIC1,9.44,6260.79
2026-05-07T00:55:00Z,NEM,NSW1,23.89,6865.47
2026-05-07T00:55:00Z,NEM,QLD1,23.73,4851.5
2026-05-07T00:55:00Z,NEM,SA1,6.15,955.61
2026-05-07T00:55:00Z,NEM,TAS1,82.49,1113.44
2026-05-07T00:55:00Z,NEM,VIC1,7.05,6161.32
2026-05-07T01:00:00Z,NEM,NSW1,23.37,6672.23
2026-05-07T01:00:00Z,NEM,QLD1,23.73,4853.09
2026-05-07T01:00:00Z,NEM,SA1,1.1,948.57
2026-05-07T01:00:00Z,NEM,TAS1,76.33,1108.99
2026-05-07T01:00:00Z,NEM,VIC1,1.26,6171.59
2026-05-07T01:05:00Z,NEM,NSW1,11.3,6598.53
2026-05-07T01:05:00Z,NEM,QLD1,11.29,4815.77
2026-05-07T01:05:00Z,NEM,SA1,1.67,960.3
2026-05-07T01:05:00Z,NEM,TAS1,88.16,1111.94
2026-05-07T01:05:00Z,NEM,VIC1,1.85,6150.9
2026-05-07T01:10:00Z,NEM,NSW1,11.18,6542.56
2026-05-07T01:10:00Z,NEM,QLD1,11.29,4940.59
2026-05-07T01:10:00Z,NEM,SA1,7.73,981.27
2026-05-07T01:10:00Z,NEM,TAS1,88.16,1083.31
2026-05-07T01:10:00Z,NEM,VIC1,8.95,6224.73
2026-05-07T01:15:00Z,NEM,NSW1,11.3,6492.7
2026-05-07T01:15:00Z,NEM,QLD1,11.89,4921.61
2026-05-07T01:15:00Z,NEM,SA1,5.19,988.47
2026-05-07T01:15:00Z,NEM,TAS1,92.43,1081.8
2026-05-07T01:15:00Z,NEM,VIC1,6.01,6226.03
2026-05-07T01:20:00Z,NEM,NSW1,11.52,6376.42
2026-05-07T01:20:00Z,NEM,QLD1,12.3,4934.67
2026-05-07T01:20:00Z,NEM,SA1,1.52,1011.65
2026-05-07T01:20:00Z,NEM,TAS1,88.16,1077.42
2026-05-07T01:20:00Z,NEM,VIC1,1.67,6230.19
2026-05-07T01:25:00Z,NEM,NSW1,10.6,6272.82
2026-05-07T01:25:00Z,NEM,QLD1,12.3,5069.43
2026-05-07T01:25:00Z,NEM,SA1,8.17,1071.66
2026-05-07T01:25:00Z,NEM,TAS1,96.16,1080.88
2026-05-07T01:25:00Z,NEM,VIC1,8.91,6166.6
2026-05-07T01:30:00Z,NEM,NSW1,9.68,6112.73
2026-05-07T01:30:00Z,NEM,QLD1,12.3,4997.29
2026-05-07T01:30:00Z,NEM,SA1,1.1,1051.05
2026-05-07T01:30:00Z,NEM,TAS1,88.24,1091.56
2026-05-07T01:30:00Z,NEM,VIC1,1.17,6075.67
2026-05-07T01:35:00Z,NEM,NSW1,9.85,6099.12
2026-05-07T01:35:00Z,NEM,QLD1,11.29,4924.44
2026-05-07T01:35:00Z,NEM,SA1,8.96,1081.28
2026-05-07T01:35:00Z,NEM,TAS1,96.97,1123.89
2026-05-07T01:35:00Z,NEM,VIC1,9.55,5951.38
2026-05-07T01:40:00Z,NEM,NSW1,9.32,6190.98
2026-05-07T01:40:00Z,NEM,QLD1,11.29,4999.39
2026-05-07T01:40:00Z,NEM,SA1,8.21,1093.22
2026-05-07T01:40:00Z,NEM,TAS1,96.37,1124.58
2026-05-07T01:40:00Z,NEM,VIC1,8.95,5869.31
2026-05-07T01:45:00Z,NEM,NSW1,8.74,5997.34
2026-05-07T01:45:00Z,NEM,QLD1,9.41,5001.06
2026-05-07T01:45:00Z,NEM,SA1,8.21,1121.9
2026-05-07T01:45:00Z,NEM,TAS1,96.16,1124.34
2026-05-07T01:45:00Z,NEM,VIC1,8.66,5772.32
2026-05-07T01:50:00Z,NEM,NSW1,8.89,5922.28
2026-05-07T01:50:00Z,NEM,QLD1,11.29,5100.01
2026-05-07T01:50:00Z,NEM,SA1,8.39,1104.3
2026-05-07T01:50:00Z,NEM,TAS1,96.39,1115.36
2026-05-07T01:50:00Z,NEM,VIC1,8.95,5802.09
2026-05-07T01:55:00Z,NEM,NSW1,1.91,5923.49
2026-05-07T01:55:00Z,NEM,QLD1,2.1,5017.99
2026-05-07T01:55:00Z,NEM,SA1,1.78,1068.23
2026-05-07T01:55:00Z,NEM,TAS1,89.04,1124.72
2026-05-07T01:55:00Z,NEM,VIC1,1.92,5864.45
2026-05-07T02:00:00Z,NEM,NSW1,0.89,5933.8
2026-05-07T02:00:00Z,NEM,QLD1,1.05,5023.92
2026-05-07T02:00:00Z,NEM,SA1,0.8,1038.04
2026-05-07T02:00:00Z,NEM,TAS1,88.26,1122.13
2026-05-07T02:00:00Z,NEM,VIC1,0.88,5917.96
2026-05-07T02:05:00Z,NEM,NSW1,4.32,5878.41
2026-05-07T02:05:00Z,NEM,QLD1,5.27,5068.9
2026-05-07T02:05:00Z,NEM,SA1,3.93,1019.19
2026-05-07T02:05:00Z,NEM,TAS1,91.6,1101.17
2026-05-07T02:05:00Z,NEM,VIC1,4.34,5877.32
2026-05-07T02:10:00Z,NEM,NSW1,3.57,5932.45
2026-05-07T02:10:00Z,NEM,QLD1,3.88,5175.24
2026-05-07T02:10:00Z,NEM,SA1,3.1,996.95
2026-05-07T02:10:00Z,NEM,TAS1,90.72,1113.45
2026-05-07T02:10:00Z,NEM,VIC1,3.5,5909.53
2026-05-07T02:15:00Z,NEM,NSW1,10.49,5813.44
2026-05-07T02:15:00Z,NEM,QLD1,11.29,5140.73
2026-05-07T02:15:00Z,NEM,SA1,-0.04,976.55
2026-05-07T02:15:00Z,NEM,TAS1,86.95,1118.1
2026-05-07T02:15:00Z,NEM,VIC1,-0.05,5882.87
2026-05-07T02:20:00Z,NEM,NSW1,1.13,5741.25
2026-05-07T02:20:00Z,NEM,QLD1,1.82,5159.62
2026-05-07T02:20:00Z,NEM,SA1,0.0,984.48
2026-05-07T02:20:00Z,NEM,TAS1,88.16,1122.48
2026-05-07T02:20:00Z,NEM,VIC1,1.09,5958.33
2026-05-07T02:25:00Z,NEM,NSW1,5.03,5812.33
2026-05-07T02:25:00Z,NEM,QLD1,5.77,5081.91
2026-05-07T02:25:00Z,NEM,SA1,-0.04,1007.8
2026-05-07T02:25:00Z,NEM,TAS1,88.16,1142.56
2026-05-07T02:25:00Z,NEM,VIC1,-0.05,5951.7
2026-05-07T02:30:00Z,NEM,NSW1,0.36,5715.03
2026-05-07T02:30:00Z,NEM,QLD1,0.89,5069.44
2026-05-07T02:30:00Z,NEM,SA1,0.0,1013.14
2026-05-07T02:30:00Z,NEM,TAS1,88.16,1138.88
2026-05-07T02:30:00Z,NEM,VIC1,0.0,5906.68
2026-05-07T02:35:00Z,NEM,NSW1,0.98,5752.28
2026-05-07T02:35:00Z,NEM,QLD1,1.07,4946.58
2026-05-07T02:35:00Z,NEM,SA1,-0.09,996.1
2026-05-07T02:35:00Z,NEM,TAS1,88.16,1145.87
2026-05-07T02:35:00Z,NEM,VIC1,-0.1,5893.82
2026-05-07T02:40:00Z,NEM,NSW1,4.54,5804.24
2026-05-07T02:40:00Z,NEM,QLD1,5.3,4993.15
2026-05-07T02:40:00Z,NEM,SA1,0.02,988.64
2026-05-07T02:40:00Z,NEM,TAS1,88.16,1139.07
2026-05-07T02:40:00Z,NEM,VIC1,0.02,5879.75
2026-05-07T02:45:00Z,NEM,NSW1,11.09,5754.66
2026-05-07T02:45:00Z,NEM,QLD1,11.29,5101.69
2026-05-07T02:45:00Z,NEM,SA1,-0.09,992.47
2026-05-07T02:45:00Z,NEM,TAS1,88.16,1121.11
2026-05-07T02:45:00Z,NEM,VIC1,-0.1,5768.18
2026-05-07T02:50:00Z,NEM,NSW1,0.88,5689.89
2026-05-07T02:50:00Z,NEM,QLD1,1.54,5269.64
2026-05-07T02:50:00Z,NEM,SA1,-0.05,1127.17
2026-05-07T02:50:00Z,NEM,TAS1,88.16,1134.4
2026-05-07T02:50:00Z,NEM,VIC1,-0.05,5782.58
2026-05-07T02:55:00Z,NEM,NSW1,4.84,5769.35
2026-05-07T02:55:00Z,NEM,QLD1,5.16,5189.2
2026-05-07T02:55:00Z,NEM,SA1,-0.1,1028.29
2026-05-07T02:55:00Z,NEM,TAS1,87.63,1125.03
2026-05-07T02:55:00Z,NEM,VIC1,-0.1,5739.66
2026-05-07T03:00:00Z,NEM,NSW1,0.55,5690.7
2026-05-07T03:00:00Z,NEM,QLD1,0.68,5254.97
2026-05-07T03:00:00Z,NEM,SA1,0.0,974.77
2026-05-07T03:00:00Z,NEM,TAS1,86.95,1128.63
2026-05-07T03:00:00Z,NEM,VIC1,-0.05,5837.27
2026-05-07T03:05:00Z,NEM,NSW1,4.71,5716.54
2026-05-07T03:05:00Z,NEM,QLD1,5.1,5396.22
2026-05-07T03:05:00Z,NEM,SA1,-0.1,995.41
2026-05-07T03:05:00Z,NEM,TAS1,86.89,1128.96
2026-05-07T03:05:00Z,NEM,VIC1,-0.1,5975.05
2026-05-07T03:10:00Z,NEM,NSW1,0.6,5740.82
2026-05-07T03:10:00Z,NEM,QLD1,0.73,5422.33
2026-05-07T03:10:00Z,NEM,SA1,0.57,1010.41
2026-05-07T03:10:00Z,NEM,TAS1,87.62,1134.42
2026-05-07T03:10:00Z,NEM,VIC1,0.58,5984.47
2026-05-07T03:15:00Z,NEM,NSW1,1.09,5771.26
2026-05-07T03:15:00Z,NEM,QLD1,1.15,5380.36
2026-05-07T03:15:00Z,NEM,SA1,1.1,961.72
2026-05-07T03:15:00Z,NEM,TAS1,88.16,1125.31
2026-05-07T03:15:00Z,NEM,VIC1,1.1,5981.64
2026-05-07T03:20:00Z,NEM,NSW1,0.6,5694.64
2026-05-07T03:20:00Z,NEM,QLD1,0.73,5383.79
2026-05-07T03:20:00Z,NEM,SA1,0.02,961.38
2026-05-07T03:20:00Z,NEM,TAS1,87.02,1117.79
2026-05-07T03:20:00Z,NEM,VIC1,0.02,5977.87
2026-05-07T03:25:00Z,NEM,NSW1,-0.05,5748.79
2026-05-07T03:25:00Z,NEM,QLD1,0.04,5464.0
2026-05-07T03:25:00Z,NEM,SA1,-0.05,986.39
2026-05-07T03:25:00Z,NEM,TAS1,86.95,1107.88
2026-05-07T03:25:00Z,NEM,VIC1,-0.05,5889.29
2026-05-07T03:30:00Z,NEM,NSW1,0.63,5771.64
2026-05-07T03:30:00Z,NEM,QLD1,0.73,5490.97
2026-05-07T03:30:00Z,NEM,SA1,0.0,1005.73
2026-05-07T03:30:00Z,NEM,TAS1,86.89,1123.9
2026-05-07T03:30:00Z,NEM,VIC1,-0.1,5835.21
2026-05-07T03:35:00Z,NEM,NSW1,-0.05,5703.72
2026-05-07T03:35:00Z,NEM,QLD1,0.0,5430.18
2026-05-07T03:35:00Z,NEM,SA1,-0.05,994.72
2026-05-07T03:35:00Z,NEM,TAS1,87.68,1123.26
2026-05-07T03:35:00Z,NEM,VIC1,-0.05,5818.9
2026-05-07T03:40:00Z,NEM,NSW1,-0.08,5866.25
2026-05-07T03:40:00Z,NEM,QLD1,0.0,5498.7
2026-05-07T03:40:00Z,NEM,SA1,-0.1,1044.14
2026-05-07T03:40:00Z,NEM,TAS1,88.16,1143.5
2026-05-07T03:40:00Z,NEM,VIC1,-0.1,5598.75
2026-05-07T03:45:00Z,NEM,NSW1,0.0,5900.13
2026-05-07T03:45:00Z,NEM,QLD1,0.0,5581.58
2026-05-07T03:45:00Z,NEM,SA1,0.0,1028.12
2026-05-07T03:45:00Z,NEM,TAS1,86.89,1146.49
2026-05-07T03:45:00Z,NEM,VIC1,-0.1,5661.62
2026-05-07T03:50:00Z,NEM,NSW1,0.0,5889.0
2026-05-07T03:50:00Z,NEM,QLD1,0.0,5609.81
2026-05-07T03:50:00Z,NEM,SA1,-0.1,1043.91
2026-05-07T03:50:00Z,NEM,TAS1,86.89,1142.21
2026-05-07T03:50:00Z,NEM,VIC1,-0.1,5701.15
2026-05-07T03:55:00Z,NEM,NSW1,0.98,5934.66
2026-05-07T03:55:00Z,NEM,QLD1,0.99,5618.43
2026-05-07T03:55:00Z,NEM,SA1,0.0,1015.57
2026-05-07T03:55:00Z,NEM,TAS1,86.89,1155.55
2026-05-07T03:55:00Z,NEM,VIC1,-0.1,5732.04
2026-05-07T04:00:00Z,NEM,NSW1,0.0,5937.65
2026-05-07T04:00:00Z,NEM,QLD1,0.0,5637.75
2026-05-07T04:00:00Z,NEM,SA1,-0.1,1033.69
2026-05-07T04:00:00Z,NEM,TAS1,86.89,1167.45
2026-05-07T04:00:00Z,NEM,VIC1,-0.1,5776.85
2026-05-07T04:05:00Z,NEM,NSW1,0.0,6003.87
2026-05-07T04:05:00Z,NEM,QLD1,0.0,5681.69
2026-05-07T04:05:00Z,NEM,SA1,-0.09,1070.15
2026-05-07T04:05:00Z,NEM,TAS1,88.16,1172.13
2026-05-07T04:05:00Z,NEM,VIC1,-0.1,5805.45
2026-05-07T04:10:00Z,NEM,NSW1,5.55,6015.27
2026-05-07T04:10:00Z,NEM,QLD1,5.71,5760.27
2026-05-07T04:10:00Z,NEM,SA1,-0.09,1063.28
2026-05-07T04:10:00Z,NEM,TAS1,88.16,1157.71
2026-05-07T04:10:00Z,NEM,VIC1,-0.1,5764.42
2026-05-07T04:15:00Z,NEM,NSW1,0.88,6029.72
2026-05-07T04:15:00Z,NEM,QLD1,0.91,5737.56
2026-05-07T04:15:00Z,NEM,SA1,-0.09,1059.34
2026-05-07T04:15:00Z,NEM,TAS1,87.62,1145.44
2026-05-07T04:15:00Z,NEM,VIC1,-0.1,5795.83
2026-05-07T04:20:00Z,NEM,NSW1,0.0,5961.47
2026-05-07T04:20:00Z,NEM,QLD1,0.0,5793.39
2026-05-07T04:20:00Z,NEM,SA1,-0.09,1042.79
2026-05-07T04:20:00Z,NEM,TAS1,88.16,1145.36
2026-05-07T04:20:00Z,NEM,VIC1,-0.1,5761.76
2026-05-07T04:25:00Z,NEM,NSW1,0.98,6096.12
2026-05-07T04:25:00Z,NEM,QLD1,1.01,5873.82
2026-05-07T04:25:00Z,NEM,SA1,-0.05,1019.32
2026-05-07T04:25:00Z,NEM,TAS1,88.16,1153.84
2026-05-07T04:25:00Z,NEM,VIC1,-0.05,5785.76
2026-05-07T04:30:00Z,NEM,NSW1,38.07,6142.53
2026-05-07T04:30:00Z,NEM,QLD1,39.75,5855.56
2026-05-07T04:30:00Z,NEM,SA1,-0.09,1038.13
2026-05-07T04:30:00Z,NEM,TAS1,88.16,1156.28
2026-05-07T04:30:00Z,NEM,VIC1,-0.1,5826.67
2026-05-07T04:35:00Z,NEM,NSW1,0.0,6206.36
2026-05-07T04:35:00Z,NEM,QLD1,0.0,5842.24
2026-05-07T04:35:00Z,NEM,SA1,0.0,1043.82
2026-05-07T04:35:00Z,NEM,TAS1,88.16,1146.88
2026-05-07T04:35:00Z,NEM,VIC1,0.0,5925.1
2026-05-07T04:40:00Z,NEM,NSW1,0.98,6341.32
2026-05-07T04:40:00Z,NEM,QLD1,1.09,5961.27
2026-05-07T04:40:00Z,NEM,SA1,0.88,1091.2
2026-05-07T04:40:00Z,NEM,TAS1,88.16,1162.4
2026-05-07T04:40:00Z,NEM,VIC1,0.93,5978.65
2026-05-07T04:45:00Z,NEM,NSW1,0.0,6333.45
2026-05-07T04:45:00Z,NEM,QLD1,0.0,5960.15
2026-05-07T04:45:00Z,NEM,SA1,0.0,1132.3
2026-05-07T04:45:00Z,NEM,TAS1,88.16,1163.06
2026-05-07T04:45:00Z,NEM,VIC1,0.0,5987.5
2026-05-07T04:50:00Z,NEM,NSW1,0.0,6484.51
2026-05-07T04:50:00Z,NEM,QLD1,0.0,5969.35
2026-05-07T04:50:00Z,NEM,SA1,0.0,1173.53
2026-05-07T04:50:00Z,NEM,TAS1,88.16,1157.77
2026-05-07T04:50:00Z,NEM,VIC1,0.0,6007.64
2026-05-07T04:55:00Z,NEM,NSW1,1.13,6529.88
2026-05-07T04:55:00Z,NEM,QLD1,1.16,6065.42
2026-05-07T04:55:00Z,NEM,SA1,1.12,1198.6
2026-05-07T04:55:00Z,NEM,TAS1,88.22,1149.09
2026-05-07T04:55:00Z,NEM,VIC1,1.17,6150.46
2026-05-07T05:00:00Z,NEM,NSW1,8.68,6596.45
2026-05-07T05:00:00Z,NEM,QLD1,9.05,6128.33
2026-05-07T05:00:00Z,NEM,SA1,8.31,1209.46
2026-05-07T05:00:00Z,NEM,TAS1,96.04,1162.95
2026-05-07T05:00:00Z,NEM,VIC1,8.7,6190.14
2026-05-07T05:05:00Z,NEM,NSW1,4.9,6622.56
2026-05-07T05:05:00Z,NEM,QLD1,5.12,6158.83
2026-05-07T05:05:00Z,NEM,SA1,4.79,1206.99
2026-05-07T05:05:00Z,NEM,TAS1,92.27,1162.4
2026-05-07T05:05:00Z,NEM,VIC1,5.02,6209.37
2026-05-07T05:10:00Z,NEM,NSW1,36.15,6676.96
2026-05-07T05:10:00Z,NEM,QLD1,39.99,6159.03
2026-05-07T05:10:00Z,NEM,SA1,1.43,1220.87
2026-05-07T05:10:00Z,NEM,TAS1,88.56,1182.63
2026-05-07T05:10:00Z,NEM,VIC1,1.51,6196.61
2026-05-07T05:15:00Z,NEM,NSW1,13.99,6737.12
2026-05-07T05:15:00Z,NEM,QLD1,15.87,6217.66
2026-05-07T05:15:00Z,NEM,SA1,13.16,1240.35
2026-05-07T05:15:00Z,NEM,TAS1,100.15,1188.97
2026-05-07T05:15:00Z,NEM,VIC1,13.63,6252.49
2026-05-07T05:20:00Z,NEM,NSW1,21.65,6888.92
2026-05-07T05:20:00Z,NEM,QLD1,23.71,6290.49
2026-05-07T05:20:00Z,NEM,SA1,18.95,1236.97
2026-05-07T05:20:00Z,NEM,TAS1,107.2,1179.57
2026-05-07T05:20:00Z,NEM,VIC1,20.51,6335.32
2026-05-07T05:25:00Z,NEM,NSW1,34.01,7019.96
2026-05-07T05:25:00Z,NEM,QLD1,38.26,6391.96
2026-05-07T05:25:00Z,NEM,SA1,23.31,1235.24
2026-05-07T05:25:00Z,NEM,TAS1,111.76,1181.25
2026-05-07T05:25:00Z,NEM,VIC1,25.11,6361.3
2026-05-07T05:30:00Z,NEM,NSW1,43.88,7186.84
2026-05-07T05:30:00Z,NEM,QLD1,48.79,6373.42
2026-05-07T05:30:00Z,NEM,SA1,4.45,1223.77
2026-05-07T05:30:00Z,NEM,TAS1,88.16,1192.01
2026-05-07T05:30:00Z,NEM,VIC1,5.0,6366.57
2026-05-07T05:35:00Z,NEM,NSW1,38.19,7310.27
2026-05-07T05:35:00Z,NEM,QLD1,47.99,6484.6
2026-05-07T05:35:00Z,NEM,SA1,15.46,1255.52
2026-05-07T05:35:00Z,NEM,TAS1,97.2,1201.23
2026-05-07T05:35:00Z,NEM,VIC1,16.11,6428.29
2026-05-07T05:40:00Z,NEM,NSW1,37.34,7477.62
2026-05-07T05:40:00Z,NEM,QLD1,40.5,6522.0
2026-05-07T05:40:00Z,NEM,SA1,35.47,1270.06
2026-05-07T05:40:00Z,NEM,TAS1,113.17,1215.1
2026-05-07T05:40:00Z,NEM,VIC1,35.8,6534.27
2026-05-07T05:45:00Z,NEM,NSW1,43.89,7542.01
2026-05-07T05:45:00Z,NEM,QLD1,50.0,6633.42
2026-05-07T05:45:00Z,NEM,SA1,24.28,1296.3
2026-05-07T05:45:00Z,NEM,TAS1,97.15,1204.72
2026-05-07T05:45:00Z,NEM,VIC1,25.11,6457.8
2026-05-07T05:50:00Z,NEM,NSW1,26.17,7715.17
2026-05-07T05:50:00Z,NEM,QLD1,27.65,6749.83
2026-05-07T05:50:00Z,NEM,SA1,24.27,1332.16
2026-05-07T05:50:00Z,NEM,TAS1,97.15,1205.8
2026-05-07T05:50:00Z,NEM,VIC1,25.11,6564.47
2026-05-07T05:55:00Z,NEM,NSW1,37.89,7864.26
2026-05-07T05:55:00Z,NEM,QLD1,41.18,6783.61
2026-05-07T05:55:00Z,NEM,SA1,32.58,1323.07
2026-05-07T05:55:00Z,NEM,TAS1,97.15,1205.14
2026-05-07T05:55:00Z,NEM,VIC1,34.53,6682.19
2026-05-07T06:00:00Z,NEM,NSW1,61.85,7912.84
2026-05-07T06:00:00Z,NEM,QLD1,65.98,6817.51
2026-05-07T06:00:00Z,NEM,SA1,53.6,1325.33
2026-05-07T06:00:00Z,NEM,TAS1,97.15,1215.88
2026-05-07T06:00:00Z,NEM,VIC1,56.34,6731.55
2026-05-07T06:05:00Z,NEM,NSW1,57.13,7984.98
2026-05-07T06:05:00Z,NEM,QLD1,59.17,6796.05
2026-05-07T06:05:00Z,NEM,SA1,50.46,1322.87
2026-05-07T06:05:00Z,NEM,TAS1,97.15,1217.62
2026-05-07T06:05:00Z,NEM,VIC1,53.09,6736.6
2026-05-07T06:10:00Z,NEM,NSW1,50.29,8140.94
2026-05-07T06:10:00Z,NEM,QLD1,52.75,6844.11
2026-05-07T06:10:00Z,NEM,SA1,45.1,1336.55
2026-05-07T06:10:00Z,NEM,TAS1,121.49,1223.89
2026-05-07T06:10:00Z,NEM,VIC1,46.68,6668.53
2026-05-07T06:15:00Z,NEM,NSW1,53.69,8177.4
2026-05-07T06:15:00Z,NEM,QLD1,55.73,6938.36
2026-05-07T06:15:00Z,NEM,SA1,46.99,1336.22
2026-05-07T06:15:00Z,NEM,TAS1,96.2,1223.7
2026-05-07T06:15:00Z,NEM,VIC1,49.09,6670.44
2026-05-07T06:20:00Z,NEM,NSW1,61.1,8292.99
2026-05-07T06:20:00Z,NEM,QLD1,64.37,7060.4
2026-05-07T06:20:00Z,NEM,SA1,51.32,1346.86
2026-05-07T06:20:00Z,NEM,TAS1,88.24,1222.37
2026-05-07T06:20:00Z,NEM,VIC1,53.09,6830.39
2026-05-07T06:25:00Z,NEM,NSW1,81.76,8429.14
2026-05-07T06:25:00Z,NEM,QLD1,84.66,7066.11
2026-05-07T06:25:00Z,NEM,SA1,62.77,1397.28
2026-05-07T06:25:00Z,NEM,TAS1,96.18,1234.68
2026-05-07T06:25:00Z,NEM,VIC1,53.69,6921.31
2026-05-07T06:30:00Z,NEM,NSW1,76.98,8517.04
2026-05-07T06:30:00Z,NEM,QLD1,78.99,7116.03
2026-05-07T06:30:00Z,NEM,SA1,61.8,1390.21
2026-05-07T06:30:00Z,NEM,TAS1,96.18,1238.91
2026-05-07T06:30:00Z,NEM,VIC1,53.69,6925.31
2026-05-07T06:35:00Z,NEM,NSW1,57.5,8560.16
2026-05-07T06:35:00Z,NEM,QLD1,62.65,7231.12
2026-05-07T06:35:00Z,NEM,SA1,33.96,1414.67
2026-05-07T06:35:00Z,NEM,TAS1,96.18,1252.45
2026-05-07T06:35:00Z,NEM,VIC1,15.11,7019.74
2026-05-07T06:40:00Z,NEM,NSW1,75.49,8763.48
2026-05-07T06:40:00Z,NEM,QLD1,78.99,7263.89
2026-05-07T06:40:00Z,NEM,SA1,61.31,1455.98
2026-05-07T06:40:00Z,NEM,TAS1,96.18,1262.54
2026-05-07T06:40:00Z,NEM,VIC1,53.69,7087.16
2026-05-07T06:45:00Z,NEM,NSW1,76.98,8846.66
2026-05-07T06:45:00Z,NEM,QLD1,78.26,7340.55
2026-05-07T06:45:00Z,NEM,SA1,72.41,1483.5
2026-05-07T06:45:00Z,NEM,TAS1,96.18,1277.35
2026-05-07T06:45:00Z,NEM,VIC1,71.1,7182.62
2026-05-07T06:50:00Z,NEM,NSW1,57.5,8931.74
2026-05-07T06:50:00Z,NEM,QLD1,59.91,7344.11
2026-05-07T06:50:00Z,NEM,SA1,53.07,1512.13
2026-05-07T06:50:00Z,NEM,TAS1,96.18,1281.67
2026-05-07T06:50:00Z,NEM,VIC1,51.97,7114.29
2026-05-07T06:55:00Z,NEM,NSW1,61.1,9106.45
2026-05-07T06:55:00Z,NEM,QLD1,64.65,7394.3
2026-05-07T06:55:00Z,NEM,SA1,56.86,1533.92
2026-05-07T06:55:00Z,NEM,TAS1,96.18,1285.82
2026-05-07T06:55:00Z,NEM,VIC1,53.69,7207.75
2026-05-07T07:00:00Z,NEM,NSW1,76.98,9222.43
2026-05-07T07:00:00Z,NEM,QLD1,81.95,7485.76
2026-05-07T07:00:00Z,NEM,SA1,75.29,1586.3
2026-05-07T07:00:00Z,NEM,TAS1,96.2,1307.94
2026-05-07T07:00:00Z,NEM,VIC1,71.12,7283.83
2026-05-07T07:05:00Z,NEM,NSW1,66.53,9199.84
2026-05-07T07:05:00Z,NEM,QLD1,71.69,7554.42
2026-05-07T07:05:00Z,NEM,SA1,65.87,1628.32
2026-05-07T07:05:00Z,NEM,TAS1,96.2,1309.25
2026-05-07T07:05:00Z,NEM,VIC1,60.77,7333.05
2026-05-07T07:10:00Z,NEM,NSW1,60.74,9313.81
2026-05-07T07:10:00Z,NEM,QLD1,64.65,7450.43
2026-05-07T07:10:00Z,NEM,SA1,58.58,1665.19
2026-05-07T07:10:00Z,NEM,TAS1,96.2,1307.1
2026-05-07T07:10:00Z,NEM,VIC1,54.72,7396.21
2026-05-07T07:15:00Z,NEM,NSW1,65.69,9364.98
2026-05-07T07:15:00Z,NEM,QLD1,71.7,7532.5
2026-05-07T07:15:00Z,NEM,SA1,61.62,1698.28
2026-05-07T07:15:00Z,NEM,TAS1,96.2,1311.92
2026-05-07T07:15:00Z,NEM,VIC1,59.29,7427.73
2026-05-07T07:20:00Z,NEM,NSW1,64.89,9487.49
2026-05-07T07:20:00Z,NEM,QLD1,68.66,7593.67
2026-05-07T07:20:00Z,NEM,SA1,62.11,1704.64
2026-05-07T07:20:00Z,NEM,TAS1,96.2,1328.65
2026-05-07T07:20:00Z,NEM,VIC1,59.75,7477.3
2026-05-07T07:25:00Z,NEM,NSW1,61.1,9567.7
2026-05-07T07:25:00Z,NEM,QLD1,63.99,7598.97
2026-05-07T07:25:00Z,NEM,SA1,60.48,1725.24
2026-05-07T07:25:00Z,NEM,TAS1,96.2,1323.85
2026-05-07T07:25:00Z,NEM,VIC1,58.0,7575.17
2026-05-07T07:30:00Z,NEM,NSW1,61.1,9697.69
2026-05-07T07:30:00Z,NEM,QLD1,66.5,7640.87
2026-05-07T07:30:00Z,NEM,SA1,58.13,1735.32
2026-05-07T07:30:00Z,NEM,TAS1,96.2,1333.01
2026-05-07T07:30:00Z,NEM,VIC1,57.13,7605.73
2026-05-07T07:35:00Z,NEM,NSW1,61.1,9778.5
2026-05-07T07:35:00Z,NEM,QLD1,68.61,7680.28
2026-05-07T07:35:00Z,NEM,SA1,57.99,1740.55
2026-05-07T07:35:00Z,NEM,TAS1,96.2,1334.0
2026-05-07T07:35:00Z,NEM,VIC1,55.45,7591.14
2026-05-07T07:40:00Z,NEM,NSW1,61.1,9934.39
2026-05-07T07:40:00Z,NEM,QLD1,65.41,7669.33
2026-05-07T07:40:00Z,NEM,SA1,57.07,1784.01
2026-05-07T07:40:00Z,NEM,TAS1,96.2,1339.52
2026-05-07T07:40:00Z,NEM,VIC1,54.31,7679.9
2026-05-07T07:45:00Z,NEM,NSW1,62.57,9982.68
2026-05-07T07:45:00Z,NEM,QLD1,68.66,7731.45
2026-05-07T07:45:00Z,NEM,SA1,57.97,1803.47
2026-05-07T07:45:00Z,NEM,TAS1,96.2,1345.02
2026-05-07T07:45:00Z,NEM,VIC1,54.91,7717.95
2026-05-07T07:50:00Z,NEM,NSW1,61.1,10046.29
2026-05-07T07:50:00Z,NEM,QLD1,64.76,7788.65
2026-05-07T07:50:00Z,NEM,SA1,56.6,1817.92
2026-05-07T07:50:00Z,NEM,TAS1,96.2,1363.36
2026-05-07T07:50:00Z,NEM,VIC1,53.85,7771.39
2026-05-07T07:55:00Z,NEM,NSW1,61.1,10104.33
2026-05-07T07:55:00Z,NEM,QLD1,64.41,7827.77
2026-05-07T07:55:00Z,NEM,SA1,56.53,1837.71
2026-05-07T07:55:00Z,NEM,TAS1,96.2,1366.3
2026-05-07T07:55:00Z,NEM,VIC1,53.7,7749.88
2026-05-07T08:00:00Z,NEM,NSW1,61.1,10131.01
2026-05-07T08:00:00Z,NEM,QLD1,64.73,7754.14
2026-05-07T08:00:00Z,NEM,SA1,56.04,1849.14
2026-05-07T08:00:00Z,NEM,TAS1,96.2,1362.14
2026-05-07T08:00:00Z,NEM,VIC1,53.69,7744.44
2026-05-07T08:05:00Z,NEM,NSW1,60.81,10063.69
2026-05-07T08:05:00Z,NEM,QLD1,64.83,7758.44
2026-05-07T08:05:00Z,NEM,SA1,55.98,1879.23
2026-05-07T08:05:00Z,NEM,TAS1,96.2,1358.81
2026-05-07T08:05:00Z,NEM,VIC1,53.69,7737.44
2026-05-07T08:10:00Z,NEM,NSW1,60.76,10124.46
2026-05-07T08:10:00Z,NEM,QLD1,64.65,7637.13
2026-05-07T08:10:00Z,NEM,SA1,56.2,1896.25
2026-05-07T08:10:00Z,NEM,TAS1,96.2,1353.95
2026-05-07T08:10:00Z,NEM,VIC1,53.95,7727.35
2026-05-07T08:15:00Z,NEM,NSW1,60.34,10110.01
2026-05-07T08:15:00Z,NEM,QLD1,64.65,7695.88
2026-05-07T08:15:00Z,NEM,SA1,56.27,1908.45
2026-05-07T08:15:00Z,NEM,TAS1,96.18,1348.72
2026-05-07T08:15:00Z,NEM,VIC1,53.69,7635.69
2026-05-07T08:20:00Z,NEM,NSW1,60.51,10069.06
2026-05-07T08:20:00Z,NEM,QLD1,64.65,7699.55
2026-05-07T08:20:00Z,NEM,SA1,56.01,1912.72
2026-05-07T08:20:00Z,NEM,TAS1,96.2,1347.51
2026-05-07T08:20:00Z,NEM,VIC1,53.69,7643.19
2026-05-07T08:25:00Z,NEM,NSW1,60.35,10048.04
2026-05-07T08:25:00Z,NEM,QLD1,64.65,7706.13
2026-05-07T08:25:00Z,NEM,SA1,54.05,1915.88
2026-05-07T08:25:00Z,NEM,TAS1,96.2,1352.77
2026-05-07T08:25:00Z,NEM,VIC1,53.23,7699.88
2026-05-07T08:30:00Z,NEM,NSW1,60.91,10127.84
2026-05-07T08:30:00Z,NEM,QLD1,64.65,7603.35
2026-05-07T08:30:00Z,NEM,SA1,55.54,1923.46
2026-05-07T08:30:00Z,NEM,TAS1,96.2,1353.44
2026-05-07T08:30:00Z,NEM,VIC1,53.69,7681.84
2026-05-07T08:35:00Z,NEM,NSW1,60.78,10062.86
2026-05-07T08:35:00Z,NEM,QLD1,64.65,7629.95
2026-05-07T08:35:00Z,NEM,SA1,56.2,1940.39
2026-05-07T08:35:00Z,NEM,TAS1,96.2,1353.83
2026-05-07T08:35:00Z,NEM,VIC1,53.65,7568.66
2026-05-07T08:40:00Z,NEM,NSW1,57.51,9987.19
2026-05-07T08:40:00Z,NEM,QLD1,61.46,7562.8
2026-05-07T08:40:00Z,NEM,SA1,52.01,1920.67
2026-05-07T08:40:00Z,NEM,TAS1,96.2,1353.83
2026-05-07T08:40:00Z,NEM,VIC1,50.43,7618.02
2026-05-07T08:45:00Z,NEM,NSW1,60.46,10059.77
2026-05-07T08:45:00Z,NEM,QLD1,64.65,7587.36
2026-05-07T08:45:00Z,NEM,SA1,52.39,1905.2
2026-05-07T08:45:00Z,NEM,TAS1,96.2,1347.57
2026-05-07T08:45:00Z,NEM,VIC1,51.78,7622.97
2026-05-07T08:50:00Z,NEM,NSW1,57.51,10044.34
2026-05-07T08:50:00Z,NEM,QLD1,61.45,7530.68
2026-05-07T08:50:00Z,NEM,SA1,49.68,1871.86
2026-05-07T08:50:00Z,NEM,TAS1,97.15,1346.24
2026-05-07T08:50:00Z,NEM,VIC1,49.17,7593.91
2026-05-07T08:55:00Z,NEM,NSW1,61.1,10056.55
2026-05-07T08:55:00Z,NEM,QLD1,64.65,7518.4
2026-05-07T08:55:00Z,NEM,SA1,53.82,1878.39
2026-05-07T08:55:00Z,NEM,TAS1,97.15,1345.27
2026-05-07T08:55:00Z,NEM,VIC1,52.99,7613.12
2026-05-07T09:00:00Z,NEM,NSW1,57.5,9948.98
2026-05-07T09:00:00Z,NEM,QLD1,58.47,7477.05
2026-05-07T09:00:00Z,NEM,SA1,49.67,1879.2
2026-05-07T09:00:00Z,NEM,TAS1,97.15,1344.12
2026-05-07T09:00:00Z,NEM,VIC1,48.83,7458.03
2026-05-07T09:05:00Z,NEM,NSW1,57.5,9934.57
2026-05-07T09:05:00Z,NEM,QLD1,61.0,7472.08
2026-05-07T09:05:00Z,NEM,SA1,50.2,1879.71
2026-05-07T09:05:00Z,NEM,TAS1,97.15,1340.14
2026-05-07T09:05:00Z,NEM,VIC1,49.2,7501.37
2026-05-07T09:10:00Z,NEM,NSW1,57.5,9824.16
2026-05-07T09:10:00Z,NEM,QLD1,60.93,7441.33
2026-05-07T09:10:00Z,NEM,SA1,53.15,1895.96
2026-05-07T09:10:00Z,NEM,TAS1,96.2,1334.39
2026-05-07T09:10:00Z,NEM,VIC1,49.99,7466.36
2026-05-07T09:15:00Z,NEM,NSW1,57.51,9850.94
2026-05-07T09:15:00Z,NEM,QLD1,62.03,7421.01
2026-05-07T09:15:00Z,NEM,SA1,52.16,1886.64
2026-05-07T09:15:00Z,NEM,TAS1,96.2,1319.71
2026-05-07T09:15:00Z,NEM,VIC1,49.23,7386.59
2026-05-07T09:20:00Z,NEM,NSW1,61.1,9878.11
2026-05-07T09:20:00Z,NEM,QLD1,64.65,7371.12
2026-05-07T09:20:00Z,NEM,SA1,56.77,1880.96
2026-05-07T09:20:00Z,NEM,TAS1,96.2,1315.04
2026-05-07T09:20:00Z,NEM,VIC1,53.41,7440.84
2026-05-07T09:25:00Z,NEM,NSW1,60.47,9889.03
2026-05-07T09:25:00Z,NEM,QLD1,63.99,7339.91
2026-05-07T09:25:00Z,NEM,SA1,55.31,1870.5
2026-05-07T09:25:00Z,NEM,TAS1,96.2,1316.94
2026-05-07T09:25:00Z,NEM,VIC1,52.46,7385.81
2026-05-07T09:30:00Z,NEM,NSW1,57.51,9828.1
2026-05-07T09:30:00Z,NEM,QLD1,60.84,7329.34
2026-05-07T09:30:00Z,NEM,SA1,53.06,1862.33
2026-05-07T09:30:00Z,NEM,TAS1,96.2,1307.61
2026-05-07T09:30:00Z,NEM,VIC1,49.87,7339.98
2026-05-07T09:35:00Z,NEM,NSW1,61.1,9815.46
2026-05-07T09:35:00Z,NEM,QLD1,63.41,7260.81
2026-05-07T09:35:00Z,NEM,SA1,56.41,1861.97
2026-05-07T09:35:00Z,NEM,TAS1,96.2,1296.0
2026-05-07T09:35:00Z,NEM,VIC1,53.01,7334.44
2026-05-07T09:40:00Z,NEM,NSW1,57.5,9771.9
2026-05-07T09:40:00Z,NEM,QLD1,60.04,7263.6
2026-05-07T09:40:00Z,NEM,SA1,50.56,1833.0
2026-05-07T09:40:00Z,NEM,TAS1,96.18,1287.14
2026-05-07T09:40:00Z,NEM,VIC1,48.35,7264.9
2026-05-07T09:45:00Z,NEM,NSW1,57.5,9694.4
2026-05-07T09:45:00Z,NEM,QLD1,60.05,7294.58
2026-05-07T09:45:00Z,NEM,SA1,52.2,1820.54
2026-05-07T09:45:00Z,NEM,TAS1,88.26,1283.19
2026-05-07T09:45:00Z,NEM,VIC1,48.79,7242.38
2026-05-07T09:50:00Z,NEM,NSW1,57.5,9721.67
2026-05-07T09:50:00Z,NEM,QLD1,60.4,7296.36
2026-05-07T09:50:00Z,NEM,SA1,41.53,1821.69
2026-05-07T09:50:00Z,NEM,TAS1,88.26,1276.77
2026-05-07T09:50:00Z,NEM,VIC1,29.69,7258.24
2026-05-07T09:55:00Z,NEM,NSW1,57.5,9785.76
2026-05-07T09:55:00Z,NEM,QLD1,59.28,7223.54
2026-05-07T09:55:00Z,NEM,SA1,52.34,1836.62
2026-05-07T09:55:00Z,NEM,TAS1,88.26,1280.53
2026-05-07T09:55:00Z,NEM,VIC1,48.77,7238.09
2026-05-07T10:00:00Z,NEM,NSW1,57.5,9761.49
2026-05-07T10:00:00Z,NEM,QLD1,58.87,7181.37
2026-05-07T10:00:00Z,NEM,SA1,50.99,1814.27
2026-05-07T10:00:00Z,NEM,TAS1,88.26,1287.12
2026-05-07T10:00:00Z,NEM,VIC1,47.69,7136.4
2026-05-07T10:05:00Z,NEM,NSW1,57.5,9634.93
2026-05-07T10:05:00Z,NEM,QLD1,56.36,7153.12
2026-05-07T10:05:00Z,NEM,SA1,48.19,1811.14
2026-05-07T10:05:00Z,NEM,TAS1,88.24,1276.7
2026-05-07T10:05:00Z,NEM,VIC1,39.29,7189.17
2026-05-07T10:10:00Z,NEM,NSW1,57.51,9621.37
2026-05-07T10:10:00Z,NEM,QLD1,58.85,7183.39
2026-05-07T10:10:00Z,NEM,SA1,47.19,1820.81
2026-05-07T10:10:00Z,NEM,TAS1,88.24,1278.81
2026-05-07T10:10:00Z,NEM,VIC1,39.29,7110.51
2026-05-07T10:15:00Z,NEM,NSW1,57.5,9629.24
2026-05-07T10:15:00Z,NEM,QLD1,57.74,7133.68
2026-05-07T10:15:00Z,NEM,SA1,41.53,1801.98
2026-05-07T10:15:00Z,NEM,TAS1,88.26,1281.66
2026-05-07T10:15:00Z,NEM,VIC1,29.69,7142.39
2026-05-07T10:20:00Z,NEM,NSW1,57.5,9637.82
2026-05-07T10:20:00Z,NEM,QLD1,56.61,7054.8
2026-05-07T10:20:00Z,NEM,SA1,41.71,1806.2
2026-05-07T10:20:00Z,NEM,TAS1,88.24,1269.16
2026-05-07T10:20:00Z,NEM,VIC1,29.69,7109.0
2026-05-07T10:25:00Z,NEM,NSW1,57.5,9510.47
2026-05-07T10:25:00Z,NEM,QLD1,56.58,7043.42
2026-05-07T10:25:00Z,NEM,SA1,42.54,1811.85
2026-05-07T10:25:00Z,NEM,TAS1,88.24,1262.8
2026-05-07T10:25:00Z,NEM,VIC1,29.69,7016.12
2026-05-07T10:30:00Z,NEM,NSW1,57.51,9522.68
2026-05-07T10:30:00Z,NEM,QLD1,57.3,7046.82
2026-05-07T10:30:00Z,NEM,SA1,54.31,1803.32
2026-05-07T10:30:00Z,NEM,TAS1,88.24,1267.88
2026-05-07T10:30:00Z,NEM,VIC1,49.87,7046.1
2026-05-07T10:35:00Z,NEM,NSW1,57.51,9417.04
2026-05-07T10:35:00Z,NEM,QLD1,56.51,6973.57
2026-05-07T10:35:00Z,NEM,SA1,34.82,1785.88
2026-05-07T10:35:00Z,NEM,TAS1,88.24,1248.86
2026-05-07T10:35:00Z,NEM,VIC1,15.14,6974.29
2026-05-07T10:40:00Z,NEM,NSW1,72.8,9490.72
2026-05-07T10:40:00Z,NEM,QLD1,71.7,7108.94
2026-05-07T10:40:00Z,NEM,SA1,42.24,1796.52
2026-05-07T10:40:00Z,NEM,TAS1,88.24,1246.13
2026-05-07T10:40:00Z,NEM,VIC1,15.11,6987.44
2026-05-07T10:45:00Z,NEM,NSW1,61.1,9354.97
2026-05-07T10:45:00Z,NEM,QLD1,60.16,7099.5
2026-05-07T10:45:00Z,NEM,SA1,37.54,1802.98
2026-05-07T10:45:00Z,NEM,TAS1,88.24,1248.85
2026-05-07T10:45:00Z,NEM,VIC1,15.11,6864.33
2026-05-07T10:50:00Z,NEM,NSW1,66.99,9341.22
2026-05-07T10:50:00Z,NEM,QLD1,64.65,7042.1
2026-05-07T10:50:00Z,NEM,SA1,36.56,1802.99
2026-05-07T10:50:00Z,NEM,TAS1,88.24,1249.54
2026-05-07T10:50:00Z,NEM,VIC1,8.47,6869.15
2026-05-07T10:55:00Z,NEM,NSW1,76.98,9367.34
2026-05-07T10:55:00Z,NEM,QLD1,74.41,7130.34
2026-05-07T10:55:00Z,NEM,SA1,43.53,1825.48
2026-05-07T10:55:00Z,NEM,TAS1,88.16,1240.94
2026-05-07T10:55:00Z,NEM,VIC1,13.01,6819.2
2026-05-07T11:00:00Z,NEM,NSW1,59.94,9245.56
2026-05-07T11:00:00Z,NEM,QLD1,56.04,7027.23
2026-05-07T11:00:00Z,NEM,SA1,45.45,1789.21
2026-05-07T11:00:00Z,NEM,TAS1,88.16,1235.22
2026-05-07T11:00:00Z,NEM,VIC1,29.69,6730.48
2026-05-07T11:05:00Z,NEM,NSW1,70.62,9201.61
2026-05-07T11:05:00Z,NEM,QLD1,64.73,6957.69
2026-05-07T11:05:00Z,NEM,SA1,41.8,1779.27
2026-05-07T11:05:00Z,NEM,TAS1,88.16,1231.22
2026-05-07T11:05:00Z,NEM,VIC1,15.15,6612.1
2026-05-07T11:10:00Z,NEM,NSW1,71.4,9158.17
2026-05-07T11:10:00Z,NEM,QLD1,66.27,6985.35
2026-05-07T11:10:00Z,NEM,SA1,50.49,1761.08
2026-05-07T11:10:00Z,NEM,TAS1,88.16,1225.99
2026-05-07T11:10:00Z,NEM,VIC1,29.69,6628.6
2026-05-07T11:15:00Z,NEM,NSW1,71.4,9135.1
2026-05-07T11:15:00Z,NEM,QLD1,65.77,6909.96
2026-05-07T11:15:00Z,NEM,SA1,49.06,1738.7
2026-05-07T11:15:00Z,NEM,TAS1,88.16,1223.57
2026-05-07T11:15:00Z,NEM,VIC1,27.02,6522.62
2026-05-07T11:20:00Z,NEM,NSW1,68.05,9036.92
2026-05-07T11:20:00Z,NEM,QLD1,64.65,6908.95
2026-05-07T11:20:00Z,NEM,SA1,34.52,1728.03
2026-05-07T11:20:00Z,NEM,TAS1,88.16,1216.19
2026-05-07T11:20:00Z,NEM,VIC1,5.02,6515.28
2026-05-07T11:25:00Z,NEM,NSW1,75.42,9029.1
2026-05-07T11:25:00Z,NEM,QLD1,71.69,6945.4
2026-05-07T11:25:00Z,NEM,SA1,53.98,1736.46
2026-05-07T11:25:00Z,NEM,TAS1,88.16,1207.56
2026-05-07T11:25:00Z,NEM,VIC1,29.69,6506.19
2026-05-07T11:30:00Z,NEM,NSW1,71.4,8905.17
2026-05-07T11:30:00Z,NEM,QLD1,70.34,6891.0
2026-05-07T11:30:00Z,NEM,SA1,36.93,1744.42
2026-05-07T11:30:00Z,NEM,TAS1,88.16,1201.49
2026-05-07T11:30:00Z,NEM,VIC1,5.02,6434.64
2026-05-07T11:35:00Z,NEM,NSW1,64.89,8859.58
2026-05-07T11:35:00Z,NEM,QLD1,61.07,6785.61
2026-05-07T11:35:00Z,NEM,SA1,36.32,1736.13
2026-05-07T11:35:00Z,NEM,TAS1,88.16,1190.08
2026-05-07T11:35:00Z,NEM,VIC1,8.94,6402.64
2026-05-07T11:40:00Z,NEM,NSW1,68.19,8830.4
2026-05-07T11:40:00Z,NEM,QLD1,64.65,6832.93
2026-05-07T11:40:00Z,NEM,SA1,37.3,1727.5
2026-05-07T11:40:00Z,NEM,TAS1,88.16,1172.48
2026-05-07T11:40:00Z,NEM,VIC1,7.02,6381.91
2026-05-07T11:45:00Z,NEM,NSW1,75.22,8801.59
2026-05-07T11:45:00Z,NEM,QLD1,71.69,6761.43
2026-05-07T11:45:00Z,NEM,SA1,40.88,1718.75
2026-05-07T11:45:00Z,NEM,TAS1,88.16,1167.77
2026-05-07T11:45:00Z,NEM,VIC1,5.08,6343.39
2026-05-07T11:50:00Z,NEM,NSW1,66.68,8664.8
2026-05-07T11:50:00Z,NEM,QLD1,64.65,6706.15
2026-05-07T11:50:00Z,NEM,SA1,31.57,1715.37
2026-05-07T11:50:00Z,NEM,TAS1,88.16,1158.45
2026-05-07T11:50:00Z,NEM,VIC1,0.0,6272.14
2026-05-07T11:55:00Z,NEM,NSW1,61.1,8746.47
2026-05-07T11:55:00Z,NEM,QLD1,58.95,6778.26
2026-05-07T11:55:00Z,NEM,SA1,29.33,1716.23
2026-05-07T11:55:00Z,NEM,TAS1,88.16,1147.28
2026-05-07T11:55:00Z,NEM,VIC1,0.01,6197.45
2026-05-07T12:00:00Z,NEM,NSW1,64.89,8665.47
2026-05-07T12:00:00Z,NEM,QLD1,63.64,6662.83
2026-05-07T12:00:00Z,NEM,SA1,31.29,1686.22
2026-05-07T12:00:00Z,NEM,TAS1,88.16,1133.01
2026-05-07T12:00:00Z,NEM,VIC1,0.01,6082.55
2026-05-07T12:05:00Z,NEM,NSW1,64.18,8556.79
2026-05-07T12:05:00Z,NEM,QLD1,63.99,6565.98
2026-05-07T12:05:00Z,NEM,SA1,31.22,1679.43
2026-05-07T12:05:00Z,NEM,TAS1,88.16,1139.09
2026-05-07T12:05:00Z,NEM,VIC1,-0.05,5962.4
2026-05-07T12:10:00Z,NEM,NSW1,72.67,8632.25
2026-05-07T12:10:00Z,NEM,QLD1,71.69,6657.72
2026-05-07T12:10:00Z,NEM,SA1,33.97,1661.29
2026-05-07T12:10:00Z,NEM,TAS1,88.16,1133.45
2026-05-07T12:10:00Z,NEM,VIC1,-0.05,5949.23
2026-05-07T12:15:00Z,NEM,NSW1,61.1,8592.74
2026-05-07T12:15:00Z,NEM,QLD1,58.71,6565.8
2026-05-07T12:15:00Z,NEM,SA1,120.14,1669.34
2026-05-07T12:15:00Z,NEM,TAS1,88.16,1128.12
2026-05-07T12:15:00Z,NEM,VIC1,-0.05,5933.25
2026-05-07T12:20:00Z,NEM,NSW1,66.53,8621.82
2026-05-07T12:20:00Z,NEM,QLD1,65.14,6571.81
2026-05-07T12:20:00Z,NEM,SA1,30.78,1590.81
2026-05-07T12:20:00Z,NEM,TAS1,88.16,1116.6
2026-05-07T12:20:00Z,NEM,VIC1,-0.05,5886.47
2026-05-07T12:25:00Z,NEM,NSW1,74.33,8595.1
2026-05-07T12:25:00Z,NEM,QLD1,71.69,6412.46
2026-05-07T12:25:00Z,NEM,SA1,37.77,1595.07
2026-05-07T12:25:00Z,NEM,TAS1,88.16,1104.18
2026-05-07T12:25:00Z,NEM,VIC1,5.08,5938.08
2026-05-07T12:30:00Z,NEM,NSW1,61.1,8422.45
2026-05-07T12:30:00Z,NEM,QLD1,59.98,6402.65
2026-05-07T12:30:00Z,NEM,SA1,28.66,1586.34
2026-05-07T12:30:00Z,NEM,TAS1,88.16,1106.08
2026-05-07T12:30:00Z,NEM,VIC1,0.01,5896.53
2026-05-07T12:35:00Z,NEM,NSW1,68.6,8399.84
2026-05-07T12:35:00Z,NEM,QLD1,64.83,6353.57
2026-05-07T12:35:00Z,NEM,SA1,31.97,1579.87
2026-05-07T12:35:00Z,NEM,TAS1,88.16,1096.53
2026-05-07T12:35:00Z,NEM,VIC1,-0.05,5792.25
2026-05-07T12:40:00Z,NEM,NSW1,76.98,8405.18
2026-05-07T12:40:00Z,NEM,QLD1,71.69,6346.77
2026-05-07T12:40:00Z,NEM,SA1,119.67,1601.26
2026-05-07T12:40:00Z,NEM,TAS1,88.16,1089.81
2026-05-07T12:40:00Z,NEM,VIC1,-0.05,5761.08
2026-05-07T12:45:00Z,NEM,NSW1,68.01,8373.36
2026-05-07T12:45:00Z,NEM,QLD1,64.65,6314.75
2026-05-07T12:45:00Z,NEM,SA1,31.31,1534.26
2026-05-07T12:45:00Z,NEM,TAS1,88.16,1091.92
2026-05-07T12:45:00Z,NEM,VIC1,-0.05,5784.46
2026-05-07T12:50:00Z,NEM,NSW1,71.4,8326.69
2026-05-07T12:50:00Z,NEM,QLD1,69.07,6261.17
2026-05-07T12:50:00Z,NEM,SA1,32.88,1557.98
2026-05-07T12:50:00Z,NEM,TAS1,88.16,1085.26
2026-05-07T12:50:00Z,NEM,VIC1,-0.05,5739.46
2026-05-07T12:55:00Z,NEM,NSW1,67.1,8228.36
2026-05-07T12:55:00Z,NEM,QLD1,64.83,6208.01
2026-05-07T12:55:00Z,NEM,SA1,31.14,1553.76
2026-05-07T12:55:00Z,NEM,TAS1,88.16,1075.48
2026-05-07T12:55:00Z,NEM,VIC1,-0.05,5588.02
2026-05-07T13:00:00Z,NEM,NSW1,71.4,8247.26
2026-05-07T13:00:00Z,NEM,QLD1,71.12,6203.31
2026-05-07T13:00:00Z,NEM,SA1,32.76,1548.28
2026-05-07T13:00:00Z,NEM,TAS1,88.16,1065.19
2026-05-07T13:00:00Z,NEM,VIC1,-0.05,5544.21
2026-05-07T13:05:00Z,NEM,NSW1,61.1,8233.34
2026-05-07T13:05:00Z,NEM,QLD1,60.1,6179.34
2026-05-07T13:05:00Z,NEM,SA1,31.04,1503.4
2026-05-07T13:05:00Z,NEM,TAS1,88.16,1057.19
2026-05-07T13:05:00Z,NEM,VIC1,5.08,5627.39
2026-05-07T13:10:00Z,NEM,NSW1,64.94,8169.5
2026-05-07T13:10:00Z,NEM,QLD1,64.65,6170.2
2026-05-07T13:10:00Z,NEM,SA1,32.61,1523.82
2026-05-07T13:10:00Z,NEM,TAS1,88.16,1047.11
2026-05-07T13:10:00Z,NEM,VIC1,5.02,5657.0
2026-05-07T13:15:00Z,NEM,NSW1,61.1,8133.5
2026-05-07T13:15:00Z,NEM,QLD1,60.81,6151.77
2026-05-07T13:15:00Z,NEM,SA1,33.13,1491.9
2026-05-07T13:15:00Z,NEM,TAS1,88.16,1023.9
2026-05-07T13:15:00Z,NEM,VIC1,8.95,5635.39
2026-05-07T13:20:00Z,NEM,NSW1,57.51,8048.54
2026-05-07T13:20:00Z,NEM,QLD1,57.19,6123.37
2026-05-07T13:20:00Z,NEM,SA1,29.25,1485.19
2026-05-07T13:20:00Z,NEM,TAS1,88.16,1033.77
2026-05-07T13:20:00Z,NEM,VIC1,5.08,5652.75
2026-05-07T13:25:00Z,NEM,NSW1,56.06,8004.12
2026-05-07T13:25:00Z,NEM,QLD1,55.0,6064.8
2026-05-07T13:25:00Z,NEM,SA1,30.92,1485.04
2026-05-07T13:25:00Z,NEM,TAS1,88.16,1051.62
2026-05-07T13:25:00Z,NEM,VIC1,8.94,5635.46
2026-05-07T13:30:00Z,NEM,NSW1,57.5,7959.67
2026-05-07T13:30:00Z,NEM,QLD1,56.76,6078.43
2026-05-07T13:30:00Z,NEM,SA1,31.63,1503.89
2026-05-07T13:30:00Z,NEM,TAS1,88.16,1047.85
2026-05-07T13:30:00Z,NEM,VIC1,8.94,5631.56
2026-05-07T13:35:00Z,NEM,NSW1,76.99,8025.11
2026-05-07T13:35:00Z,NEM,QLD1,72.75,6029.07
2026-05-07T13:35:00Z,NEM,SA1,40.85,1529.2
2026-05-07T13:35:00Z,NEM,TAS1,88.16,1031.9
2026-05-07T13:35:00Z,NEM,VIC1,8.94,5583.79
2026-05-07T13:40:00Z,NEM,NSW1,57.51,7924.91
2026-05-07T13:40:00Z,NEM,QLD1,55.53,6046.11
2026-05-07T13:40:00Z,NEM,SA1,29.57,1550.86
2026-05-07T13:40:00Z,NEM,TAS1,88.16,1029.64
2026-05-07T13:40:00Z,NEM,VIC1,5.08,5432.03
2026-05-07T13:45:00Z,NEM,NSW1,57.51,7884.27
2026-05-07T13:45:00Z,NEM,QLD1,56.07,6086.94
2026-05-07T13:45:00Z,NEM,SA1,29.71,1539.82
2026-05-07T13:45:00Z,NEM,TAS1,88.16,1010.26
2026-05-07T13:45:00Z,NEM,VIC1,5.08,5413.25
2026-05-07T13:50:00Z,NEM,NSW1,65.14,7847.05
2026-05-07T13:50:00Z,NEM,QLD1,64.65,6058.41
2026-05-07T13:50:00Z,NEM,SA1,33.19,1513.81
2026-05-07T13:50:00Z,NEM,TAS1,88.16,998.15
2026-05-07T13:50:00Z,NEM,VIC1,5.08,5339.29
2026-05-07T13:55:00Z,NEM,NSW1,65.58,7834.53
2026-05-07T13:55:00Z,NEM,QLD1,64.65,6008.38
2026-05-07T13:55:00Z,NEM,SA1,36.94,1519.75
2026-05-07T13:55:00Z,NEM,TAS1,88.16,1000.48
2026-05-07T13:55:00Z,NEM,VIC1,5.08,5263.86
2026-05-07T14:00:00Z,NEM,NSW1,56.06,7815.0
2026-05-07T14:00:00Z,NEM,QLD1,55.56,5978.4
2026-05-07T14:00:00Z,NEM,SA1,31.17,1502.44
2026-05-07T14:00:00Z,NEM,TAS1,88.16,996.63
2026-05-07T14:00:00Z,NEM,VIC1,8.95,5313.98
2026-05-07T14:05:00Z,NEM,NSW1,57.51,7737.8
2026-05-07T14:05:00Z,NEM,QLD1,57.33,5972.17
2026-05-07T14:05:00Z,NEM,SA1,29.71,1511.21
2026-05-07T14:05:00Z,NEM,TAS1,88.16,1003.74
2026-05-07T14:05:00Z,NEM,VIC1,5.08,5283.52
2026-05-07T14:10:00Z,NEM,NSW1,65.77,7782.65
2026-05-07T14:10:00Z,NEM,QLD1,64.73,5927.55
2026-05-07T14:10:00Z,NEM,SA1,33.39,1505.96
2026-05-07T14:10:00Z,NEM,TAS1,88.16,988.91
2026-05-07T14:10:00Z,NEM,VIC1,5.08,5258.76
2026-05-07T14:15:00Z,NEM,NSW1,57.51,7775.86
2026-05-07T14:15:00Z,NEM,QLD1,56.92,5890.74
2026-05-07T14:15:00Z,NEM,SA1,28.85,1492.52
2026-05-07T14:15:00Z,NEM,TAS1,88.16,984.5
2026-05-07T14:15:00Z,NEM,VIC1,4.01,5240.17
2026-05-07T14:20:00Z,NEM,NSW1,65.33,7777.1
2026-05-07T14:20:00Z,NEM,QLD1,64.65,5881.9
2026-05-07T14:20:00Z,NEM,SA1,30.16,1528.71
2026-05-07T14:20:00Z,NEM,TAS1,88.16,980.01
2026-05-07T14:20:00Z,NEM,VIC1,0.01,5145.93
2026-05-07T14:25:00Z,NEM,NSW1,66.31,7801.81
2026-05-07T14:25:00Z,NEM,QLD1,64.83,5887.1
2026-05-07T14:25:00Z,NEM,SA1,19.56,1529.03
2026-05-07T14:25:00Z,NEM,TAS1,85.62,981.49
2026-05-07T14:25:00Z,NEM,VIC1,-0.05,5077.84
2026-05-07T14:30:00Z,NEM,NSW1,66.22,7780.01
2026-05-07T14:30:00Z,NEM,QLD1,64.73,5889.3
2026-05-07T14:30:00Z,NEM,SA1,30.54,1522.55
2026-05-07T14:30:00Z,NEM,TAS1,88.16,976.57
2026-05-07T14:30:00Z,NEM,VIC1,0.01,5061.86
2026-05-07T14:35:00Z,NEM,NSW1,57.51,7690.97
2026-05-07T14:35:00Z,NEM,QLD1,56.82,5812.47
2026-05-07T14:35:00Z,NEM,SA1,27.46,1518.44
2026-05-07T14:35:00Z,NEM,TAS1,85.62,967.77
2026-05-07T14:35:00Z,NEM,VIC1,1.67,5101.49
2026-05-07T14:40:00Z,NEM,NSW1,66.24,7745.52
2026-05-07T14:40:00Z,NEM,QLD1,64.65,5801.14
2026-05-07T14:40:00Z,NEM,SA1,8.53,1524.97
2026-05-07T14:40:00Z,NEM,TAS1,76.67,980.31
2026-05-07T14:40:00Z,NEM,VIC1,1.67,5024.3
2026-05-07T14:45:00Z,NEM,NSW1,57.51,7674.62
2026-05-07T14:45:00Z,NEM,QLD1,56.43,5762.23
2026-05-07T14:45:00Z,NEM,SA1,27.45,1538.44
2026-05-07T14:45:00Z,NEM,TAS1,85.62,972.54
2026-05-07T14:45:00Z,NEM,VIC1,1.67,5047.3
2026-05-07T14:50:00Z,NEM,NSW1,57.51,7662.37
2026-05-07T14:50:00Z,NEM,QLD1,55.73,5700.26
2026-05-07T14:50:00Z,NEM,SA1,8.53,1511.15
2026-05-07T14:50:00Z,NEM,TAS1,76.66,967.53
2026-05-07T14:50:00Z,NEM,VIC1,1.67,5034.33
2026-05-07T14:55:00Z,NEM,NSW1,57.51,7632.78
2026-05-07T14:55:00Z,NEM,QLD1,55.73,5720.14
2026-05-07T14:55:00Z,NEM,SA1,16.43,1527.43
2026-05-07T14:55:00Z,NEM,TAS1,75.01,969.46
2026-05-07T14:55:00Z,NEM,VIC1,0.01,4988.96
2026-05-07T15:00:00Z,NEM,NSW1,56.06,7500.67
2026-05-07T15:00:00Z,NEM,QLD1,54.59,5711.2
2026-05-07T15:00:00Z,NEM,SA1,15.71,1515.37
2026-05-07T15:00:00Z,NEM,TAS1,60.26,964.69
2026-05-07T15:00:00Z,NEM,VIC1,0.01,4963.63
2026-05-07T15:05:00Z,NEM,NSW1,57.51,7461.19
2026-05-07T15:05:00Z,NEM,QLD1,55.73,5700.55
2026-05-07T15:05:00Z,NEM,SA1,120.14,1535.98
2026-05-07T15:05:00Z,NEM,TAS1,74.95,958.89
2026-05-07T15:05:00Z,NEM,VIC1,-0.05,4834.31
2026-05-07T15:10:00Z,NEM,NSW1,57.51,7482.36
2026-05-07T15:10:00Z,NEM,QLD1,55.98,5690.53
2026-05-07T15:10:00Z,NEM,SA1,10.87,1446.07
2026-05-07T15:10:00Z,NEM,TAS1,74.98,964.19
2026-05-07T15:10:00Z,NEM,VIC1,1.67,4897.11
2026-05-07T15:15:00Z,NEM,NSW1,57.51,7477.34
2026-05-07T15:15:00Z,NEM,QLD1,55.73,5641.19
2026-05-07T15:15:00Z,NEM,SA1,119.67,1514.6
2026-05-07T15:15:00Z,NEM,TAS1,76.67,884.78
2026-05-07T15:15:00Z,NEM,VIC1,1.67,4860.25
2026-05-07T15:20:00Z,NEM,NSW1,57.51,7391.9
2026-05-07T15:20:00Z,NEM,QLD1,56.32,5712.64
2026-05-07T15:20:00Z,NEM,SA1,10.8,1461.56
2026-05-07T15:20:00Z,NEM,TAS1,76.66,877.91
2026-05-07T15:20:00Z,NEM,VIC1,1.67,4824.88
2026-05-07T15:25:00Z,NEM,NSW1,57.51,7430.35
2026-05-07T15:25:00Z,NEM,QLD1,56.26,5629.13
2026-05-07T15:25:00Z,NEM,SA1,16.41,1479.99
2026-05-07T15:25:00Z,NEM,TAS1,60.22,873.65
2026-05-07T15:25:00Z,NEM,VIC1,1.67,4767.78
2026-05-07T15:30:00Z,NEM,NSW1,56.01,7397.84
2026-05-07T15:30:00Z,NEM,QLD1,52.75,5587.96
2026-05-07T15:30:00Z,NEM,SA1,15.62,1469.85
2026-05-07T15:30:00Z,NEM,TAS1,75.01,886.23
2026-05-07T15:30:00Z,NEM,VIC1,0.01,4749.15
2026-05-07T15:35:00Z,NEM,NSW1,57.51,7321.89
2026-05-07T15:35:00Z,NEM,QLD1,54.8,5566.05
2026-05-07T15:35:00Z,NEM,SA1,16.01,1472.27
2026-05-07T15:35:00Z,NEM,TAS1,75.0,927.44
2026-05-07T15:35:00Z,NEM,VIC1,0.0,4719.41
2026-05-07T15:40:00Z,NEM,NSW1,57.51,7331.13
2026-05-07T15:40:00Z,NEM,QLD1,55.73,5553.36
2026-05-07T15:40:00Z,NEM,SA1,15.71,1475.62
2026-05-07T15:40:00Z,NEM,TAS1,70.27,956.06
2026-05-07T15:40:00Z,NEM,VIC1,0.0,4694.7
2026-05-07T15:45:00Z,NEM,NSW1,57.07,7208.21
2026-05-07T15:45:00Z,NEM,QLD1,55.73,5581.56
2026-05-07T15:45:00Z,NEM,SA1,36.12,1514.35
2026-05-07T15:45:00Z,NEM,TAS1,72.73,946.39
2026-05-07T15:45:00Z,NEM,VIC1,-0.05,4608.96
2026-05-07T15:50:00Z,NEM,NSW1,56.03,7151.49
2026-05-07T15:50:00Z,NEM,QLD1,53.97,5499.16
2026-05-07T15:50:00Z,NEM,SA1,8.53,1449.09
2026-05-07T15:50:00Z,NEM,TAS1,72.75,955.03
2026-05-07T15:50:00Z,NEM,VIC1,-0.05,4579.6
2026-05-07T15:55:00Z,NEM,NSW1,56.06,7171.18
2026-05-07T15:55:00Z,NEM,QLD1,54.42,5601.34
2026-05-07T15:55:00Z,NEM,SA1,15.71,1485.89
2026-05-07T15:55:00Z,NEM,TAS1,74.25,952.56
2026-05-07T15:55:00Z,NEM,VIC1,-0.1,4589.72
2026-05-07T16:00:00Z,NEM,NSW1,56.06,7077.25
2026-05-07T16:00:00Z,NEM,QLD1,54.5,5595.97
2026-05-07T16:00:00Z,NEM,SA1,8.53,1488.83
2026-05-07T16:00:00Z,NEM,TAS1,74.3,962.55
2026-05-07T16:00:00Z,NEM,VIC1,-0.05,4612.75
2026-05-07T16:05:00Z,NEM,NSW1,56.06,7172.84
2026-05-07T16:05:00Z,NEM,QLD1,53.35,5507.09
2026-05-07T16:05:00Z,NEM,SA1,98.0,1474.69
2026-05-07T16:05:00Z,NEM,TAS1,74.16,953.11
2026-05-07T16:05:00Z,NEM,VIC1,-0.1,4467.9
2026-05-07T16:10:00Z,NEM,NSW1,57.51,7132.58
2026-05-07T16:10:00Z,NEM,QLD1,56.15,5578.16
2026-05-07T16:10:00Z,NEM,SA1,16.43,1415.17
2026-05-07T16:10:00Z,NEM,TAS1,74.29,964.4
2026-05-07T16:10:00Z,NEM,VIC1,0.0,4561.64
2026-05-07T16:15:00Z,NEM,NSW1,56.06,7055.48
2026-05-07T16:15:00Z,NEM,QLD1,55.03,5562.06
2026-05-07T16:15:00Z,NEM,SA1,-0.06,1445.89
2026-05-07T16:15:00Z,NEM,TAS1,74.24,952.17
2026-05-07T16:15:00Z,NEM,VIC1,-0.05,4546.74
2026-05-07T16:20:00Z,NEM,NSW1,56.03,7035.26
2026-05-07T16:20:00Z,NEM,QLD1,53.32,5541.53
2026-05-07T16:20:00Z,NEM,SA1,18.2,1442.71
2026-05-07T16:20:00Z,NEM,TAS1,74.36,951.88
2026-05-07T16:20:00Z,NEM,VIC1,0.01,4509.09
2026-05-07T16:25:00Z,NEM,NSW1,56.03,7057.12
2026-05-07T16:25:00Z,NEM,QLD1,52.95,5485.59
2026-05-07T16:25:00Z,NEM,SA1,5.19,1416.48
2026-05-07T16:25:00Z,NEM,TAS1,74.95,952.82
2026-05-07T16:25:00Z,NEM,VIC1,-0.05,4522.32
2026-05-07T16:30:00Z,NEM,NSW1,56.05,7001.31
2026-05-07T16:30:00Z,NEM,QLD1,52.75,5486.05
2026-05-07T16:30:00Z,NEM,SA1,26.79,1420.13
2026-05-07T16:30:00Z,NEM,TAS1,86.95,967.16
2026-05-07T16:30:00Z,NEM,VIC1,-0.05,4415.21
2026-05-07T16:35:00Z,NEM,NSW1,56.06,6933.58
2026-05-07T16:35:00Z,NEM,QLD1,52.75,5508.47
2026-05-07T16:35:00Z,NEM,SA1,16.24,1412.24
2026-05-07T16:35:00Z,NEM,TAS1,86.9,977.24
2026-05-07T16:35:00Z,NEM,VIC1,-0.1,4425.93
2026-05-07T16:40:00Z,NEM,NSW1,56.06,6907.7
2026-05-07T16:40:00Z,NEM,QLD1,52.75,5475.04
2026-05-07T16:40:00Z,NEM,SA1,0.01,1391.63
2026-05-07T16:40:00Z,NEM,TAS1,75.01,973.59
2026-05-07T16:40:00Z,NEM,VIC1,0.01,4506.31
2026-05-07T16:45:00Z,NEM,NSW1,57.11,6961.35
2026-05-07T16:45:00Z,NEM,QLD1,53.99,5540.91
2026-05-07T16:45:00Z,NEM,SA1,16.44,1412.13
2026-05-07T16:45:00Z,NEM,TAS1,74.3,965.51
2026-05-07T16:45:00Z,NEM,VIC1,-0.05,4478.07
2026-05-07T16:50:00Z,NEM,NSW1,56.06,6945.74
2026-05-07T16:50:00Z,NEM,QLD1,52.99,5529.96
2026-05-07T16:50:00Z,NEM,SA1,9.77,1411.87
2026-05-07T16:50:00Z,NEM,TAS1,74.26,968.61
2026-05-07T16:50:00Z,NEM,VIC1,0.0,4483.45
2026-05-07T16:55:00Z,NEM,NSW1,56.06,6938.9
2026-05-07T16:55:00Z,NEM,QLD1,52.75,5495.88
2026-05-07T16:55:00Z,NEM,SA1,8.51,1415.46
2026-05-07T16:55:00Z,NEM,TAS1,74.18,964.24
2026-05-07T16:55:00Z,NEM,VIC1,-0.1,4413.83
2026-05-07T17:00:00Z,NEM,NSW1,56.06,6941.82
2026-05-07T17:00:00Z,NEM,QLD1,52.75,5467.68
2026-05-07T17:00:00Z,NEM,SA1,39.9,1402.03
2026-05-07T17:00:00Z,NEM,TAS1,74.95,973.58
2026-05-07T17:00:00Z,NEM,VIC1,-0.05,4414.25
2026-05-07T17:05:00Z,NEM,NSW1,56.06,6854.84
2026-05-07T17:05:00Z,NEM,QLD1,52.75,5461.35
2026-05-07T17:05:00Z,NEM,SA1,5.19,1385.27
2026-05-07T17:05:00Z,NEM,TAS1,74.95,970.79
2026-05-07T17:05:00Z,NEM,VIC1,-0.05,4446.71
2026-05-07T17:10:00Z,NEM,NSW1,57.51,6949.23
2026-05-07T17:10:00Z,NEM,QLD1,54.37,5548.88
2026-05-07T17:10:00Z,NEM,SA1,58.58,1418.78
2026-05-07T17:10:00Z,NEM,TAS1,74.9,979.17
2026-05-07T17:10:00Z,NEM,VIC1,-0.1,4342.42
2026-05-07T17:15:00Z,NEM,NSW1,57.51,6992.64
2026-05-07T17:15:00Z,NEM,QLD1,54.01,5521.7
2026-05-07T17:15:00Z,NEM,SA1,-0.06,1392.37
2026-05-07T17:15:00Z,NEM,TAS1,74.95,981.64
2026-05-07T17:15:00Z,NEM,VIC1,-0.05,4353.13
2026-05-07T17:20:00Z,NEM,NSW1,56.06,6954.63
2026-05-07T17:20:00Z,NEM,QLD1,52.75,5509.18
2026-05-07T17:20:00Z,NEM,SA1,15.72,1404.58
2026-05-07T17:20:00Z,NEM,TAS1,74.43,975.12
2026-05-07T17:20:00Z,NEM,VIC1,-0.1,4372.11
2026-05-07T17:25:00Z,NEM,NSW1,56.03,6888.63
2026-05-07T17:25:00Z,NEM,QLD1,52.98,5579.85
2026-05-07T17:25:00Z,NEM,SA1,-0.11,1395.3
2026-05-07T17:25:00Z,NEM,TAS1,74.16,961.92
2026-05-07T17:25:00Z,NEM,VIC1,-0.1,4359.53
2026-05-07T17:30:00Z,NEM,NSW1,56.06,6921.86
2026-05-07T17:30:00Z,NEM,QLD1,52.75,5554.06
2026-05-07T17:30:00Z,NEM,SA1,8.53,1383.6
2026-05-07T17:30:00Z,NEM,TAS1,88.16,956.09
2026-05-07T17:30:00Z,NEM,VIC1,-0.1,4301.12
2026-05-07T17:35:00Z,NEM,NSW1,56.06,6869.82
2026-05-07T17:35:00Z,NEM,QLD1,52.96,5519.15
2026-05-07T17:35:00Z,NEM,SA1,15.61,1389.61
2026-05-07T17:35:00Z,NEM,TAS1,74.3,965.86
2026-05-07T17:35:00Z,NEM,VIC1,-0.05,4345.91
2026-05-07T17:40:00Z,NEM,NSW1,56.06,6796.52
2026-05-07T17:40:00Z,NEM,QLD1,53.93,5614.75
2026-05-07T17:40:00Z,NEM,SA1,5.19,1383.34
2026-05-07T17:40:00Z,NEM,TAS1,74.16,976.01
2026-05-07T17:40:00Z,NEM,VIC1,-0.1,4355.82
2026-05-07T17:45:00Z,NEM,NSW1,56.63,6839.5
2026-05-07T17:45:00Z,NEM,QLD1,54.25,5624.12
2026-05-07T17:45:00Z,NEM,SA1,-0.06,1394.59
2026-05-07T17:45:00Z,NEM,TAS1,74.31,964.57
2026-05-07T17:45:00Z,NEM,VIC1,-0.05,4360.41
2026-05-07T17:50:00Z,NEM,NSW1,56.06,6880.22
2026-05-07T17:50:00Z,NEM,QLD1,52.75,5503.48
2026-05-07T17:50:00Z,NEM,SA1,15.88,1404.04
2026-05-07T17:50:00Z,NEM,TAS1,74.9,985.96
2026-05-07T17:50:00Z,NEM,VIC1,-0.1,4374.29
2026-05-07T17:55:00Z,NEM,NSW1,56.06,6818.47
2026-05-07T17:55:00Z,NEM,QLD1,52.6,5488.3
2026-05-07T17:55:00Z,NEM,SA1,0.55,1375.24
2026-05-07T17:55:00Z,NEM,TAS1,74.9,991.18
2026-05-07T17:55:00Z,NEM,VIC1,-0.1,4281.55
2026-05-07T18:00:00Z,NEM,NSW1,56.15,6857.34
2026-05-07T18:00:00Z,NEM,QLD1,52.75,5557.88
2026-05-07T18:00:00Z,NEM,SA1,15.58,1384.82
2026-05-07T18:00:00Z,NEM,TAS1,74.95,1001.45
2026-05-07T18:00:00Z,NEM,VIC1,-0.05,4310.9
2026-05-07T18:05:00Z,NEM,NSW1,56.06,6746.36
2026-05-07T18:05:00Z,NEM,QLD1,52.65,5588.17
2026-05-07T18:05:00Z,NEM,SA1,0.3,1389.42
2026-05-07T18:05:00Z,NEM,TAS1,76.95,994.6
2026-05-07T18:05:00Z,NEM,VIC1,-0.05,4384.99
2026-05-07T18:10:00Z,NEM,NSW1,56.06,6797.8
2026-05-07T18:10:00Z,NEM,QLD1,52.75,5620.23
2026-05-07T18:10:00Z,NEM,SA1,58.58,1413.01
2026-05-07T18:10:00Z,NEM,TAS1,76.57,994.36
2026-05-07T18:10:00Z,NEM,VIC1,-0.05,4384.1
2026-05-07T18:15:00Z,NEM,NSW1,56.06,6790.83
2026-05-07T18:15:00Z,NEM,QLD1,52.75,5605.3
2026-05-07T18:15:00Z,NEM,SA1,8.5,1353.78
2026-05-07T18:15:00Z,NEM,TAS1,76.17,991.72
2026-05-07T18:15:00Z,NEM,VIC1,-0.1,4398.24
2026-05-07T18:20:00Z,NEM,NSW1,56.46,6891.86
2026-05-07T18:20:00Z,NEM,QLD1,52.75,5601.82
2026-05-07T18:20:00Z,NEM,SA1,-0.06,1348.78
2026-05-07T18:20:00Z,NEM,TAS1,76.95,1002.64
2026-05-07T18:20:00Z,NEM,VIC1,-0.05,4400.82
2026-05-07T18:25:00Z,NEM,NSW1,57.51,6898.65
2026-05-07T18:25:00Z,NEM,QLD1,54.12,5655.51
2026-05-07T18:25:00Z,NEM,SA1,10.0,1387.22
2026-05-07T18:25:00Z,NEM,TAS1,77.01,992.76
2026-05-07T18:25:00Z,NEM,VIC1,0.01,4415.6
2026-05-07T18:30:00Z,NEM,NSW1,56.06,6855.48
2026-05-07T18:30:00Z,NEM,QLD1,52.75,5674.83
2026-05-07T18:30:00Z,NEM,SA1,-0.06,1357.97
2026-05-07T18:30:00Z,NEM,TAS1,76.95,992.14
2026-05-07T18:30:00Z,NEM,VIC1,-0.05,4438.4
2026-05-07T18:35:00Z,NEM,NSW1,56.77,6938.49
2026-05-07T18:35:00Z,NEM,QLD1,52.75,5638.75
2026-05-07T18:35:00Z,NEM,SA1,-0.11,1347.75
2026-05-07T18:35:00Z,NEM,TAS1,76.9,991.42
2026-05-07T18:35:00Z,NEM,VIC1,-0.1,4464.13
2026-05-07T18:40:00Z,NEM,NSW1,57.51,6925.99
2026-05-07T18:40:00Z,NEM,QLD1,53.82,5696.2
2026-05-07T18:40:00Z,NEM,SA1,0.0,1379.55
2026-05-07T18:40:00Z,NEM,TAS1,76.95,1019.18
2026-05-07T18:40:00Z,NEM,VIC1,-0.05,4367.09
2026-05-07T18:45:00Z,NEM,NSW1,59.21,7018.28
2026-05-07T18:45:00Z,NEM,QLD1,55.73,5751.43
2026-05-07T18:45:00Z,NEM,SA1,-0.11,1386.05
2026-05-07T18:45:00Z,NEM,TAS1,76.9,1025.84
2026-05-07T18:45:00Z,NEM,VIC1,-0.1,4448.03
2026-05-07T18:50:00Z,NEM,NSW1,57.51,7060.8
2026-05-07T18:50:00Z,NEM,QLD1,54.26,5790.1
2026-05-07T18:50:00Z,NEM,SA1,9.83,1365.8
2026-05-07T18:50:00Z,NEM,TAS1,76.9,1024.29
2026-05-07T18:50:00Z,NEM,VIC1,-0.1,4441.75
2026-05-07T18:55:00Z,NEM,NSW1,58.85,7061.05
2026-05-07T18:55:00Z,NEM,QLD1,55.53,5796.88
2026-05-07T18:55:00Z,NEM,SA1,-0.06,1352.93
2026-05-07T18:55:00Z,NEM,TAS1,76.27,1017.33
2026-05-07T18:55:00Z,NEM,VIC1,-0.05,4444.54
2026-05-07T19:00:00Z,NEM,NSW1,57.51,7029.08
2026-05-07T19:00:00Z,NEM,QLD1,54.24,5772.46
2026-05-07T19:00:00Z,NEM,SA1,-0.11,1380.12
2026-05-07T19:00:00Z,NEM,TAS1,76.2,1014.6
2026-05-07T19:00:00Z,NEM,VIC1,-0.1,4522.91
2026-05-07T19:05:00Z,NEM,NSW1,57.51,7065.02
2026-05-07T19:05:00Z,NEM,QLD1,54.13,5797.78
2026-05-07T19:05:00Z,NEM,SA1,16.25,1391.34
2026-05-07T19:05:00Z,NEM,TAS1,76.25,1020.78
2026-05-07T19:05:00Z,NEM,VIC1,-0.05,4555.46
2026-05-07T19:10:00Z,NEM,NSW1,57.51,7185.99
2026-05-07T19:10:00Z,NEM,QLD1,54.34,5851.0
2026-05-07T19:10:00Z,NEM,SA1,10.01,1384.59
2026-05-07T19:10:00Z,NEM,TAS1,76.23,1031.72
2026-05-07T19:10:00Z,NEM,VIC1,-0.05,4649.0
2026-05-07T19:15:00Z,NEM,NSW1,64.89,7268.24
2026-05-07T19:15:00Z,NEM,QLD1,61.07,5944.03
2026-05-07T19:15:00Z,NEM,SA1,11.24,1392.52
2026-05-07T19:15:00Z,NEM,TAS1,76.2,1042.74
2026-05-07T19:15:00Z,NEM,VIC1,-0.1,4665.95
2026-05-07T19:20:00Z,NEM,NSW1,76.61,7294.82
2026-05-07T19:20:00Z,NEM,QLD1,71.69,5987.76
2026-05-07T19:20:00Z,NEM,SA1,21.13,1393.63
2026-05-07T19:20:00Z,NEM,TAS1,76.95,1048.85
2026-05-07T19:20:00Z,NEM,VIC1,-0.05,4634.08
2026-05-07T19:25:00Z,NEM,NSW1,70.42,7403.71
2026-05-07T19:25:00Z,NEM,QLD1,64.83,5991.81
2026-05-07T19:25:00Z,NEM,SA1,12.13,1389.01
2026-05-07T19:25:00Z,NEM,TAS1,76.9,1060.08
2026-05-07T19:25:00Z,NEM,VIC1,-0.1,4640.62
2026-05-07T19:30:00Z,NEM,NSW1,71.4,7357.42
2026-05-07T19:30:00Z,NEM,QLD1,66.89,6059.7
2026-05-07T19:30:00Z,NEM,SA1,20.32,1386.42
2026-05-07T19:30:00Z,NEM,TAS1,76.9,1067.19
2026-05-07T19:30:00Z,NEM,VIC1,-0.1,4693.32
2026-05-07T19:35:00Z,NEM,NSW1,57.51,7362.38
2026-05-07T19:35:00Z,NEM,QLD1,54.89,6053.41
2026-05-07T19:35:00Z,NEM,SA1,-0.06,1372.19
2026-05-07T19:35:00Z,NEM,TAS1,76.23,1059.87
2026-05-07T19:35:00Z,NEM,VIC1,-0.05,4813.16
2026-05-07T19:40:00Z,NEM,NSW1,57.72,7484.69
2026-05-07T19:40:00Z,NEM,QLD1,55.53,6070.6
2026-05-07T19:40:00Z,NEM,SA1,-0.11,1413.31
2026-05-07T19:40:00Z,NEM,TAS1,76.2,1063.63
2026-05-07T19:40:00Z,NEM,VIC1,-0.1,4836.76
2026-05-07T19:45:00Z,NEM,NSW1,67.38,7589.84
2026-05-07T19:45:00Z,NEM,QLD1,64.83,6112.31
2026-05-07T19:45:00Z,NEM,SA1,0.01,1423.72
2026-05-07T19:45:00Z,NEM,TAS1,76.3,1073.58
2026-05-07T19:45:00Z,NEM,VIC1,0.01,4882.64
2026-05-07T19:50:00Z,NEM,NSW1,66.81,7735.26
2026-05-07T19:50:00Z,NEM,QLD1,64.73,6122.12
2026-05-07T19:50:00Z,NEM,SA1,18.2,1429.74
2026-05-07T19:50:00Z,NEM,TAS1,76.25,1077.19
2026-05-07T19:50:00Z,NEM,VIC1,-0.05,4932.2
2026-05-07T19:55:00Z,NEM,NSW1,66.87,7780.01
2026-05-07T19:55:00Z,NEM,QLD1,64.83,6153.87
2026-05-07T19:55:00Z,NEM,SA1,1.1,1411.22
2026-05-07T19:55:00Z,NEM,TAS1,77.01,1081.96
2026-05-07T19:55:00Z,NEM,VIC1,0.01,4984.84
2026-05-07T20:00:00Z,NEM,NSW1,71.4,7767.33
2026-05-07T20:00:00Z,NEM,QLD1,67.58,6215.97
2026-05-07T20:00:00Z,NEM,SA1,56.2,1429.92
2026-05-07T20:00:00Z,NEM,TAS1,82.26,1093.82
2026-05-07T20:00:00Z,NEM,VIC1,5.08,5074.96
2026-05-07T20:05:00Z,NEM,NSW1,56.06,7875.27
2026-05-07T20:05:00Z,NEM,QLD1,53.11,6241.51
2026-05-07T20:05:00Z,NEM,SA1,5.7,1401.7
2026-05-07T20:05:00Z,NEM,TAS1,81.52,1103.1
2026-05-07T20:05:00Z,NEM,VIC1,5.08,5149.61
2026-05-07T20:10:00Z,NEM,NSW1,57.51,8014.34
2026-05-07T20:10:00Z,NEM,QLD1,55.98,6351.7
2026-05-07T20:10:00Z,NEM,SA1,5.78,1433.38
2026-05-07T20:10:00Z,NEM,TAS1,61.75,1118.47
2026-05-07T20:10:00Z,NEM,VIC1,5.08,5190.09
2026-05-07T20:15:00Z,NEM,NSW1,71.4,8159.46
2026-05-07T20:15:00Z,NEM,QLD1,69.16,6400.65
2026-05-07T20:15:00Z,NEM,SA1,5.75,1454.84
2026-05-07T20:15:00Z,NEM,TAS1,81.45,1129.23
2026-05-07T20:15:00Z,NEM,VIC1,5.08,5237.43
2026-05-07T20:20:00Z,NEM,NSW1,66.6,8300.01
2026-05-07T20:20:00Z,NEM,QLD1,63.8,6452.84
2026-05-07T20:20:00Z,NEM,SA1,35.27,1459.0
2026-05-07T20:20:00Z,NEM,TAS1,88.24,1150.38
2026-05-07T20:20:00Z,NEM,VIC1,8.94,5367.64
2026-05-07T20:25:00Z,NEM,NSW1,64.89,8346.16
2026-05-07T20:25:00Z,NEM,QLD1,60.75,6556.87
2026-05-07T20:25:00Z,NEM,SA1,36.71,1422.72
2026-05-07T20:25:00Z,NEM,TAS1,88.24,1149.08
2026-05-07T20:25:00Z,NEM,VIC1,13.85,5486.28
2026-05-07T20:30:00Z,NEM,NSW1,74.67,8404.75
2026-05-07T20:30:00Z,NEM,QLD1,71.69,6556.49
2026-05-07T20:30:00Z,NEM,SA1,36.91,1408.6
2026-05-07T20:30:00Z,NEM,TAS1,88.24,1158.63
2026-05-07T20:30:00Z,NEM,VIC1,8.95,5540.45
2026-05-07T20:35:00Z,NEM,NSW1,74.89,8473.78
2026-05-07T20:35:00Z,NEM,QLD1,71.69,6590.72
2026-05-07T20:35:00Z,NEM,SA1,38.52,1413.47
2026-05-07T20:35:00Z,NEM,TAS1,88.24,1160.2
2026-05-07T20:35:00Z,NEM,VIC1,8.95,5617.13
2026-05-07T20:40:00Z,NEM,NSW1,79.0,8691.51
2026-05-07T20:40:00Z,NEM,QLD1,75.19,6706.15
2026-05-07T20:40:00Z,NEM,SA1,40.6,1430.59
2026-05-07T20:40:00Z,NEM,TAS1,88.24,1174.32
2026-05-07T20:40:00Z,NEM,VIC1,8.95,5734.27
2026-05-07T20:45:00Z,NEM,NSW1,97.37,8744.86
2026-05-07T20:45:00Z,NEM,QLD1,92.59,6628.42
2026-05-07T20:45:00Z,NEM,SA1,49.12,1461.69
2026-05-07T20:45:00Z,NEM,TAS1,89.24,1181.94
2026-05-07T20:45:00Z,NEM,VIC1,8.95,5795.62
2026-05-07T20:50:00Z,NEM,NSW1,79.0,8797.27
2026-05-07T20:50:00Z,NEM,QLD1,75.68,6695.83
2026-05-07T20:50:00Z,NEM,SA1,51.85,1481.46
2026-05-07T20:50:00Z,NEM,TAS1,89.24,1193.01
2026-05-07T20:50:00Z,NEM,VIC1,29.69,5939.68
2026-05-07T20:55:00Z,NEM,NSW1,76.96,8901.14
2026-05-07T20:55:00Z,NEM,QLD1,72.83,6697.38
2026-05-07T20:55:00Z,NEM,SA1,38.98,1503.1
2026-05-07T20:55:00Z,NEM,TAS1,90.85,1209.44
2026-05-07T20:55:00Z,NEM,VIC1,8.95,5864.43
2026-05-07T21:00:00Z,NEM,NSW1,76.99,8922.7
2026-05-07T21:00:00Z,NEM,QLD1,71.01,6657.31
2026-05-07T21:00:00Z,NEM,SA1,49.67,1489.86
2026-05-07T21:00:00Z,NEM,TAS1,90.24,1213.13
2026-05-07T21:00:00Z,NEM,VIC1,29.69,5949.11
2026-05-07T21:05:00Z,NEM,NSW1,57.51,8962.1
2026-05-07T21:05:00Z,NEM,QLD1,51.7,6628.5
2026-05-07T21:05:00Z,NEM,SA1,40.77,1505.96
2026-05-07T21:05:00Z,NEM,TAS1,89.24,1217.67
2026-05-07T21:05:00Z,NEM,VIC1,29.69,6036.5
2026-05-07T21:10:00Z,NEM,NSW1,57.51,8956.33
2026-05-07T21:10:00Z,NEM,QLD1,51.69,6586.87
2026-05-07T21:10:00Z,NEM,SA1,41.5,1521.26
2026-05-07T21:10:00Z,NEM,TAS1,89.24,1202.89
2026-05-07T21:10:00Z,NEM,VIC1,29.69,6164.73
2026-05-07T21:15:00Z,NEM,NSW1,57.51,9030.96
2026-05-07T21:15:00Z,NEM,QLD1,52.73,6623.3
2026-05-07T21:15:00Z,NEM,SA1,41.19,1530.36
2026-05-07T21:15:00Z,NEM,TAS1,96.26,1221.19
2026-05-07T21:15:00Z,NEM,VIC1,29.69,6247.05
2026-05-07T21:20:00Z,NEM,NSW1,57.51,9078.19
2026-05-07T21:20:00Z,NEM,QLD1,52.94,6538.89
2026-05-07T21:20:00Z,NEM,SA1,41.94,1561.4
2026-05-07T21:20:00Z,NEM,TAS1,91.24,1231.97
2026-05-07T21:20:00Z,NEM,VIC1,29.69,6340.4
2026-05-07T21:25:00Z,NEM,NSW1,56.06,9093.3
2026-05-07T21:25:00Z,NEM,QLD1,50.97,6461.87
2026-05-07T21:25:00Z,NEM,SA1,40.86,1562.86
2026-05-07T21:25:00Z,NEM,TAS1,90.24,1232.96
2026-05-07T21:25:00Z,NEM,VIC1,29.69,6367.94
2026-05-07T21:30:00Z,NEM,NSW1,43.19,8938.2
2026-05-07T21:30:00Z,NEM,QLD1,39.71,6418.55
2026-05-07T21:30:00Z,NEM,SA1,34.88,1573.27
2026-05-07T21:30:00Z,NEM,TAS1,91.24,1230.77
2026-05-07T21:30:00Z,NEM,VIC1,29.69,6405.11
2026-05-07T21:35:00Z,NEM,NSW1,44.37,8981.71
2026-05-07T21:35:00Z,NEM,QLD1,39.71,6314.62
2026-05-07T21:35:00Z,NEM,SA1,35.79,1571.36
2026-05-07T21:35:00Z,NEM,TAS1,94.47,1243.02
2026-05-07T21:35:00Z,NEM,VIC1,29.69,6444.23
2026-05-07T21:40:00Z,NEM,NSW1,40.04,8921.14
2026-05-07T21:40:00Z,NEM,QLD1,34.46,6190.57
2026-05-07T21:40:00Z,NEM,SA1,33.81,1583.43
2026-05-07T21:40:00Z,NEM,TAS1,92.94,1236.76
2026-05-07T21:40:00Z,NEM,VIC1,29.69,6483.55
2026-05-07T21:45:00Z,NEM,NSW1,38.51,8869.63
2026-05-07T21:45:00Z,NEM,QLD1,32.4,6107.89
2026-05-07T21:45:00Z,NEM,SA1,38.06,1604.26
2026-05-07T21:45:00Z,NEM,TAS1,95.45,1231.69
2026-05-07T21:45:00Z,NEM,VIC1,34.59,6452.16
2026-05-07T21:50:00Z,NEM,NSW1,32.71,8839.05
2026-05-07T21:50:00Z,NEM,QLD1,0.89,6022.06
2026-05-07T21:50:00Z,NEM,SA1,30.96,1645.76
2026-05-07T21:50:00Z,NEM,TAS1,90.81,1252.43
2026-05-07T21:50:00Z,NEM,VIC1,29.69,6491.64
2026-05-07T21:55:00Z,NEM,NSW1,35.88,8686.65
2026-05-07T21:55:00Z,NEM,QLD1,0.89,6003.15
2026-05-07T21:55:00Z,NEM,SA1,33.72,1630.9
2026-05-07T21:55:00Z,NEM,TAS1,96.26,1254.22
2026-05-07T21:55:00Z,NEM,VIC1,29.76,6457.48
2026-05-07T22:00:00Z,NEM,NSW1,31.63,8497.97
2026-05-07T22:00:00Z,NEM,QLD1,-0.15,5891.97
2026-05-07T22:00:00Z,NEM,SA1,33.19,1656.7
2026-05-07T22:00:00Z,NEM,TAS1,96.26,1252.78
2026-05-07T22:00:00Z,NEM,VIC1,29.69,6399.94
2026-05-07T22:05:00Z,NEM,NSW1,35.88,8442.89
2026-05-07T22:05:00Z,NEM,QLD1,0.89,5853.4
2026-05-07T22:05:00Z,NEM,SA1,26.31,1675.74
2026-05-07T22:05:00Z,NEM,TAS1,96.26,1247.29
2026-05-07T22:05:00Z,NEM,VIC1,15.12,6340.63
2026-05-07T22:10:00Z,NEM,NSW1,16.08,8423.36
2026-05-07T22:10:00Z,NEM,QLD1,12.3,5836.9
2026-05-07T22:10:00Z,NEM,SA1,16.9,1677.89
2026-05-07T22:10:00Z,NEM,TAS1,91.63,1234.16
2026-05-07T22:10:00Z,NEM,VIC1,15.11,6391.64
2026-05-07T22:15:00Z,NEM,NSW1,15.85,8370.81
2026-05-07T22:15:00Z,NEM,QLD1,0.89,5738.15
2026-05-07T22:15:00Z,NEM,SA1,16.98,1673.65
2026-05-07T22:15:00Z,NEM,TAS1,89.24,1221.67
2026-05-07T22:15:00Z,NEM,VIC1,15.13,6466.11
2026-05-07T22:20:00Z,NEM,NSW1,15.1,8190.3
2026-05-07T22:20:00Z,NEM,QLD1,0.89,5692.69
2026-05-07T22:20:00Z,NEM,SA1,19.07,1689.99
2026-05-07T22:20:00Z,NEM,TAS1,89.24,1223.08
2026-05-07T22:20:00Z,NEM,VIC1,15.11,6407.72
2026-05-07T22:25:00Z,NEM,NSW1,15.32,8112.59
2026-05-07T22:25:00Z,NEM,QLD1,0.89,5693.78
2026-05-07T22:25:00Z,NEM,SA1,18.27,1683.69
2026-05-07T22:25:00Z,NEM,TAS1,89.24,1209.94
2026-05-07T22:25:00Z,NEM,VIC1,15.11,6334.3
2026-05-07T22:30:00Z,NEM,NSW1,11.23,8172.62
2026-05-07T22:30:00Z,NEM,QLD1,0.89,5599.68
2026-05-07T22:30:00Z,NEM,SA1,12.31,1677.48
2026-05-07T22:30:00Z,NEM,TAS1,88.24,1199.45
2026-05-07T22:30:00Z,NEM,VIC1,10.9,6326.72
2026-05-07T22:35:00Z,NEM,NSW1,7.09,7947.64
2026-05-07T22:35:00Z,NEM,QLD1,0.0,5395.98
2026-05-07T22:35:00Z,NEM,SA1,7.94,1678.57
2026-05-07T22:35:00Z,NEM,TAS1,84.45,1179.66
2026-05-07T22:35:00Z,NEM,VIC1,7.06,6229.12
2026-05-07T22:40:00Z,NEM,NSW1,5.05,7962.92
2026-05-07T22:40:00Z,NEM,QLD1,0.73,5367.22
2026-05-07T22:40:00Z,NEM,SA1,5.58,1667.06
2026-05-07T22:40:00Z,NEM,TAS1,82.28,1176.12
2026-05-07T22:40:00Z,NEM,VIC1,5.02,6188.57
2026-05-07T22:45:00Z,NEM,NSW1,9.71,7925.74
2026-05-07T22:45:00Z,NEM,QLD1,0.73,5343.53
2026-05-07T22:45:00Z,NEM,SA1,10.54,1658.16
2026-05-07T22:45:00Z,NEM,TAS1,87.15,1173.12
2026-05-07T22:45:00Z,NEM,VIC1,9.65,6123.45
2026-05-07T22:50:00Z,NEM,NSW1,8.85,7709.54
2026-05-07T22:50:00Z,NEM,QLD1,0.0,5226.11
2026-05-07T22:50:00Z,NEM,SA1,9.78,1664.79
2026-05-07T22:50:00Z,NEM,TAS1,86.44,1176.81
2026-05-07T22:50:00Z,NEM,VIC1,8.95,6079.81
2026-05-07T22:55:00Z,NEM,NSW1,4.96,7569.23
2026-05-07T22:55:00Z,NEM,QLD1,0.0,5099.41
2026-05-07T22:55:00Z,NEM,SA1,5.22,1626.98
2026-05-07T22:55:00Z,NEM,TAS1,82.25,1160.89
2026-05-07T22:55:00Z,NEM,VIC1,5.02,6027.73
2026-05-07T23:00:00Z,NEM,NSW1,1.03,7516.25
2026-05-07T23:00:00Z,NEM,QLD1,0.73,5095.77
2026-05-07T23:00:00Z,NEM,SA1,1.1,1608.62
2026-05-07T23:00:00Z,NEM,TAS1,78.09,1155.47
2026-05-07T23:00:00Z,NEM,VIC1,1.04,5932.22
2026-05-07T23:05:00Z,NEM,NSW1,8.9,7419.21
2026-05-07T23:05:00Z,NEM,QLD1,0.02,4907.46
2026-05-07T23:05:00Z,NEM,SA1,9.69,1621.12
2026-05-07T23:05:00Z,NEM,TAS1,86.37,1148.04
2026-05-07T23:05:00Z,NEM,VIC1,8.95,5935.31
2026-05-07T23:10:00Z,NEM,NSW1,11.1,7431.83
2026-05-07T23:10:00Z,NEM,QLD1,0.0,4910.06
2026-05-07T23:10:00Z,NEM,SA1,11.34,1617.99
2026-05-07T23:10:00Z,NEM,TAS1,88.24,1145.46
2026-05-07T23:10:00Z,NEM,VIC1,10.65,5896.76
2026-05-07T23:15:00Z,NEM,NSW1,9.31,7234.09
2026-05-07T23:15:00Z,NEM,QLD1,0.0,4775.33
2026-05-07T23:15:00Z,NEM,SA1,9.65,1610.95
2026-05-07T23:15:00Z,NEM,TAS1,86.49,1133.63
2026-05-07T23:15:00Z,NEM,VIC1,8.95,5852.94
2026-05-07T23:20:00Z,NEM,NSW1,5.19,7174.49
2026-05-07T23:20:00Z,NEM,QLD1,0.0,4766.64
2026-05-07T23:20:00Z,NEM,SA1,5.38,1600.09
2026-05-07T23:20:00Z,NEM,TAS1,82.31,1128.07
2026-05-07T23:20:00Z,NEM,VIC1,5.02,5869.74
2026-05-07T23:25:00Z,NEM,NSW1,5.3,7143.66
2026-05-07T23:25:00Z,NEM,QLD1,0.0,4632.22
2026-05-07T23:25:00Z,NEM,SA1,5.35,1603.28
2026-05-07T23:25:00Z,NEM,TAS1,82.32,1123.63
2026-05-07T23:25:00Z,NEM,VIC1,5.02,5741.3
2026-05-07T23:30:00Z,NEM,NSW1,0.98,7071.71
2026-05-07T23:30:00Z,NEM,QLD1,0.0,4640.1
2026-05-07T23:30:00Z,NEM,SA1,0.97,1577.34
2026-05-07T23:30:00Z,NEM,TAS1,77.98,1121.54
2026-05-07T23:30:00Z,NEM,VIC1,0.93,5702.92
2026-05-07T23:35:00Z,NEM,NSW1,11.3,6990.89
2026-05-07T23:35:00Z,NEM,QLD1,0.0,4587.36
2026-05-07T23:35:00Z,NEM,SA1,11.29,1560.88
2026-05-07T23:35:00Z,NEM,TAS1,88.07,1116.29
2026-05-07T23:35:00Z,NEM,VIC1,10.47,5696.53
2026-05-07T23:40:00Z,NEM,NSW1,1.14,6849.14
2026-05-07T23:40:00Z,NEM,QLD1,-1.92,4596.43
2026-05-07T23:40:00Z,NEM,SA1,1.1,1588.29
2026-05-07T23:40:00Z,NEM,TAS1,78.1,1113.31
2026-05-07T23:40:00Z,NEM,VIC1,1.04,5566.6
2026-05-07T23:45:00Z,NEM,NSW1,9.9,6877.74
2026-05-07T23:45:00Z,NEM,QLD1,-1.92,4549.17
2026-05-07T23:45:00Z,NEM,SA1,9.63,1560.12
2026-05-07T23:45:00Z,NEM,TAS1,86.44,1102.11
2026-05-07T23:45:00Z,NEM,VIC1,8.95,5527.61
2026-05-07T23:50:00Z,NEM,NSW1,5.62,6756.84
2026-05-07T23:50:00Z,NEM,QLD1,-1.92,4445.29
2026-05-07T23:50:00Z,NEM,SA1,5.28,1554.28
2026-05-07T23:50:00Z,NEM,TAS1,82.3,1099.74
2026-05-07T23:50:00Z,NEM,VIC1,5.02,5519.64
2026-05-07T23:55:00Z,NEM,NSW1,0.97,6749.4
2026-05-07T23:55:00Z,NEM,QLD1,-2.01,4336.03
2026-05-07T23:55:00Z,NEM,SA1,0.93,1542.96
2026-05-07T23:55:00Z,NEM,TAS1,77.92,1085.27
2026-05-07T23:55:00Z,NEM,VIC1,0.87,5477.37
